{"type":"FeatureCollection","features":[{"type":"Feature","geometry":{"type":"Polygon","coordinates":[[[-3.683791,40.350215,0],[-3.684011,40.350233,0],[-3.684099,40.349992,0],[-3.684177,40.349811,0],[-3.68427,40.349631,0],[-3.684335,40.349518,0],[-3.684429,40.349371,0],[-3.684462,40.349319,0],[-3.684502,40.349262,0],[-3.684668,40.34905,0],[-3.684713,40.349002,0],[-3.684764,40.348946,0],[-3.684833,40.348867,0],[-3.685081,40.348626,0],[-3.685291,40.348446,0],[-3.685554,40.348244,0],[-3.685713,40.348133,0],[-3.68592,40.348,0],[-3.686092,40.347899,0],[-3.686266,40.347802,0],[-3.686657,40.347608,0],[-3.687122,40.347397,0],[-3.68723,40.347347,0],[-3.688009,40.347071,0],[-3.69033,40.34646,0],[-3.692465,40.345921,0],[-3.692968,40.345848,0],[-3.692948,40.345123,0],[-3.692924,40.344196,0],[-3.692821,40.341884,0],[-3.69275,40.339592,0],[-3.69266,40.336333,0],[-3.69255,40.332733,0],[-3.691929,40.332803,0],[-3.691485,40.332874,0],[-3.691114,40.332951,0],[-3.690689,40.333048,0],[-3.690327,40.333144,0],[-3.689966,40.333259,0],[-3.689491,40.333413,0],[-3.688994,40.333606,0],[-3.688618,40.333777,0],[-3.688151,40.334008,0],[-3.687715,40.33425,0],[-3.687343,40.334477,0],[-3.68695,40.334747,0],[-3.686527,40.335062,0],[-3.686194,40.33535,0],[-3.685731,40.33578,0],[-3.685341,40.336214,0],[-3.684969,40.336703,0],[-3.684759,40.337005,0],[-3.684528,40.337409,0],[-3.684301,40.337875,0],[-3.684158,40.33822,0],[-3.684068,40.338474,0],[-3.683982,40.338755,0],[-3.683927,40.338979,0],[-3.68385,40.339325,0],[-3.683794,40.339697,0],[-3.683758,40.340279,0],[-3.683755,40.341498,0],[-3.683764,40.342631,0],[-3.683771,40.342743,0],[-3.683773,40.343554,0],[-3.68378,40.344323,0],[-3.683789,40.345029,0],[-3.683793,40.346122,0],[-3.683794,40.347213,0],[-3.683794,40.348879,0],[-3.683791,40.350215,0]]]},"properties":{"name":"SAN CRISTÓBAL","description":"","styleUrl":"#poly-A52714-1200-76","fill-opacity":0.2980392156862745,"fill":"#a52714","stroke-opacity":1,"stroke":"#a52714","stroke-width":1.2,"OBJECTID":"132","CODDIS":"17","NOMDIS":"Villaverde","COD_BAR":"172","NOMBRE":"San Cristóbal","Shape_Leng":"4752.82744596","COD_DIS_TX":"17","BARRIO_MAY":"SAN CRISTOBAL","COD_DISBAR":"172","NUM_BAR":"2","BARRIO_MT":"SAN CRISTÓBAL","COD_DISB":"17-2","Shape_STAr":"1082492.47218","Shape_STLe":"4752.82744597","id":"172","shape_name":"San Cristóbal","s_var_popdensity":"-0.212919651243173","s_var_carsxperson":"-1.55684488671202","comp_score":"30.1557853509708","comp_score_n":"30.1557853509708"}},{"type":"Feature","geometry":{"type":"Polygon","coordinates":[[[-3.657514,40.328926,0],[-3.657519,40.329284,0],[-3.657607,40.329839,0],[-3.657758,40.330561,0],[-3.657971,40.331044,0],[-3.658297,40.331603,0],[-3.658381,40.331868,0],[-3.658407,40.332143,0],[-3.658514,40.332501,0],[-3.658588,40.332808,0],[-3.65864,40.333389,0],[-3.658851,40.333826,0],[-3.659193,40.334201,0],[-3.659935,40.33488,0],[-3.660534,40.335407,0],[-3.660956,40.335953,0],[-3.661314,40.336484,0],[-3.66145,40.337042,0],[-3.661429,40.337592,0],[-3.661534,40.337857,0],[-3.661692,40.338086,0],[-3.662003,40.338366,0],[-3.662201,40.338542,0],[-3.662377,40.338663,0],[-3.662662,40.338838,0],[-3.662838,40.338973,0],[-3.662959,40.339176,0],[-3.663022,40.339475,0],[-3.663029,40.339878,0],[-3.66303,40.340566,0],[-3.663088,40.340813,0],[-3.663273,40.341337,0],[-3.663544,40.34188,0],[-3.663658,40.342115,0],[-3.663827,40.342343,0],[-3.66402,40.342617,0],[-3.664114,40.342832,0],[-3.664219,40.343197,0],[-3.664338,40.343472,0],[-3.664579,40.343751,0],[-3.664939,40.343973,0],[-3.665237,40.344103,0],[-3.665501,40.344151,0],[-3.666579,40.344322,0],[-3.667372,40.344518,0],[-3.66797,40.34467,0],[-3.668524,40.344802,0],[-3.668935,40.344927,0],[-3.669137,40.345048,0],[-3.669249,40.345136,0],[-3.669368,40.345236,0],[-3.66944,40.345361,0],[-3.669441,40.345503,0],[-3.669375,40.345651,0],[-3.669248,40.345797,0],[-3.669124,40.346181,0],[-3.669016,40.346784,0],[-3.669009,40.347148,0],[-3.66903,40.347419,0],[-3.669109,40.347705,0],[-3.669418,40.348624,0],[-3.669577,40.348972,0],[-3.669728,40.349186,0],[-3.669951,40.349327,0],[-3.670148,40.349437,0],[-3.670537,40.349579,0],[-3.671293,40.349762,0],[-3.672057,40.350019,0],[-3.67251,40.350204,0],[-3.672714,40.350307,0],[-3.672913,40.350438,0],[-3.673044,40.350559,0],[-3.673115,40.350624,0],[-3.673148,40.350678,0],[-3.673255,40.350914,0],[-3.673424,40.35137,0],[-3.673611,40.351875,0],[-3.673668,40.352133,0],[-3.673718,40.352475,0],[-3.673761,40.352774,0],[-3.673855,40.353014,0],[-3.674159,40.3533,0],[-3.674246,40.353335,0],[-3.674612,40.35348,0],[-3.675042,40.353614,0],[-3.675046,40.353616,0],[-3.675115,40.353625,0],[-3.675499,40.353679,0],[-3.675704,40.353739,0],[-3.675936,40.353807,0],[-3.676176,40.353984,0],[-3.676339,40.354208,0],[-3.676515,40.354588,0],[-3.676661,40.354947,0],[-3.676824,40.355476,0],[-3.677087,40.356354,0],[-3.677205,40.356817,0],[-3.677392,40.357105,0],[-3.677414,40.357139,0],[-3.677668,40.357411,0],[-3.677787,40.357478,0],[-3.678055,40.35763,0],[-3.678416,40.357766,0],[-3.678777,40.357901,0],[-3.679189,40.3581,0],[-3.679352,40.358214,0],[-3.679594,40.358408,0],[-3.679994,40.358803,0],[-3.680682,40.359537,0],[-3.680948,40.359745,0],[-3.681346,40.35932,0],[-3.681795,40.358796,0],[-3.682069,40.358486,0],[-3.682369,40.358162,0],[-3.682608,40.357884,0],[-3.682817,40.357614,0],[-3.683016,40.357333,0],[-3.683204,40.357013,0],[-3.683316,40.35681,0],[-3.683445,40.35654,0],[-3.683576,40.35621,0],[-3.683689,40.355836,0],[-3.683772,40.355495,0],[-3.68382,40.355147,0],[-3.683852,40.354824,0],[-3.683651,40.354565,0],[-3.683641,40.353866,0],[-3.683635,40.353734,0],[-3.683596,40.353604,0],[-3.683582,40.352739,0],[-3.68357,40.351477,0],[-3.683673,40.351307,0],[-3.683791,40.350215,0],[-3.683794,40.348879,0],[-3.683794,40.347213,0],[-3.683793,40.346122,0],[-3.683789,40.345029,0],[-3.68378,40.344323,0],[-3.683773,40.343554,0],[-3.683771,40.342743,0],[-3.683764,40.342631,0],[-3.683755,40.341498,0],[-3.683758,40.340279,0],[-3.683794,40.339697,0],[-3.68385,40.339325,0],[-3.683927,40.338979,0],[-3.683982,40.338755,0],[-3.684068,40.338474,0],[-3.684158,40.33822,0],[-3.684301,40.337875,0],[-3.684528,40.337409,0],[-3.684759,40.337005,0],[-3.684969,40.336703,0],[-3.685341,40.336214,0],[-3.685731,40.33578,0],[-3.686194,40.33535,0],[-3.686527,40.335062,0],[-3.68695,40.334747,0],[-3.687343,40.334477,0],[-3.687715,40.33425,0],[-3.688151,40.334008,0],[-3.688618,40.333777,0],[-3.688994,40.333606,0],[-3.689491,40.333413,0],[-3.689966,40.333259,0],[-3.690327,40.333144,0],[-3.690689,40.333048,0],[-3.691114,40.332951,0],[-3.691485,40.332874,0],[-3.691929,40.332803,0],[-3.69255,40.332733,0],[-3.692522,40.331596,0],[-3.692501,40.330876,0],[-3.692448,40.329137,0],[-3.692345,40.325827,0],[-3.692303,40.324115,0],[-3.692283,40.32317,0],[-3.692329,40.32187,0],[-3.692292,40.320586,0],[-3.692122,40.320605,0],[-3.692009,40.320639,0],[-3.691775,40.320728,0],[-3.691194,40.321015,0],[-3.69103,40.321072,0],[-3.690733,40.321159,0],[-3.690237,40.321287,0],[-3.687728,40.321966,0],[-3.687564,40.321993,0],[-3.687304,40.322023,0],[-3.686989,40.322057,0],[-3.686782,40.322074,0],[-3.686579,40.32208,0],[-3.686377,40.322095,0],[-3.686215,40.322111,0],[-3.68606,40.32213,0],[-3.685909,40.322153,0],[-3.685517,40.322214,0],[-3.685292,40.322264,0],[-3.685137,40.322309,0],[-3.684989,40.322369,0],[-3.684768,40.322473,0],[-3.684574,40.322585,0],[-3.684392,40.322685,0],[-3.684301,40.322761,0],[-3.684195,40.322854,0],[-3.684091,40.32293,0],[-3.683895,40.323073,0],[-3.683649,40.32324,0],[-3.683522,40.323321,0],[-3.683364,40.323396,0],[-3.683262,40.32344,0],[-3.683146,40.323479,0],[-3.68301,40.323514,0],[-3.682795,40.323564,0],[-3.682596,40.323615,0],[-3.682487,40.323646,0],[-3.682378,40.32368,0],[-3.682264,40.323733,0],[-3.682157,40.323794,0],[-3.682058,40.323863,0],[-3.681849,40.324014,0],[-3.68169,40.324139,0],[-3.681535,40.324253,0],[-3.681419,40.324335,0],[-3.681245,40.32444,0],[-3.681179,40.324483,0],[-3.681117,40.324528,0],[-3.681055,40.324572,0],[-3.680991,40.324637,0],[-3.680959,40.324679,0],[-3.680934,40.324718,0],[-3.680917,40.324748,0],[-3.680895,40.324821,0],[-3.680872,40.324911,0],[-3.680836,40.325017,0],[-3.680818,40.325075,0],[-3.680785,40.325175,0],[-3.680743,40.325277,0],[-3.680717,40.32533,0],[-3.68067,40.325417,0],[-3.680623,40.325496,0],[-3.680588,40.325548,0],[-3.680544,40.325605,0],[-3.680503,40.325656,0],[-3.680441,40.325729,0],[-3.680371,40.325797,0],[-3.680311,40.325853,0],[-3.680235,40.325914,0],[-3.680128,40.325994,0],[-3.680015,40.326067,0],[-3.679903,40.326134,0],[-3.679829,40.326175,0],[-3.679745,40.326213,0],[-3.679576,40.326294,0],[-3.679417,40.326359,0],[-3.679257,40.326412,0],[-3.679204,40.326429,0],[-3.679147,40.326443,0],[-3.679094,40.326447,0],[-3.67902,40.326446,0],[-3.678935,40.326434,0],[-3.678679,40.326407,0],[-3.678502,40.326398,0],[-3.678365,40.326399,0],[-3.678205,40.32641,0],[-3.678111,40.326399,0],[-3.678,40.326384,0],[-3.67782,40.326376,0],[-3.677686,40.326378,0],[-3.677508,40.326378,0],[-3.677365,40.326379,0],[-3.677237,40.326373,0],[-3.677186,40.326368,0],[-3.677096,40.326352,0],[-3.676991,40.326334,0],[-3.67689,40.326313,0],[-3.676834,40.326291,0],[-3.676726,40.326244,0],[-3.676603,40.326195,0],[-3.676421,40.326131,0],[-3.6763,40.326093,0],[-3.676102,40.326043,0],[-3.675912,40.326007,0],[-3.675802,40.325988,0],[-3.675732,40.325983,0],[-3.675654,40.325978,0],[-3.675537,40.32598,0],[-3.675284,40.325985,0],[-3.675077,40.325989,0],[-3.674864,40.325989,0],[-3.67472,40.325993,0],[-3.674509,40.326002,0],[-3.674414,40.326005,0],[-3.674281,40.325989,0],[-3.674083,40.325953,0],[-3.673792,40.325904,0],[-3.673536,40.325846,0],[-3.673275,40.325781,0],[-3.672989,40.325702,0],[-3.672681,40.325613,0],[-3.672357,40.325525,0],[-3.672114,40.325458,0],[-3.671812,40.325365,0],[-3.671566,40.325301,0],[-3.671306,40.325237,0],[-3.670995,40.32514,0],[-3.670759,40.32507,0],[-3.670495,40.324991,0],[-3.670352,40.32496,0],[-3.670248,40.324949,0],[-3.670141,40.324947,0],[-3.670074,40.324951,0],[-3.669937,40.324971,0],[-3.669787,40.324996,0],[-3.669616,40.325033,0],[-3.669518,40.325051,0],[-3.669373,40.3251,0],[-3.669184,40.325165,0],[-3.669017,40.32524,0],[-3.668861,40.325319,0],[-3.668751,40.325377,0],[-3.66851,40.325516,0],[-3.668375,40.325596,0],[-3.668305,40.325638,0],[-3.668149,40.325755,0],[-3.668037,40.325843,0],[-3.667945,40.325899,0],[-3.66786,40.325944,0],[-3.667729,40.326001,0],[-3.667504,40.326115,0],[-3.667372,40.326193,0],[-3.667315,40.326231,0],[-3.667276,40.326263,0],[-3.667239,40.326296,0],[-3.66714,40.326427,0],[-3.667066,40.326528,0],[-3.667017,40.326593,0],[-3.666922,40.326741,0],[-3.666868,40.326864,0],[-3.66685,40.326926,0],[-3.666822,40.326984,0],[-3.666791,40.327035,0],[-3.666764,40.327086,0],[-3.66674,40.32712,0],[-3.666726,40.32714,0],[-3.666665,40.327187,0],[-3.666465,40.327321,0],[-3.666218,40.327497,0],[-3.666037,40.327621,0],[-3.665774,40.327769,0],[-3.6656,40.327862,0],[-3.665487,40.327937,0],[-3.665334,40.328037,0],[-3.665223,40.328125,0],[-3.665104,40.328234,0],[-3.664952,40.328395,0],[-3.665047,40.328458,0],[-3.664134,40.328868,0],[-3.664133,40.328868,0],[-3.663834,40.329034,0],[-3.663767,40.328997,0],[-3.663727,40.328984,0],[-3.663686,40.328979,0],[-3.663647,40.328982,0],[-3.663618,40.328986,0],[-3.663585,40.328988,0],[-3.663546,40.328987,0],[-3.663514,40.328988,0],[-3.663486,40.328987,0],[-3.663445,40.328985,0],[-3.663414,40.328981,0],[-3.66338,40.32898,0],[-3.663338,40.328976,0],[-3.663273,40.328958,0],[-3.663183,40.328891,0],[-3.66304,40.32881,0],[-3.662906,40.328727,0],[-3.662758,40.32861,0],[-3.66272,40.328572,0],[-3.662656,40.328546,0],[-3.662558,40.328543,0],[-3.662501,40.328519,0],[-3.662456,40.328484,0],[-3.662335,40.328457,0],[-3.662283,40.328433,0],[-3.662202,40.328367,0],[-3.661903,40.328231,0],[-3.661735,40.328118,0],[-3.661592,40.328015,0],[-3.661495,40.327942,0],[-3.661386,40.327893,0],[-3.661271,40.327848,0],[-3.661161,40.327823,0],[-3.661063,40.327817,0],[-3.660969,40.327805,0],[-3.660847,40.3278,0],[-3.660688,40.327794,0],[-3.660537,40.327795,0],[-3.660351,40.327804,0],[-3.660158,40.327817,0],[-3.659912,40.327862,0],[-3.657514,40.328926,0]]]},"properties":{"name":"BUTARQUE","description":"","styleUrl":"#poly-757575-1200-76","fill-opacity":0.2980392156862745,"fill":"#757575","stroke-opacity":1,"stroke":"#757575","stroke-width":1.2,"OBJECTID":"133","CODDIS":"17","NOMDIS":"Villaverde","COD_BAR":"173","NOMBRE":"Butarque","Shape_Leng":"12641.91685807","COD_DIS_TX":"17","BARRIO_MAY":"BUTARQUE","COD_DISBAR":"173","NUM_BAR":"3","BARRIO_MT":"BUTARQUE","COD_DISB":"17-3","Shape_STAr":"6375521.77631","Shape_STLe":"12641.9168581","id":"173","shape_name":"Butarque","s_var_popdensity":"-1.25254736258948","s_var_carsxperson":"-0.765321805205504","comp_score":"-6.96798556151932","comp_score_n":"-6.96798556151932"}},{"type":"Feature","geometry":{"type":"Polygon","coordinates":[[[-3.692968,40.345848,0],[-3.69308,40.349592,0],[-3.693072,40.35095,0],[-3.693051,40.351702,0],[-3.693041,40.352228,0],[-3.693049,40.352785,0],[-3.693076,40.353898,0],[-3.693119,40.355073,0],[-3.693155,40.35656,0],[-3.693223,40.357816,0],[-3.693307,40.358985,0],[-3.693411,40.360032,0],[-3.693513,40.360877,0],[-3.693627,40.361727,0],[-3.694004,40.364529,0],[-3.695527,40.364516,0],[-3.696229,40.364498,0],[-3.696599,40.364481,0],[-3.69676,40.364473,0],[-3.696903,40.364462,0],[-3.697135,40.364445,0],[-3.697447,40.36442,0],[-3.698161,40.364331,0],[-3.698748,40.36424,0],[-3.69912,40.364168,0],[-3.69934,40.364126,0],[-3.700046,40.363967,0],[-3.7007,40.363826,0],[-3.700792,40.363806,0],[-3.701073,40.36376,0],[-3.701124,40.363752,0],[-3.701651,40.363672,0],[-3.702103,40.363617,0],[-3.702617,40.36358,0],[-3.703236,40.363559,0],[-3.70366,40.363565,0],[-3.704016,40.363581,0],[-3.704017,40.363581,0],[-3.704085,40.363584,0],[-3.704281,40.3636,0],[-3.704504,40.363618,0],[-3.704901,40.363655,0],[-3.705146,40.363681,0],[-3.706057,40.359832,0],[-3.70649,40.358162,0],[-3.706603,40.35769,0],[-3.706836,40.356878,0],[-3.706991,40.356022,0],[-3.707063,40.355519,0],[-3.707067,40.354901,0],[-3.706896,40.354215,0],[-3.706726,40.35378,0],[-3.706328,40.353111,0],[-3.705991,40.352745,0],[-3.70577,40.352533,0],[-3.705145,40.352056,0],[-3.704888,40.35185,0],[-3.703145,40.350465,0],[-3.70256,40.350002,0],[-3.700714,40.348568,0],[-3.699055,40.347266,0],[-3.698361,40.346734,0],[-3.697912,40.346457,0],[-3.697578,40.346288,0],[-3.697187,40.346113,0],[-3.696827,40.345986,0],[-3.696336,40.345846,0],[-3.695808,40.345767,0],[-3.694944,40.345675,0],[-3.6945,40.345657,0],[-3.694107,40.345637,0],[-3.693391,40.345791,0],[-3.692968,40.345848,0]]]},"properties":{"name":"ÁNGELES","description":"","styleUrl":"#poly-E65100-1200-76","fill-opacity":0.2980392156862745,"fill":"#e65100","stroke-opacity":1,"stroke":"#e65100","stroke-width":1.2,"OBJECTID":"134","CODDIS":"17","NOMDIS":"Villaverde","COD_BAR":"175","NOMBRE":"Ángeles","Shape_Leng":"5703.9988152","COD_DIS_TX":"17","BARRIO_MAY":"ANGELES","COD_DISBAR":"175","NUM_BAR":"5","BARRIO_MT":"ÁNGELES","COD_DISB":"17-5","Shape_STAr":"1935271.49008","Shape_STLe":"5703.9988152","id":"175","shape_name":"Ángeles","s_var_popdensity":"-0.0445741033974124","s_var_carsxperson":"-0.241692003007615","comp_score":"11.1554227170002","comp_score_n":"11.1554227170002"}},{"type":"Feature","geometry":{"type":"Polygon","coordinates":[[[-3.681925,40.361296,0],[-3.683141,40.36173,0],[-3.685404,40.362544,0],[-3.68724,40.3632,0],[-3.689025,40.363794,0],[-3.689443,40.363909,0],[-3.690045,40.364059,0],[-3.690615,40.364173,0],[-3.691248,40.36427,0],[-3.691652,40.364318,0],[-3.692229,40.364385,0],[-3.693244,40.364465,0],[-3.69387,40.364518,0],[-3.694004,40.364529,0],[-3.693627,40.361727,0],[-3.693513,40.360877,0],[-3.693411,40.360032,0],[-3.693307,40.358985,0],[-3.693223,40.357816,0],[-3.693155,40.35656,0],[-3.693119,40.355073,0],[-3.693076,40.353898,0],[-3.693049,40.352785,0],[-3.693041,40.352228,0],[-3.693051,40.351702,0],[-3.693072,40.35095,0],[-3.69308,40.349592,0],[-3.692968,40.345848,0],[-3.692465,40.345921,0],[-3.69033,40.34646,0],[-3.688009,40.347071,0],[-3.68723,40.347347,0],[-3.687122,40.347397,0],[-3.686657,40.347608,0],[-3.686266,40.347802,0],[-3.686092,40.347899,0],[-3.68592,40.348,0],[-3.685713,40.348133,0],[-3.685554,40.348244,0],[-3.685291,40.348446,0],[-3.685081,40.348626,0],[-3.684833,40.348867,0],[-3.684764,40.348946,0],[-3.684713,40.349002,0],[-3.684668,40.34905,0],[-3.684502,40.349262,0],[-3.684462,40.349319,0],[-3.684429,40.349371,0],[-3.684335,40.349518,0],[-3.68427,40.349631,0],[-3.684177,40.349811,0],[-3.684099,40.349992,0],[-3.684011,40.350233,0],[-3.683791,40.350215,0],[-3.683673,40.351307,0],[-3.68357,40.351477,0],[-3.683582,40.352739,0],[-3.683596,40.353604,0],[-3.683635,40.353734,0],[-3.683641,40.353866,0],[-3.683651,40.354565,0],[-3.683852,40.354824,0],[-3.68382,40.355147,0],[-3.683772,40.355495,0],[-3.683689,40.355836,0],[-3.683576,40.35621,0],[-3.683445,40.35654,0],[-3.683316,40.35681,0],[-3.683204,40.357013,0],[-3.683016,40.357333,0],[-3.682817,40.357614,0],[-3.682608,40.357884,0],[-3.682369,40.358162,0],[-3.682069,40.358486,0],[-3.681795,40.358796,0],[-3.681346,40.35932,0],[-3.680948,40.359745,0],[-3.681319,40.359917,0],[-3.681467,40.360088,0],[-3.681509,40.360185,0],[-3.681522,40.360216,0],[-3.681925,40.361296,0]]]},"properties":{"name":"LOS ROSALES","description":"","styleUrl":"#poly-E65100-1200-76","fill-opacity":0.2980392156862745,"fill":"#e65100","stroke-opacity":1,"stroke":"#e65100","stroke-width":1.2,"OBJECTID":"135","CODDIS":"17","NOMDIS":"Villaverde","COD_BAR":"174","NOMBRE":"Los Rosales","Shape_Leng":"5470.26262759","COD_DIS_TX":"17","BARRIO_MAY":"LOS ROSALES","COD_DISBAR":"174","NUM_BAR":"4","BARRIO_MT":"LOS ROSALES","COD_DISB":"17-4","Shape_STAr":"1540746.76095","Shape_STLe":"5470.26262759","id":"174","shape_name":"Los Rosales","s_var_popdensity":"0.494825441157325","s_var_carsxperson":"-0.357743532764611","comp_score":"9.36903210489711","comp_score_n":"9.36903210489711"}},{"type":"Feature","geometry":{"type":"Polygon","coordinates":[[[-3.705146,40.363681,0],[-3.706367,40.363817,0],[-3.707097,40.363881,0],[-3.707102,40.363881,0],[-3.707988,40.363938,0],[-3.708094,40.363943,0],[-3.709766,40.364022,0],[-3.714153,40.364359,0],[-3.720984,40.364785,0],[-3.720985,40.364785,0],[-3.721164,40.363324,0],[-3.721778,40.358931,0],[-3.72241,40.354331,0],[-3.723503,40.345544,0],[-3.723994,40.341887,0],[-3.724419,40.338749,0],[-3.724926,40.334986,0],[-3.723666,40.333553,0],[-3.720169,40.330807,0],[-3.714445,40.328059,0],[-3.712908,40.325629,0],[-3.712543,40.323494,0],[-3.710078,40.323401,0],[-3.708041,40.323014,0],[-3.703125,40.322121,0],[-3.699625,40.322347,0],[-3.696162,40.322218,0],[-3.693019,40.320109,0],[-3.692798,40.320234,0],[-3.692573,40.320397,0],[-3.692454,40.320491,0],[-3.692383,40.320551,0],[-3.692345,40.320572,0],[-3.692299,40.320586,0],[-3.692292,40.320586,0],[-3.692329,40.32187,0],[-3.692283,40.32317,0],[-3.692303,40.324115,0],[-3.692345,40.325827,0],[-3.692448,40.329137,0],[-3.692501,40.330876,0],[-3.692522,40.331596,0],[-3.69255,40.332733,0],[-3.69266,40.336333,0],[-3.69275,40.339592,0],[-3.692821,40.341884,0],[-3.692924,40.344196,0],[-3.692948,40.345123,0],[-3.692968,40.345848,0],[-3.693391,40.345791,0],[-3.694107,40.345637,0],[-3.6945,40.345657,0],[-3.694944,40.345675,0],[-3.695808,40.345767,0],[-3.696336,40.345846,0],[-3.696827,40.345986,0],[-3.697187,40.346113,0],[-3.697578,40.346288,0],[-3.697912,40.346457,0],[-3.698361,40.346734,0],[-3.699055,40.347266,0],[-3.700714,40.348568,0],[-3.70256,40.350002,0],[-3.703145,40.350465,0],[-3.704888,40.35185,0],[-3.705145,40.352056,0],[-3.70577,40.352533,0],[-3.705991,40.352745,0],[-3.706328,40.353111,0],[-3.706726,40.35378,0],[-3.706896,40.354215,0],[-3.707067,40.354901,0],[-3.707063,40.355519,0],[-3.706991,40.356022,0],[-3.706836,40.356878,0],[-3.706603,40.35769,0],[-3.70649,40.358162,0],[-3.706057,40.359832,0],[-3.705146,40.363681,0]]]},"properties":{"name":"VILLAVERDE ALTO, CASCO HISTÓRICO DE VILLAVERDE","description":"","styleUrl":"#poly-FFD600-1200-76","fill-opacity":0.2980392156862745,"fill":"#ffd600","stroke-opacity":1,"stroke":"#ffd600","stroke-width":1.2,"OBJECTID":"136","CODDIS":"17","NOMDIS":"Villaverde","COD_BAR":"171","NOMBRE":"Villaverde Alto - Casco Histórico de Villaverde","Shape_Leng":"13726.66050312","COD_DIS_TX":"17","BARRIO_MAY":"VILLAVERDE ALTO - CASCO HISTORICO DE VILLAVERDE","COD_DISBAR":"171","NUM_BAR":"1","BARRIO_MT":"VILLAVERDE ALTO - CASCO HISTÓRICO DE VILLAVERDE","COD_DISB":"17-1","Shape_STAr":"9253553.84107","Shape_STLe":"13726.6605031","id":"171","shape_name":"Villaverde Alto - Casco Histórico de Villaverde","s_var_popdensity":"-1.10217367727913","s_var_carsxperson":"-0.51676936803332","comp_score":"0.705589617462692","comp_score_n":"0.705589617462692"}},{"type":"Feature","geometry":{"type":"Polygon","coordinates":[[[-3.712322,40.373342,0],[-3.712635,40.373401,0],[-3.713296,40.373542,0],[-3.714492,40.373797,0],[-3.71669,40.373826,0],[-3.716885,40.373826,0],[-3.718499,40.373831,0],[-3.719764,40.373809,0],[-3.720194,40.370691,0],[-3.720437,40.367873,0],[-3.720717,40.366442,0],[-3.720891,40.365548,0],[-3.720985,40.364785,0],[-3.720984,40.364785,0],[-3.714153,40.364359,0],[-3.709766,40.364022,0],[-3.708094,40.363943,0],[-3.707988,40.363938,0],[-3.707102,40.363881,0],[-3.707097,40.363881,0],[-3.706367,40.363817,0],[-3.705146,40.363681,0],[-3.704901,40.363655,0],[-3.704371,40.365535,0],[-3.704137,40.366411,0],[-3.703845,40.367644,0],[-3.703456,40.369282,0],[-3.703399,40.369507,0],[-3.703113,40.370566,0],[-3.703453,40.371157,0],[-3.70416,40.371198,0],[-3.704911,40.37136,0],[-3.706808,40.371869,0],[-3.708789,40.372403,0],[-3.710774,40.372932,0],[-3.712322,40.373342,0]]]},"properties":{"name":"ORCASITAS","description":"","styleUrl":"#poly-757575-1200-76","fill-opacity":0.2980392156862745,"fill":"#757575","stroke-opacity":1,"stroke":"#757575","stroke-width":1.2,"OBJECTID":"137","CODDIS":"12","NOMDIS":"Usera","COD_BAR":"121","NOMBRE":"Orcasitas","Shape_Leng":"4664.66743564","COD_DIS_TX":"12","BARRIO_MAY":"ORCASITAS","COD_DISBAR":"121","NUM_BAR":"1","BARRIO_MT":"ORCASITAS","COD_DISB":"12-1","Shape_STAr":"1356362.7318","Shape_STLe":"4664.66743564","id":"121","shape_name":"Orcasitas","s_var_popdensity":"-0.125048529438725","s_var_carsxperson":"0.0563117935522919","comp_score":"-10.1456617529264","comp_score_n":"-10.1456617529264"}},{"type":"Feature","geometry":{"type":"Polygon","coordinates":[[[-3.600701,40.376712,0],[-3.60101,40.376565,0],[-3.601238,40.376462,0],[-3.601376,40.376405,0],[-3.601544,40.37635,0],[-3.601658,40.376321,0],[-3.601785,40.376299,0],[-3.601914,40.376287,0],[-3.602285,40.37627,0],[-3.602431,40.376254,0],[-3.602576,40.376229,0],[-3.602786,40.376175,0],[-3.603079,40.376085,0],[-3.603482,40.375929,0],[-3.603932,40.376113,0],[-3.605792,40.376846,0],[-3.607891,40.377681,0],[-3.609377,40.378263,0],[-3.610035,40.378527,0],[-3.610652,40.378755,0],[-3.611086,40.378884,0],[-3.611526,40.378994,0],[-3.611866,40.379056,0],[-3.612152,40.379104,0],[-3.612694,40.379164,0],[-3.613662,40.379245,0],[-3.613669,40.379245,0],[-3.613765,40.378952,0],[-3.613885,40.378641,0],[-3.614213,40.377812,0],[-3.615036,40.375677,0],[-3.615177,40.375316,0],[-3.615311,40.374981,0],[-3.61552,40.374442,0],[-3.615601,40.374221,0],[-3.615656,40.374043,0],[-3.615712,40.373766,0],[-3.615731,40.373526,0],[-3.615729,40.373299,0],[-3.615716,40.373134,0],[-3.615652,40.372811,0],[-3.61555,40.372502,0],[-3.615385,40.37216,0],[-3.615279,40.372,0],[-3.616152,40.371613,0],[-3.615473,40.37066,0],[-3.617191,40.369893,0],[-3.617674,40.369733,0],[-3.619051,40.369479,0],[-3.620956,40.3692,0],[-3.621601,40.369102,0],[-3.623829,40.368711,0],[-3.623813,40.368963,0],[-3.623879,40.369072,0],[-3.624177,40.369671,0],[-3.624372,40.370063,0],[-3.624658,40.370665,0],[-3.625025,40.371448,0],[-3.625135,40.371659,0],[-3.625172,40.371716,0],[-3.625189,40.371738,0],[-3.625227,40.37179,0],[-3.625265,40.371834,0],[-3.625433,40.371978,0],[-3.625527,40.372057,0],[-3.625705,40.372221,0],[-3.625762,40.372272,0],[-3.624811,40.373064,0],[-3.626552,40.374296,0],[-3.626553,40.374296,0],[-3.625845,40.374872,0],[-3.625041,40.375525,0],[-3.62474,40.37582,0],[-3.624693,40.375929,0],[-3.624805,40.375983,0],[-3.625052,40.376059,0],[-3.625248,40.376155,0],[-3.625697,40.376548,0],[-3.626232,40.377,0],[-3.626616,40.377359,0],[-3.626834,40.377323,0],[-3.627127,40.377304,0],[-3.627317,40.37729,0],[-3.627891,40.37725,0],[-3.628187,40.37723,0],[-3.628333,40.377225,0],[-3.628396,40.377224,0],[-3.628822,40.377205,0],[-3.629149,40.377194,0],[-3.629419,40.377185,0],[-3.629703,40.377174,0],[-3.629794,40.377171,0],[-3.63,40.377123,0],[-3.630294,40.376911,0],[-3.630566,40.376702,0],[-3.631192,40.376258,0],[-3.631379,40.376124,0],[-3.631561,40.376004,0],[-3.631749,40.375875,0],[-3.631958,40.375739,0],[-3.63219,40.375592,0],[-3.632426,40.375459,0],[-3.63257,40.375384,0],[-3.632573,40.374795,0],[-3.632565,40.373931,0],[-3.632557,40.373055,0],[-3.632555,40.372811,0],[-3.632546,40.371691,0],[-3.63254,40.37106,0],[-3.632533,40.370251,0],[-3.63169,40.369836,0],[-3.629484,40.368747,0],[-3.625813,40.366942,0],[-3.625561,40.366801,0],[-3.619483,40.363824,0],[-3.612485,40.360347,0],[-3.60905,40.363891,0],[-3.606118,40.36245,0],[-3.604196,40.361512,0],[-3.603878,40.361356,0],[-3.603504,40.361073,0],[-3.603295,40.360843,0],[-3.603045,40.360518,0],[-3.60278,40.360192,0],[-3.602461,40.359857,0],[-3.602016,40.359396,0],[-3.601572,40.35904,0],[-3.601115,40.358674,0],[-3.600713,40.358413,0],[-3.600201,40.358121,0],[-3.599717,40.35786,0],[-3.599192,40.35762,0],[-3.598695,40.357412,0],[-3.598115,40.357215,0],[-3.597563,40.357071,0],[-3.594858,40.356347,0],[-3.592141,40.355656,0],[-3.592126,40.355652,0],[-3.592402,40.355307,0],[-3.59251,40.355125,0],[-3.592554,40.354989,0],[-3.592572,40.354817,0],[-3.592541,40.354652,0],[-3.592499,40.354531,0],[-3.592445,40.354437,0],[-3.59239,40.354365,0],[-3.592294,40.354268,0],[-3.592204,40.354187,0],[-3.592062,40.354105,0],[-3.591909,40.35404,0],[-3.591709,40.35398,0],[-3.590657,40.35371,0],[-3.58967,40.353452,0],[-3.589349,40.353356,0],[-3.589246,40.353307,0],[-3.589165,40.353269,0],[-3.588856,40.353085,0],[-3.588498,40.352851,0],[-3.588362,40.352769,0],[-3.588275,40.352726,0],[-3.588202,40.35269,0],[-3.588076,40.352647,0],[-3.587819,40.352587,0],[-3.58696,40.352445,0],[-3.585694,40.352226,0],[-3.58373,40.352023,0],[-3.583519,40.352646,0],[-3.583395,40.352965,0],[-3.583139,40.35357,0],[-3.58288,40.35426,0],[-3.582666,40.354827,0],[-3.5825,40.355321,0],[-3.582312,40.355922,0],[-3.582138,40.356402,0],[-3.581917,40.357013,0],[-3.581871,40.35717,0],[-3.581764,40.357485,0],[-3.581681,40.357726,0],[-3.581562,40.35804,0],[-3.581449,40.358323,0],[-3.581408,40.358475,0],[-3.581306,40.358676,0],[-3.581206,40.358872,0],[-3.581103,40.35919,0],[-3.581037,40.35929,0],[-3.580909,40.359467,0],[-3.580794,40.359665,0],[-3.58074,40.359766,0],[-3.580713,40.359872,0],[-3.580651,40.360097,0],[-3.580614,40.360184,0],[-3.58055,40.360313,0],[-3.580422,40.36044,0],[-3.580321,40.360579,0],[-3.580239,40.360736,0],[-3.580207,40.360796,0],[-3.580167,40.360839,0],[-3.580021,40.360976,0],[-3.579882,40.36114,0],[-3.579846,40.361213,0],[-3.579829,40.361268,0],[-3.579814,40.361328,0],[-3.5798,40.361388,0],[-3.579789,40.36146,0],[-3.579785,40.361496,0],[-3.57978,40.36154,0],[-3.579778,40.361591,0],[-3.579774,40.361654,0],[-3.57977,40.36172,0],[-3.579759,40.361775,0],[-3.579752,40.361803,0],[-3.579743,40.361845,0],[-3.579677,40.36193,0],[-3.579637,40.361968,0],[-3.579705,40.36203,0],[-3.579916,40.362187,0],[-3.580188,40.3624,0],[-3.580344,40.362532,0],[-3.580445,40.362641,0],[-3.580516,40.362736,0],[-3.580551,40.36283,0],[-3.580558,40.362909,0],[-3.580545,40.362983,0],[-3.580532,40.363005,0],[-3.580497,40.363032,0],[-3.580477,40.363043,0],[-3.580209,40.363154,0],[-3.579472,40.363425,0],[-3.578872,40.363652,0],[-3.578646,40.363742,0],[-3.578508,40.363831,0],[-3.578259,40.364017,0],[-3.577995,40.364217,0],[-3.577642,40.364486,0],[-3.57734,40.364716,0],[-3.577056,40.364905,0],[-3.576762,40.365153,0],[-3.576228,40.365739,0],[-3.576752,40.36609,0],[-3.577017,40.366255,0],[-3.577412,40.36648,0],[-3.577679,40.36661,0],[-3.577952,40.366724,0],[-3.57827,40.366848,0],[-3.578554,40.366938,0],[-3.578926,40.367028,0],[-3.579295,40.367094,0],[-3.579652,40.367143,0],[-3.58011,40.367176,0],[-3.581595,40.36724,0],[-3.582514,40.367268,0],[-3.583321,40.367311,0],[-3.583802,40.367362,0],[-3.584322,40.367458,0],[-3.584893,40.367612,0],[-3.585251,40.367755,0],[-3.585593,40.367896,0],[-3.58594,40.368069,0],[-3.587723,40.369006,0],[-3.589391,40.369842,0],[-3.590753,40.370472,0],[-3.592251,40.37119,0],[-3.595657,40.37283,0],[-3.597419,40.373676,0],[-3.598403,40.374168,0],[-3.598667,40.374323,0],[-3.598831,40.374428,0],[-3.599023,40.374556,0],[-3.599241,40.374719,0],[-3.599517,40.374956,0],[-3.599778,40.375231,0],[-3.600012,40.375525,0],[-3.600215,40.375821,0],[-3.600701,40.376712,0]]]},"properties":{"name":"ENSANCHE DE VALLECAS","description":"","styleUrl":"#poly-FFD600-1200-76","fill-opacity":0.2980392156862745,"fill":"#ffd600","stroke-opacity":1,"stroke":"#ffd600","stroke-width":1.2,"OBJECTID":"138","CODDIS":"18","NOMDIS":"Villa de Vallecas","COD_BAR":"183","NOMBRE":"Ensanche de Vallecas","Shape_Leng":"14866.71358646","COD_DIS_TX":"18","BARRIO_MAY":"ENSANCHE DE VALLECAS","COD_DISBAR":"183","NUM_BAR":"3","BARRIO_MT":"ENSANCHE DE VALLECAS","COD_DISB":"18-3","Shape_STAr":"6341118.96189","Shape_STLe":"14866.7135865","id":"183","shape_name":"Ensanche de Vallecas","s_var_popdensity":"-0.836421593221685","s_var_carsxperson":"-1.46802011402979","comp_score":"-2.83364807438337","comp_score_n":"-2.83364807438337"}},{"type":"Feature","geometry":{"type":"Polygon","coordinates":[[[-3.750791,40.375827,0],[-3.752053,40.376353,0],[-3.753265,40.376877,0],[-3.753201,40.376981,0],[-3.753402,40.377023,0],[-3.753506,40.377045,0],[-3.75354,40.377052,0],[-3.753865,40.377174,0],[-3.754267,40.37737,0],[-3.754854,40.377655,0],[-3.754943,40.37771,0],[-3.755148,40.377835,0],[-3.755505,40.378096,0],[-3.755529,40.378114,0],[-3.755946,40.378548,0],[-3.75595,40.378552,0],[-3.756772,40.377996,0],[-3.757242,40.377474,0],[-3.757422,40.377174,0],[-3.757582,40.376909,0],[-3.757751,40.376538,0],[-3.757814,40.376313,0],[-3.757862,40.37614,0],[-3.757911,40.375919,0],[-3.75793,40.375831,0],[-3.757877,40.37554,0],[-3.75889,40.37523,0],[-3.760016,40.374885,0],[-3.761845,40.374436,0],[-3.762247,40.372623,0],[-3.762943,40.369022,0],[-3.762909,40.368786,0],[-3.762159,40.36749,0],[-3.761806,40.366896,0],[-3.763683,40.365778,0],[-3.76672,40.364093,0],[-3.768961,40.362048,0],[-3.770525,40.360621,0],[-3.770745,40.360547,0],[-3.771624,40.359825,0],[-3.771149,40.359863,0],[-3.766248,40.358766,0],[-3.761519,40.357941,0],[-3.757707,40.357261,0],[-3.754416,40.357987,0],[-3.750365,40.358959,0],[-3.746675,40.359778,0],[-3.743384,40.36047,0],[-3.738556,40.361547,0],[-3.734127,40.362551,0],[-3.730557,40.363345,0],[-3.727115,40.364542,0],[-3.72346,40.365372,0],[-3.720891,40.365548,0],[-3.720717,40.366442,0],[-3.720437,40.367873,0],[-3.720194,40.370691,0],[-3.719764,40.373809,0],[-3.722713,40.373606,0],[-3.726431,40.373347,0],[-3.727626,40.373273,0],[-3.728874,40.373197,0],[-3.729373,40.373246,0],[-3.729978,40.373306,0],[-3.731431,40.37345,0],[-3.731947,40.3735,0],[-3.733918,40.373692,0],[-3.73392,40.373692,0],[-3.734658,40.373742,0],[-3.734861,40.373756,0],[-3.735777,40.373831,0],[-3.736025,40.373852,0],[-3.736066,40.373852,0],[-3.736107,40.373853,0],[-3.736248,40.373855,0],[-3.736442,40.373858,0],[-3.736704,40.373862,0],[-3.736802,40.373863,0],[-3.737331,40.373841,0],[-3.737561,40.373832,0],[-3.738307,40.373801,0],[-3.73839,40.373797,0],[-3.738731,40.373784,0],[-3.739194,40.373771,0],[-3.73965,40.373731,0],[-3.740479,40.373623,0],[-3.740748,40.37356,0],[-3.741295,40.373431,0],[-3.741446,40.373401,0],[-3.742047,40.373283,0],[-3.742663,40.373137,0],[-3.743369,40.372969,0],[-3.743923,40.372845,0],[-3.744321,40.372868,0],[-3.744576,40.372891,0],[-3.744703,40.372903,0],[-3.744785,40.372909,0],[-3.744969,40.372921,0],[-3.745591,40.372929,0],[-3.746653,40.372884,0],[-3.746777,40.372905,0],[-3.747018,40.372945,0],[-3.747158,40.373005,0],[-3.747735,40.373252,0],[-3.748243,40.37339,0],[-3.748917,40.373574,0],[-3.748992,40.373608,0],[-3.749183,40.373693,0],[-3.749442,40.37385,0],[-3.749526,40.3739,0],[-3.749643,40.373969,0],[-3.749646,40.373973,0],[-3.749651,40.373981,0],[-3.749755,40.374122,0],[-3.749777,40.374152,0],[-3.750366,40.374136,0],[-3.750358,40.374155,0],[-3.75031,40.374271,0],[-3.750277,40.374352,0],[-3.750267,40.374388,0],[-3.750222,40.374549,0],[-3.750193,40.374697,0],[-3.75019,40.374714,0],[-3.750258,40.374821,0],[-3.750333,40.374921,0],[-3.750771,40.375497,0],[-3.750791,40.375827,0]]]},"properties":{"name":"BUENAVISTA","description":"","styleUrl":"#poly-757575-1200-76","fill-opacity":0.2980392156862745,"fill":"#757575","stroke-opacity":1,"stroke":"#757575","stroke-width":1.2,"OBJECTID":"139","CODDIS":"11","NOMDIS":"Carabanchel","COD_BAR":"116","NOMBRE":"Buenavista","Shape_Leng":"11586.85546152","COD_DIS_TX":"11","BARRIO_MAY":"BUENAVISTA","COD_DISBAR":"116","NUM_BAR":"6","BARRIO_MT":"BUENAVISTA","COD_DISB":"11-6","Shape_STAr":"5613180.40224","Shape_STLe":"11586.8554615","id":"116","shape_name":"Buenavista","s_var_popdensity":"-0.806296948289185","s_var_carsxperson":"-0.214121401520801","comp_score":"-11.7571474125805","comp_score_n":"-11.7571474125805"}},{"type":"Feature","geometry":{"type":"Polygon","coordinates":[[[-3.762247,40.372623,0],[-3.765642,40.37313,0],[-3.768124,40.373541,0],[-3.769323,40.373729,0],[-3.770082,40.373848,0],[-3.773281,40.37435,0],[-3.77528,40.374664,0],[-3.77622,40.374813,0],[-3.776855,40.374914,0],[-3.778011,40.375095,0],[-3.779316,40.375302,0],[-3.780166,40.375435,0],[-3.780575,40.3755,0],[-3.780973,40.375565,0],[-3.781449,40.375663,0],[-3.781798,40.375759,0],[-3.781999,40.37585,0],[-3.782145,40.375942,0],[-3.782271,40.376016,0],[-3.782382,40.376115,0],[-3.782534,40.376248,0],[-3.78264,40.376362,0],[-3.783347,40.377313,0],[-3.783767,40.377874,0],[-3.784251,40.378897,0],[-3.784521,40.379592,0],[-3.784967,40.380142,0],[-3.785288,40.38048,0],[-3.785307,40.3805,0],[-3.787698,40.381674,0],[-3.788576,40.381041,0],[-3.792166,40.378236,0],[-3.796346,40.374991,0],[-3.80094,40.371484,0],[-3.80693,40.366453,0],[-3.804211,40.364461,0],[-3.804093,40.364369,0],[-3.803941,40.36423,0],[-3.803848,40.364143,0],[-3.803741,40.36405,0],[-3.803629,40.363956,0],[-3.803553,40.363887,0],[-3.803462,40.363806,0],[-3.803396,40.363744,0],[-3.803325,40.363685,0],[-3.80325,40.363624,0],[-3.803163,40.363555,0],[-3.803095,40.363498,0],[-3.803012,40.363436,0],[-3.8029,40.363354,0],[-3.802858,40.363332,0],[-3.802679,40.363287,0],[-3.802537,40.363255,0],[-3.802054,40.363158,0],[-3.801842,40.363108,0],[-3.80154,40.363048,0],[-3.801364,40.363003,0],[-3.801122,40.362951,0],[-3.800824,40.36289,0],[-3.800487,40.36281,0],[-3.800204,40.362742,0],[-3.799882,40.362674,0],[-3.799612,40.362623,0],[-3.799262,40.362561,0],[-3.799002,40.362525,0],[-3.798749,40.362504,0],[-3.798511,40.362471,0],[-3.798185,40.362417,0],[-3.797842,40.362361,0],[-3.797513,40.362312,0],[-3.797315,40.362274,0],[-3.797135,40.362246,0],[-3.796968,40.362218,0],[-3.796869,40.3622,0],[-3.796727,40.36217,0],[-3.796501,40.362122,0],[-3.796236,40.36208,0],[-3.796023,40.362027,0],[-3.795826,40.361971,0],[-3.795607,40.361894,0],[-3.795413,40.361835,0],[-3.795213,40.361768,0],[-3.795082,40.361716,0],[-3.794725,40.361597,0],[-3.794249,40.361417,0],[-3.794002,40.361349,0],[-3.793751,40.361268,0],[-3.793571,40.361184,0],[-3.793414,40.361109,0],[-3.79322,40.361011,0],[-3.793007,40.360903,0],[-3.792786,40.360782,0],[-3.792645,40.360708,0],[-3.792519,40.360637,0],[-3.792413,40.360581,0],[-3.792309,40.36053,0],[-3.792143,40.360448,0],[-3.791985,40.360371,0],[-3.791841,40.360298,0],[-3.791613,40.360196,0],[-3.791386,40.360103,0],[-3.791133,40.359998,0],[-3.790817,40.359863,0],[-3.790314,40.359659,0],[-3.789925,40.3595,0],[-3.789484,40.359321,0],[-3.788907,40.359094,0],[-3.788419,40.358911,0],[-3.788045,40.358769,0],[-3.787909,40.358727,0],[-3.787841,40.358706,0],[-3.787765,40.358696,0],[-3.787506,40.358757,0],[-3.787392,40.358795,0],[-3.78722,40.358861,0],[-3.787081,40.358918,0],[-3.786874,40.359018,0],[-3.786678,40.359106,0],[-3.786018,40.359403,0],[-3.785593,40.359586,0],[-3.785143,40.359779,0],[-3.784868,40.359893,0],[-3.78471,40.359953,0],[-3.784459,40.360095,0],[-3.784078,40.36028,0],[-3.783818,40.360407,0],[-3.783393,40.360607,0],[-3.782932,40.360832,0],[-3.782493,40.361052,0],[-3.781997,40.361279,0],[-3.781855,40.361348,0],[-3.781702,40.361416,0],[-3.78163,40.361454,0],[-3.781551,40.361489,0],[-3.781451,40.361529,0],[-3.781353,40.361556,0],[-3.781238,40.361576,0],[-3.781124,40.361582,0],[-3.781015,40.361601,0],[-3.780934,40.361625,0],[-3.780769,40.361683,0],[-3.780318,40.361865,0],[-3.776747,40.361274,0],[-3.773431,40.360545,0],[-3.772354,40.359766,0],[-3.771624,40.359825,0],[-3.770745,40.360547,0],[-3.770525,40.360621,0],[-3.768961,40.362048,0],[-3.76672,40.364093,0],[-3.763683,40.365778,0],[-3.761806,40.366896,0],[-3.762159,40.36749,0],[-3.762909,40.368786,0],[-3.762943,40.369022,0],[-3.762247,40.372623,0]]]},"properties":{"name":"CUATRO VIENTOS","description":"","styleUrl":"#poly-BDBDBD-1200-76","fill-opacity":0.2980392156862745,"fill":"#bdbdbd","stroke-opacity":1,"stroke":"#bdbdbd","stroke-width":1.2,"OBJECTID":"140","CODDIS":"10","NOMDIS":"Latina","COD_BAR":"106","NOMBRE":"Cuatro Vientos","Shape_Leng":"10117.75419449","COD_DIS_TX":"10","BARRIO_MAY":"CUATRO VIENTOS","COD_DISBAR":"106","NUM_BAR":"6","BARRIO_MT":"CUATRO VIENTOS","COD_DISB":"10-6","Shape_STAr":"5430118.61157","Shape_STLe":"10117.7541945","id":"106","shape_name":"Cuatro Vientos","s_var_popdensity":"-1.43523721348545","s_var_carsxperson":"-0.227902439547198","comp_score":"-19.930508620438","comp_score_n":"-19.930508620438"}},{"type":"Feature","geometry":{"type":"Polygon","coordinates":[[[-3.681925,40.361296,0],[-3.68275,40.36336,0],[-3.683082,40.364182,0],[-3.683145,40.364491,0],[-3.683148,40.364736,0],[-3.683107,40.364912,0],[-3.683011,40.36516,0],[-3.682875,40.365444,0],[-3.682788,40.365554,0],[-3.682695,40.36567,0],[-3.682537,40.365821,0],[-3.682257,40.36598,0],[-3.682001,40.366161,0],[-3.681815,40.366398,0],[-3.681752,40.366622,0],[-3.681736,40.366805,0],[-3.681754,40.367063,0],[-3.681791,40.367354,0],[-3.681858,40.367515,0],[-3.682268,40.368642,0],[-3.68235,40.36898,0],[-3.68236,40.36915,0],[-3.682346,40.369332,0],[-3.682295,40.369495,0],[-3.682271,40.369663,0],[-3.682278,40.369837,0],[-3.68234,40.370026,0],[-3.682462,40.370267,0],[-3.682586,40.370419,0],[-3.682776,40.370592,0],[-3.683046,40.370788,0],[-3.683524,40.37102,0],[-3.684272,40.371289,0],[-3.684913,40.371483,0],[-3.685319,40.371594,0],[-3.685562,40.371645,0],[-3.685748,40.3717,0],[-3.685884,40.371745,0],[-3.686049,40.371816,0],[-3.686162,40.371891,0],[-3.686233,40.371954,0],[-3.686333,40.372065,0],[-3.68642,40.372172,0],[-3.686511,40.372328,0],[-3.686633,40.37257,0],[-3.686805,40.373022,0],[-3.686891,40.373345,0],[-3.686982,40.373522,0],[-3.68705,40.373603,0],[-3.687129,40.373677,0],[-3.687337,40.373883,0],[-3.68759,40.374074,0],[-3.687595,40.374078,0],[-3.687607,40.374092,0],[-3.687678,40.374172,0],[-3.687742,40.374399,0],[-3.687762,40.374609,0],[-3.687729,40.374847,0],[-3.687611,40.375293,0],[-3.687318,40.376148,0],[-3.687268,40.376439,0],[-3.687253,40.376626,0],[-3.687281,40.376787,0],[-3.687362,40.377014,0],[-3.687837,40.37806,0],[-3.687875,40.37822,0],[-3.68786,40.3784,0],[-3.687894,40.378573,0],[-3.687982,40.378691,0],[-3.68821,40.378853,0],[-3.688375,40.378984,0],[-3.688545,40.379198,0],[-3.688653,40.379412,0],[-3.688759,40.379591,0],[-3.688829,40.379701,0],[-3.688865,40.379835,0],[-3.688889,40.380039,0],[-3.688899,40.380214,0],[-3.688952,40.380466,0],[-3.689013,40.380753,0],[-3.689185,40.38137,0],[-3.689326,40.381658,0],[-3.689432,40.381873,0],[-3.689544,40.382069,0],[-3.689746,40.382331,0],[-3.690303,40.381977,0],[-3.690607,40.381742,0],[-3.690903,40.381463,0],[-3.69114,40.381229,0],[-3.691298,40.381041,0],[-3.691508,40.380752,0],[-3.692057,40.379947,0],[-3.692881,40.378735,0],[-3.693541,40.377741,0],[-3.694229,40.376718,0],[-3.694523,40.376262,0],[-3.694606,40.376125,0],[-3.694709,40.375935,0],[-3.694769,40.375796,0],[-3.694816,40.375659,0],[-3.694876,40.375443,0],[-3.694923,40.375197,0],[-3.69494,40.375026,0],[-3.694944,40.374853,0],[-3.694938,40.374679,0],[-3.694602,40.371154,0],[-3.694561,40.37084,0],[-3.694438,40.370102,0],[-3.69435,40.369335,0],[-3.694267,40.368753,0],[-3.694148,40.367063,0],[-3.694012,40.364578,0],[-3.694004,40.364529,0],[-3.69387,40.364518,0],[-3.693244,40.364465,0],[-3.692229,40.364385,0],[-3.691652,40.364318,0],[-3.691248,40.36427,0],[-3.690615,40.364173,0],[-3.690045,40.364059,0],[-3.689443,40.363909,0],[-3.689025,40.363794,0],[-3.68724,40.3632,0],[-3.685404,40.362544,0],[-3.683141,40.36173,0],[-3.681925,40.361296,0]]]},"properties":{"name":"SAN FERMÍN","description":"","styleUrl":"#poly-FFD600-1200-76","fill-opacity":0.2980392156862745,"fill":"#ffd600","stroke-opacity":1,"stroke":"#ffd600","stroke-width":1.2,"OBJECTID":"141","CODDIS":"12","NOMDIS":"Usera","COD_BAR":"123","NOMBRE":"San Fermín","Shape_Leng":"5876.02669579","COD_DIS_TX":"12","BARRIO_MAY":"SAN FERMIN","COD_DISBAR":"123","NUM_BAR":"3","BARRIO_MT":"SAN FERMÍN","COD_DISB":"12-3","Shape_STAr":"1475399.06408","Shape_STLe":"5876.02669579","id":"123","shape_name":"San Fermín","s_var_popdensity":"-0.209589414879954","s_var_carsxperson":"-0.220527058795022","comp_score":"-0.42050357365044","comp_score_n":"-0.42050357365044"}},{"type":"Feature","geometry":{"type":"Polygon","coordinates":[[[-3.613669,40.379245,0],[-3.614096,40.379292,0],[-3.615217,40.379392,0],[-3.615819,40.379427,0],[-3.616407,40.379461,0],[-3.61673,40.379471,0],[-3.617107,40.379484,0],[-3.617246,40.3795,0],[-3.617273,40.379503,0],[-3.617283,40.379716,0],[-3.617305,40.380165,0],[-3.617366,40.380331,0],[-3.617565,40.380874,0],[-3.61827,40.380741,0],[-3.618372,40.380791,0],[-3.618398,40.380805,0],[-3.618199,40.380921,0],[-3.6179,40.381085,0],[-3.617667,40.381218,0],[-3.617369,40.381437,0],[-3.618945,40.38274,0],[-3.61914,40.383322,0],[-3.620685,40.382969,0],[-3.621398,40.382783,0],[-3.624586,40.382093,0],[-3.625905,40.381793,0],[-3.627162,40.381504,0],[-3.630191,40.380779,0],[-3.632586,40.380209,0],[-3.633027,40.380102,0],[-3.634376,40.379773,0],[-3.641511,40.377954,0],[-3.645068,40.37723,0],[-3.648576,40.376524,0],[-3.649907,40.376313,0],[-3.651505,40.3761,0],[-3.652361,40.376046,0],[-3.652766,40.375646,0],[-3.653305,40.374326,0],[-3.653589,40.373629,0],[-3.654405,40.370886,0],[-3.654716,40.37036,0],[-3.655603,40.36959,0],[-3.655997,40.369372,0],[-3.65707,40.368777,0],[-3.664447,40.364144,0],[-3.666024,40.363284,0],[-3.666503,40.363032,0],[-3.666696,40.36293,0],[-3.667175,40.362695,0],[-3.667245,40.362664,0],[-3.667563,40.362523,0],[-3.667889,40.362392,0],[-3.668246,40.362247,0],[-3.668875,40.362024,0],[-3.66944,40.361851,0],[-3.669542,40.36182,0],[-3.670121,40.361661,0],[-3.670811,40.361507,0],[-3.671172,40.361436,0],[-3.67151,40.36137,0],[-3.672152,40.361256,0],[-3.673026,40.36112,0],[-3.67371,40.361023,0],[-3.674467,40.360938,0],[-3.675169,40.360869,0],[-3.675936,40.360795,0],[-3.676678,40.360748,0],[-3.677027,40.360726,0],[-3.677573,40.360708,0],[-3.678069,40.360687,0],[-3.678745,40.360678,0],[-3.67935,40.360702,0],[-3.679802,40.360757,0],[-3.680329,40.360829,0],[-3.680774,40.360931,0],[-3.681206,40.361049,0],[-3.681925,40.361296,0],[-3.681522,40.360216,0],[-3.681509,40.360185,0],[-3.681467,40.360088,0],[-3.681319,40.359917,0],[-3.680948,40.359745,0],[-3.680682,40.359537,0],[-3.679994,40.358803,0],[-3.679594,40.358408,0],[-3.679352,40.358214,0],[-3.679189,40.3581,0],[-3.678777,40.357901,0],[-3.678416,40.357766,0],[-3.678055,40.35763,0],[-3.677787,40.357478,0],[-3.677668,40.357411,0],[-3.677414,40.357139,0],[-3.677392,40.357105,0],[-3.677205,40.356817,0],[-3.677087,40.356354,0],[-3.676824,40.355476,0],[-3.676661,40.354947,0],[-3.676515,40.354588,0],[-3.676339,40.354208,0],[-3.676176,40.353984,0],[-3.675936,40.353807,0],[-3.675704,40.353739,0],[-3.675499,40.353679,0],[-3.675115,40.353625,0],[-3.675046,40.353616,0],[-3.675042,40.353614,0],[-3.674612,40.35348,0],[-3.674246,40.353335,0],[-3.674159,40.3533,0],[-3.673855,40.353014,0],[-3.673761,40.352774,0],[-3.673718,40.352475,0],[-3.673668,40.352133,0],[-3.673611,40.351875,0],[-3.673424,40.35137,0],[-3.673255,40.350914,0],[-3.673148,40.350678,0],[-3.673115,40.350624,0],[-3.673044,40.350559,0],[-3.672913,40.350438,0],[-3.672714,40.350307,0],[-3.67251,40.350204,0],[-3.672057,40.350019,0],[-3.671293,40.349762,0],[-3.670537,40.349579,0],[-3.670148,40.349437,0],[-3.669951,40.349327,0],[-3.669728,40.349186,0],[-3.669577,40.348972,0],[-3.669418,40.348624,0],[-3.669109,40.347705,0],[-3.66903,40.347419,0],[-3.669009,40.347148,0],[-3.669016,40.346784,0],[-3.669124,40.346181,0],[-3.669248,40.345797,0],[-3.669375,40.345651,0],[-3.669441,40.345503,0],[-3.66944,40.345361,0],[-3.669368,40.345236,0],[-3.669249,40.345136,0],[-3.669137,40.345048,0],[-3.668935,40.344927,0],[-3.668524,40.344802,0],[-3.66797,40.34467,0],[-3.667372,40.344518,0],[-3.666579,40.344322,0],[-3.665501,40.344151,0],[-3.665237,40.344103,0],[-3.664939,40.343973,0],[-3.664579,40.343751,0],[-3.664338,40.343472,0],[-3.664219,40.343197,0],[-3.664114,40.342832,0],[-3.66402,40.342617,0],[-3.663827,40.342343,0],[-3.663658,40.342115,0],[-3.663544,40.34188,0],[-3.663273,40.341337,0],[-3.663088,40.340813,0],[-3.66303,40.340566,0],[-3.663029,40.339878,0],[-3.663022,40.339475,0],[-3.662959,40.339176,0],[-3.662838,40.338973,0],[-3.662662,40.338838,0],[-3.662377,40.338663,0],[-3.662201,40.338542,0],[-3.662003,40.338366,0],[-3.661692,40.338086,0],[-3.661534,40.337857,0],[-3.661429,40.337592,0],[-3.66145,40.337042,0],[-3.661314,40.336484,0],[-3.660956,40.335953,0],[-3.660534,40.335407,0],[-3.659935,40.33488,0],[-3.659193,40.334201,0],[-3.658851,40.333826,0],[-3.65864,40.333389,0],[-3.658588,40.332808,0],[-3.658514,40.332501,0],[-3.658407,40.332143,0],[-3.658381,40.331868,0],[-3.658297,40.331603,0],[-3.657971,40.331044,0],[-3.657758,40.330561,0],[-3.657607,40.329839,0],[-3.657519,40.329284,0],[-3.657514,40.328926,0],[-3.655043,40.330021,0],[-3.650312,40.332382,0],[-3.650276,40.332412,0],[-3.650207,40.332363,0],[-3.65017,40.332335,0],[-3.650138,40.332318,0],[-3.650106,40.332304,0],[-3.650075,40.332293,0],[-3.650018,40.332276,0],[-3.649979,40.33231,0],[-3.649949,40.332336,0],[-3.649886,40.332407,0],[-3.649824,40.33246,0],[-3.649774,40.332495,0],[-3.649718,40.332521,0],[-3.649672,40.332536,0],[-3.64964,40.332549,0],[-3.649607,40.33257,0],[-3.649577,40.332592,0],[-3.649544,40.332621,0],[-3.649513,40.332657,0],[-3.649486,40.332696,0],[-3.649456,40.33274,0],[-3.649419,40.332798,0],[-3.649381,40.332872,0],[-3.649334,40.332944,0],[-3.649291,40.333025,0],[-3.649253,40.333136,0],[-3.649234,40.333199,0],[-3.649221,40.333235,0],[-3.649209,40.333269,0],[-3.649212,40.333306,0],[-3.649222,40.333341,0],[-3.649186,40.333378,0],[-3.64909,40.333323,0],[-3.648755,40.333132,0],[-3.64859,40.33304,0],[-3.648343,40.332889,0],[-3.648076,40.332728,0],[-3.647967,40.332658,0],[-3.647723,40.332492,0],[-3.647501,40.33234,0],[-3.647245,40.3322,0],[-3.646937,40.33202,0],[-3.646732,40.331904,0],[-3.646486,40.331772,0],[-3.646206,40.331631,0],[-3.645776,40.331421,0],[-3.64532,40.331171,0],[-3.645096,40.331029,0],[-3.644741,40.330836,0],[-3.64448,40.330689,0],[-3.644301,40.330579,0],[-3.644192,40.330482,0],[-3.644133,40.330415,0],[-3.644039,40.330284,0],[-3.64384,40.330055,0],[-3.643459,40.329614,0],[-3.6432,40.329323,0],[-3.643068,40.329205,0],[-3.642919,40.329107,0],[-3.64273,40.328987,0],[-3.642504,40.328858,0],[-3.642401,40.328807,0],[-3.64232,40.328773,0],[-3.642174,40.328737,0],[-3.642024,40.328699,0],[-3.641908,40.328658,0],[-3.641844,40.328626,0],[-3.641726,40.328549,0],[-3.641567,40.328427,0],[-3.641424,40.328313,0],[-3.641351,40.328278,0],[-3.641213,40.328239,0],[-3.640987,40.328151,0],[-3.640794,40.328069,0],[-3.640676,40.328027,0],[-3.640519,40.327971,0],[-3.64037,40.327906,0],[-3.640214,40.327807,0],[-3.639977,40.327642,0],[-3.639684,40.327435,0],[-3.639355,40.327231,0],[-3.639163,40.327112,0],[-3.638883,40.326914,0],[-3.638719,40.326781,0],[-3.638568,40.32664,0],[-3.638483,40.326575,0],[-3.638124,40.326325,0],[-3.637821,40.326104,0],[-3.637564,40.325929,0],[-3.637252,40.325714,0],[-3.636945,40.325515,0],[-3.636677,40.325338,0],[-3.636337,40.325122,0],[-3.636227,40.325048,0],[-3.636169,40.325002,0],[-3.635999,40.324841,0],[-3.636084,40.324773,0],[-3.636108,40.324752,0],[-3.635161,40.324027,0],[-3.634496,40.323559,0],[-3.634138,40.323294,0],[-3.633827,40.323066,0],[-3.633732,40.322981,0],[-3.633607,40.322863,0],[-3.63349,40.322765,0],[-3.633399,40.322693,0],[-3.633303,40.322614,0],[-3.633209,40.322542,0],[-3.63313,40.322478,0],[-3.633051,40.322415,0],[-3.632961,40.322347,0],[-3.632904,40.322305,0],[-3.632836,40.322265,0],[-3.632744,40.322225,0],[-3.632668,40.322192,0],[-3.632594,40.322148,0],[-3.632548,40.322105,0],[-3.632493,40.322057,0],[-3.632437,40.322016,0],[-3.632362,40.321971,0],[-3.632279,40.321914,0],[-3.632206,40.321858,0],[-3.632113,40.321797,0],[-3.632012,40.321736,0],[-3.631946,40.321694,0],[-3.631695,40.32155,0],[-3.631603,40.321497,0],[-3.631451,40.32141,0],[-3.631223,40.321278,0],[-3.631057,40.321174,0],[-3.630954,40.321112,0],[-3.630849,40.321054,0],[-3.630746,40.320987,0],[-3.63066,40.320924,0],[-3.630577,40.320867,0],[-3.63051,40.320822,0],[-3.63043,40.320773,0],[-3.630366,40.320743,0],[-3.630289,40.320709,0],[-3.630211,40.320674,0],[-3.630084,40.320622,0],[-3.629937,40.32057,0],[-3.629809,40.320518,0],[-3.629689,40.320468,0],[-3.629276,40.320296,0],[-3.62923,40.320279,0],[-3.629163,40.320254,0],[-3.629119,40.320241,0],[-3.629036,40.32021,0],[-3.628982,40.320196,0],[-3.628941,40.320179,0],[-3.628842,40.32014,0],[-3.628794,40.320117,0],[-3.628745,40.320096,0],[-3.628699,40.320074,0],[-3.628655,40.320054,0],[-3.62849,40.31998,0],[-3.6284,40.319945,0],[-3.62825,40.319889,0],[-3.628168,40.319859,0],[-3.628068,40.319827,0],[-3.6274,40.319593,0],[-3.627082,40.319511,0],[-3.62675,40.319442,0],[-3.626636,40.319414,0],[-3.626466,40.31937,0],[-3.626356,40.319339,0],[-3.626254,40.319308,0],[-3.626152,40.319273,0],[-3.625992,40.319217,0],[-3.625982,40.319236,0],[-3.624692,40.320427,0],[-3.623534,40.31985,0],[-3.620008,40.319118,0],[-3.61745,40.318192,0],[-3.615965,40.317762,0],[-3.613877,40.315589,0],[-3.611151,40.314313,0],[-3.60812,40.313665,0],[-3.606385,40.31347,0],[-3.60213,40.312667,0],[-3.600198,40.312333,0],[-3.599239,40.312169,0],[-3.598259,40.312065,0],[-3.595338,40.31235,0],[-3.594325,40.31238,0],[-3.593328,40.312422,0],[-3.589401,40.312697,0],[-3.587435,40.312791,0],[-3.58558,40.313071,0],[-3.584502,40.313202,0],[-3.583472,40.313307,0],[-3.582528,40.313526,0],[-3.581646,40.313591,0],[-3.580656,40.313791,0],[-3.579692,40.313876,0],[-3.57876,40.313857,0],[-3.577968,40.313891,0],[-3.576126,40.314886,0],[-3.577796,40.314648,0],[-3.579282,40.315868,0],[-3.580484,40.315968,0],[-3.581886,40.315882,0],[-3.582409,40.316141,0],[-3.583817,40.315813,0],[-3.585074,40.318355,0],[-3.585071,40.320416,0],[-3.584363,40.322564,0],[-3.583244,40.324809,0],[-3.582487,40.326256,0],[-3.57952,40.32795,0],[-3.576763,40.330251,0],[-3.575281,40.331862,0],[-3.572738,40.33366,0],[-3.571882,40.334615,0],[-3.569946,40.337631,0],[-3.568246,40.340904,0],[-3.56622,40.343309,0],[-3.56536,40.344379,0],[-3.562157,40.347094,0],[-3.560741,40.349177,0],[-3.558914,40.35027,0],[-3.55769,40.352667,0],[-3.556636,40.353099,0],[-3.554728,40.354308,0],[-3.553482,40.355789,0],[-3.553707,40.356095,0],[-3.554001,40.35642,0],[-3.554266,40.356659,0],[-3.554598,40.356921,0],[-3.554902,40.357124,0],[-3.555272,40.357345,0],[-3.555587,40.357488,0],[-3.555863,40.357603,0],[-3.556403,40.357799,0],[-3.557262,40.358062,0],[-3.559931,40.358828,0],[-3.56143,40.359221,0],[-3.563108,40.359622,0],[-3.564948,40.360014,0],[-3.566125,40.360266,0],[-3.566696,40.360397,0],[-3.56741,40.360601,0],[-3.568091,40.360832,0],[-3.568826,40.361104,0],[-3.569347,40.361297,0],[-3.569806,40.361496,0],[-3.570171,40.361678,0],[-3.570421,40.361831,0],[-3.57414,40.364336,0],[-3.576228,40.365739,0],[-3.576762,40.365153,0],[-3.577056,40.364905,0],[-3.57734,40.364716,0],[-3.577642,40.364486,0],[-3.577995,40.364217,0],[-3.578259,40.364017,0],[-3.578508,40.363831,0],[-3.578646,40.363742,0],[-3.578872,40.363652,0],[-3.579472,40.363425,0],[-3.580209,40.363154,0],[-3.580477,40.363043,0],[-3.580497,40.363032,0],[-3.580532,40.363005,0],[-3.580545,40.362983,0],[-3.580558,40.362909,0],[-3.580551,40.36283,0],[-3.580516,40.362736,0],[-3.580445,40.362641,0],[-3.580344,40.362532,0],[-3.580188,40.3624,0],[-3.579916,40.362187,0],[-3.579705,40.36203,0],[-3.579637,40.361968,0],[-3.579677,40.36193,0],[-3.579743,40.361845,0],[-3.579752,40.361803,0],[-3.579759,40.361775,0],[-3.57977,40.36172,0],[-3.579774,40.361654,0],[-3.579778,40.361591,0],[-3.57978,40.36154,0],[-3.579785,40.361496,0],[-3.579789,40.36146,0],[-3.5798,40.361388,0],[-3.579814,40.361328,0],[-3.579829,40.361268,0],[-3.579846,40.361213,0],[-3.579882,40.36114,0],[-3.580021,40.360976,0],[-3.580167,40.360839,0],[-3.580207,40.360796,0],[-3.580239,40.360736,0],[-3.580321,40.360579,0],[-3.580422,40.36044,0],[-3.58055,40.360313,0],[-3.580614,40.360184,0],[-3.580651,40.360097,0],[-3.580713,40.359872,0],[-3.58074,40.359766,0],[-3.580794,40.359665,0],[-3.580909,40.359467,0],[-3.581037,40.35929,0],[-3.581103,40.35919,0],[-3.581206,40.358872,0],[-3.581306,40.358676,0],[-3.581408,40.358475,0],[-3.581449,40.358323,0],[-3.581562,40.35804,0],[-3.581681,40.357726,0],[-3.581764,40.357485,0],[-3.581871,40.35717,0],[-3.581917,40.357013,0],[-3.582138,40.356402,0],[-3.582312,40.355922,0],[-3.5825,40.355321,0],[-3.582666,40.354827,0],[-3.58288,40.35426,0],[-3.583139,40.35357,0],[-3.583395,40.352965,0],[-3.583519,40.352646,0],[-3.58373,40.352023,0],[-3.585694,40.352226,0],[-3.58696,40.352445,0],[-3.587819,40.352587,0],[-3.588076,40.352647,0],[-3.588202,40.35269,0],[-3.588275,40.352726,0],[-3.588362,40.352769,0],[-3.588498,40.352851,0],[-3.588856,40.353085,0],[-3.589165,40.353269,0],[-3.589246,40.353307,0],[-3.589349,40.353356,0],[-3.58967,40.353452,0],[-3.590657,40.35371,0],[-3.591709,40.35398,0],[-3.591909,40.35404,0],[-3.592062,40.354105,0],[-3.592204,40.354187,0],[-3.592294,40.354268,0],[-3.59239,40.354365,0],[-3.592445,40.354437,0],[-3.592499,40.354531,0],[-3.592541,40.354652,0],[-3.592572,40.354817,0],[-3.592554,40.354989,0],[-3.59251,40.355125,0],[-3.592402,40.355307,0],[-3.592126,40.355652,0],[-3.592141,40.355656,0],[-3.594858,40.356347,0],[-3.597563,40.357071,0],[-3.598115,40.357215,0],[-3.598695,40.357412,0],[-3.599192,40.35762,0],[-3.599717,40.35786,0],[-3.600201,40.358121,0],[-3.600713,40.358413,0],[-3.601115,40.358674,0],[-3.601572,40.35904,0],[-3.602016,40.359396,0],[-3.602461,40.359857,0],[-3.60278,40.360192,0],[-3.603045,40.360518,0],[-3.603295,40.360843,0],[-3.603504,40.361073,0],[-3.603878,40.361356,0],[-3.604196,40.361512,0],[-3.606118,40.36245,0],[-3.60905,40.363891,0],[-3.612485,40.360347,0],[-3.619483,40.363824,0],[-3.625561,40.366801,0],[-3.625813,40.366942,0],[-3.629484,40.368747,0],[-3.63169,40.369836,0],[-3.632533,40.370251,0],[-3.63254,40.37106,0],[-3.632546,40.371691,0],[-3.632555,40.372811,0],[-3.632557,40.373055,0],[-3.632565,40.373931,0],[-3.632573,40.374795,0],[-3.63257,40.375384,0],[-3.632426,40.375459,0],[-3.63219,40.375592,0],[-3.631958,40.375739,0],[-3.631749,40.375875,0],[-3.631561,40.376004,0],[-3.631379,40.376124,0],[-3.631192,40.376258,0],[-3.630566,40.376702,0],[-3.630294,40.376911,0],[-3.63,40.377123,0],[-3.629794,40.377171,0],[-3.629703,40.377174,0],[-3.629419,40.377185,0],[-3.629149,40.377194,0],[-3.628822,40.377205,0],[-3.628396,40.377224,0],[-3.628333,40.377225,0],[-3.628187,40.37723,0],[-3.627891,40.37725,0],[-3.627317,40.37729,0],[-3.627127,40.377304,0],[-3.626834,40.377323,0],[-3.626616,40.377359,0],[-3.626232,40.377,0],[-3.625697,40.376548,0],[-3.625248,40.376155,0],[-3.625052,40.376059,0],[-3.624805,40.375983,0],[-3.624693,40.375929,0],[-3.62474,40.37582,0],[-3.625041,40.375525,0],[-3.625845,40.374872,0],[-3.626553,40.374296,0],[-3.626552,40.374296,0],[-3.624811,40.373064,0],[-3.625762,40.372272,0],[-3.625705,40.372221,0],[-3.625527,40.372057,0],[-3.625433,40.371978,0],[-3.625265,40.371834,0],[-3.625227,40.37179,0],[-3.625189,40.371738,0],[-3.625172,40.371716,0],[-3.625135,40.371659,0],[-3.625025,40.371448,0],[-3.624658,40.370665,0],[-3.624372,40.370063,0],[-3.624177,40.369671,0],[-3.623879,40.369072,0],[-3.623813,40.368963,0],[-3.623829,40.368711,0],[-3.621601,40.369102,0],[-3.620956,40.3692,0],[-3.619051,40.369479,0],[-3.617674,40.369733,0],[-3.617191,40.369893,0],[-3.615473,40.37066,0],[-3.616152,40.371613,0],[-3.615279,40.372,0],[-3.615385,40.37216,0],[-3.61555,40.372502,0],[-3.615652,40.372811,0],[-3.615716,40.373134,0],[-3.615729,40.373299,0],[-3.615731,40.373526,0],[-3.615712,40.373766,0],[-3.615656,40.374043,0],[-3.615601,40.374221,0],[-3.61552,40.374442,0],[-3.615311,40.374981,0],[-3.615177,40.375316,0],[-3.615036,40.375677,0],[-3.614213,40.377812,0],[-3.613885,40.378641,0],[-3.613765,40.378952,0],[-3.613669,40.379245,0]]]},"properties":{"name":"CASCO HISTÓRICO DE VALLECAS","description":"","styleUrl":"#poly-757575-1200-76","fill-opacity":0.2980392156862745,"fill":"#757575","stroke-opacity":1,"stroke":"#757575","stroke-width":1.2,"OBJECTID":"142","CODDIS":"18","NOMDIS":"Villa de Vallecas","COD_BAR":"181","NOMBRE":"Casco Histórico de Vallecas","Shape_Leng":"39357.26883554","COD_DIS_TX":"18","BARRIO_MAY":"CASCO HISTORICO DE VALLECAS","COD_DISBAR":"181","NUM_BAR":"1","BARRIO_MT":"CASCO HISTÓRICO DE VALLECAS","COD_DISB":"18-1","Shape_STAr":"43045886.111","Shape_STLe":"39357.2688355","id":"181","shape_name":"Casco Histórico de Vallecas","s_var_popdensity":"-1.45077636059853","s_var_carsxperson":"0.177356563122011","comp_score":"-14.5843645364065","comp_score_n":"-14.5843645364065"}},{"type":"Feature","geometry":{"type":"Polygon","coordinates":[[[-3.689746,40.382331,0],[-3.692151,40.384106,0],[-3.693311,40.382945,0],[-3.694018,40.382225,0],[-3.695134,40.381094,0],[-3.695564,40.380709,0],[-3.695539,40.380368,0],[-3.6968,40.379891,0],[-3.70009,40.378532,0],[-3.700957,40.377841,0],[-3.701673,40.37687,0],[-3.702531,40.375036,0],[-3.702724,40.373129,0],[-3.702844,40.372678,0],[-3.703198,40.371728,0],[-3.703453,40.371157,0],[-3.703113,40.370566,0],[-3.703399,40.369507,0],[-3.703456,40.369282,0],[-3.703845,40.367644,0],[-3.704137,40.366411,0],[-3.704371,40.365535,0],[-3.704901,40.363655,0],[-3.704504,40.363618,0],[-3.704281,40.3636,0],[-3.704085,40.363584,0],[-3.704017,40.363581,0],[-3.704016,40.363581,0],[-3.70366,40.363565,0],[-3.703236,40.363559,0],[-3.702617,40.36358,0],[-3.702103,40.363617,0],[-3.701651,40.363672,0],[-3.701124,40.363752,0],[-3.701073,40.36376,0],[-3.700792,40.363806,0],[-3.7007,40.363826,0],[-3.700046,40.363967,0],[-3.69934,40.364126,0],[-3.69912,40.364168,0],[-3.698748,40.36424,0],[-3.698161,40.364331,0],[-3.697447,40.36442,0],[-3.697135,40.364445,0],[-3.696903,40.364462,0],[-3.69676,40.364473,0],[-3.696599,40.364481,0],[-3.696229,40.364498,0],[-3.695527,40.364516,0],[-3.694004,40.364529,0],[-3.694012,40.364578,0],[-3.694148,40.367063,0],[-3.694267,40.368753,0],[-3.69435,40.369335,0],[-3.694438,40.370102,0],[-3.694561,40.37084,0],[-3.694602,40.371154,0],[-3.694938,40.374679,0],[-3.694944,40.374853,0],[-3.69494,40.375026,0],[-3.694923,40.375197,0],[-3.694876,40.375443,0],[-3.694816,40.375659,0],[-3.694769,40.375796,0],[-3.694709,40.375935,0],[-3.694606,40.376125,0],[-3.694523,40.376262,0],[-3.694229,40.376718,0],[-3.693541,40.377741,0],[-3.692881,40.378735,0],[-3.692057,40.379947,0],[-3.691508,40.380752,0],[-3.691298,40.381041,0],[-3.69114,40.381229,0],[-3.690903,40.381463,0],[-3.690607,40.381742,0],[-3.690303,40.381977,0],[-3.689746,40.382331,0]]]},"properties":{"name":"ORCASUR","description":"","styleUrl":"#poly-757575-1200-76","fill-opacity":0.2980392156862745,"fill":"#757575","stroke-opacity":1,"stroke":"#757575","stroke-width":1.2,"OBJECTID":"143","CODDIS":"12","NOMDIS":"Usera","COD_BAR":"122","NOMBRE":"Orcasur","Shape_Leng":"6014.65367292","COD_DIS_TX":"12","BARRIO_MAY":"ORCASUR","COD_DISBAR":"122","NUM_BAR":"2","BARRIO_MT":"ORCASUR","COD_DISB":"12-2","Shape_STAr":"1387349.57518","Shape_STLe":"6014.65367292","id":"122","shape_name":"Orcasur","s_var_popdensity":"-0.673076571027687","s_var_carsxperson":"-0.285307649654616","comp_score":"-7.36733791402925","comp_score_n":"-7.36733791402925"}},{"type":"Feature","geometry":{"type":"Polygon","coordinates":[[[-3.711837,40.385134,0],[-3.714717,40.385174,0],[-3.71602,40.385191,0],[-3.716294,40.385195,0],[-3.716963,40.385204,0],[-3.717556,40.385281,0],[-3.718216,40.383314,0],[-3.718352,40.382891,0],[-3.718728,40.38154,0],[-3.71896,40.380393,0],[-3.719035,40.379653,0],[-3.719367,40.376396,0],[-3.719712,40.374148,0],[-3.719764,40.373809,0],[-3.718499,40.373831,0],[-3.716885,40.373826,0],[-3.71669,40.373826,0],[-3.714492,40.373797,0],[-3.713296,40.373542,0],[-3.712635,40.373401,0],[-3.712322,40.373342,0],[-3.712116,40.377802,0],[-3.712116,40.37796,0],[-3.711845,40.378696,0],[-3.711633,40.379271,0],[-3.711311,40.380556,0],[-3.711242,40.380983,0],[-3.711245,40.381804,0],[-3.711244,40.381908,0],[-3.711241,40.382685,0],[-3.711254,40.382817,0],[-3.711256,40.382828,0],[-3.711259,40.383179,0],[-3.711267,40.383289,0],[-3.711297,40.383701,0],[-3.711298,40.383707,0],[-3.711326,40.383999,0],[-3.711341,40.384145,0],[-3.711428,40.384485,0],[-3.711652,40.384962,0],[-3.711681,40.384989,0],[-3.711837,40.385134,0]]]},"properties":{"name":"ZOFÍO","description":"","styleUrl":"#poly-A52714-1200-76","fill-opacity":0.2980392156862745,"fill":"#a52714","stroke-opacity":1,"stroke":"#a52714","stroke-width":1.2,"OBJECTID":"144","CODDIS":"12","NOMDIS":"Usera","COD_BAR":"126","NOMBRE":"Zofío","Shape_Leng":"3742.72280117","COD_DIS_TX":"12","BARRIO_MAY":"ZOFIO","COD_DISBAR":"126","NUM_BAR":"6","BARRIO_MT":"ZOFÍO","COD_DISB":"12-6","Shape_STAr":"774025.53656","Shape_STLe":"3742.72280116","id":"126","shape_name":"Zofío","s_var_popdensity":"0.00364236352936006","s_var_carsxperson":"-0.809693613663559","comp_score":"24.1117751054772","comp_score_n":"24.1117751054772"}},{"type":"Feature","geometry":{"type":"Polygon","coordinates":[[[-3.704896,40.381106,0],[-3.704963,40.381472,0],[-3.705074,40.382059,0],[-3.705305,40.383336,0],[-3.70557,40.384801,0],[-3.705755,40.385848,0],[-3.708215,40.385565,0],[-3.708799,40.385497,0],[-3.710768,40.385282,0],[-3.711837,40.385134,0],[-3.711681,40.384989,0],[-3.711652,40.384962,0],[-3.711428,40.384485,0],[-3.711341,40.384145,0],[-3.711326,40.383999,0],[-3.711298,40.383707,0],[-3.711297,40.383701,0],[-3.711267,40.383289,0],[-3.711259,40.383179,0],[-3.711256,40.382828,0],[-3.711254,40.382817,0],[-3.711241,40.382685,0],[-3.711244,40.381908,0],[-3.711245,40.381804,0],[-3.711242,40.380983,0],[-3.711311,40.380556,0],[-3.711633,40.379271,0],[-3.711845,40.378696,0],[-3.712116,40.37796,0],[-3.712116,40.377802,0],[-3.712322,40.373342,0],[-3.710774,40.372932,0],[-3.708789,40.372403,0],[-3.706808,40.371869,0],[-3.704911,40.37136,0],[-3.70416,40.371198,0],[-3.703453,40.371157,0],[-3.703198,40.371728,0],[-3.702844,40.372678,0],[-3.702724,40.373129,0],[-3.702531,40.375036,0],[-3.701673,40.37687,0],[-3.700957,40.377841,0],[-3.70009,40.378532,0],[-3.700226,40.378678,0],[-3.700277,40.379438,0],[-3.701604,40.379447,0],[-3.702223,40.380268,0],[-3.702763,40.380824,0],[-3.703085,40.381176,0],[-3.704753,40.380213,0],[-3.704896,40.381106,0]]]},"properties":{"name":"PRADOLONGO","description":"","styleUrl":"#poly-A52714-1200-76","fill-opacity":0.2980392156862745,"fill":"#a52714","stroke-opacity":1,"stroke":"#a52714","stroke-width":1.2,"OBJECTID":"145","CODDIS":"12","NOMDIS":"Usera","COD_BAR":"127","NOMBRE":"Pradolongo","Shape_Leng":"4785.09791705","COD_DIS_TX":"12","BARRIO_MAY":"PRADOLONGO","COD_DISBAR":"127","NUM_BAR":"7","BARRIO_MT":"PRADOLONGO","COD_DISB":"12-7","Shape_STAr":"1095651.85364","Shape_STLe":"4785.09791705","id":"127","shape_name":"Pradolongo","s_var_popdensity":"-0.18296825219466","s_var_carsxperson":"-1.234240269926","comp_score":"31.5413035546804","comp_score_n":"31.5413035546804"}},{"type":"Feature","geometry":{"type":"Polygon","coordinates":[[[-3.721823,40.38524,0],[-3.721943,40.385245,0],[-3.722307,40.38526,0],[-3.722756,40.385299,0],[-3.723129,40.385352,0],[-3.723611,40.385421,0],[-3.725048,40.385634,0],[-3.726014,40.385769,0],[-3.72689,40.385964,0],[-3.727699,40.386265,0],[-3.727935,40.385621,0],[-3.728144,40.385288,0],[-3.728267,40.385093,0],[-3.728558,40.384677,0],[-3.728711,40.38445,0],[-3.729271,40.383614,0],[-3.729587,40.383143,0],[-3.729787,40.382845,0],[-3.730311,40.382225,0],[-3.730369,40.382155,0],[-3.731295,40.381056,0],[-3.732305,40.379757,0],[-3.732694,40.379258,0],[-3.735221,40.378447,0],[-3.737162,40.377824,0],[-3.734396,40.375891,0],[-3.735759,40.374757,0],[-3.736432,40.373871,0],[-3.736442,40.373858,0],[-3.736248,40.373855,0],[-3.736107,40.373853,0],[-3.736066,40.373852,0],[-3.736025,40.373852,0],[-3.735777,40.373831,0],[-3.734861,40.373756,0],[-3.734658,40.373742,0],[-3.73392,40.373692,0],[-3.733918,40.373692,0],[-3.731947,40.3735,0],[-3.731431,40.37345,0],[-3.729978,40.373306,0],[-3.729373,40.373246,0],[-3.728874,40.373197,0],[-3.727626,40.373273,0],[-3.726431,40.373347,0],[-3.722713,40.373606,0],[-3.719764,40.373809,0],[-3.719712,40.374148,0],[-3.719367,40.376396,0],[-3.719035,40.379653,0],[-3.71896,40.380393,0],[-3.718728,40.38154,0],[-3.718352,40.382891,0],[-3.718216,40.383314,0],[-3.717556,40.385281,0],[-3.721138,40.385235,0],[-3.721823,40.38524,0]]]},"properties":{"name":"ABRANTES","description":"","styleUrl":"#poly-E65100-1200-76","fill-opacity":0.2980392156862745,"fill":"#e65100","stroke-opacity":1,"stroke":"#e65100","stroke-width":1.2,"OBJECTID":"146","CODDIS":"11","NOMDIS":"Carabanchel","COD_BAR":"117","NOMBRE":"Abrantes","Shape_Leng":"5494.74745131","COD_DIS_TX":"11","BARRIO_MAY":"ABRANTES","COD_DISBAR":"117","NUM_BAR":"7","BARRIO_MT":"ABRANTES","COD_DISB":"11-7","Shape_STAr":"1564570.60899","Shape_STLe":"5494.74745131","id":"117","shape_name":"Abrantes","s_var_popdensity":"0.141699965007469","s_var_carsxperson":"-0.591031506276449","comp_score":"17.4287594771195","comp_score_n":"17.4287594771195"}},{"type":"Feature","geometry":{"type":"Polygon","coordinates":[[[-3.727699,40.386265,0],[-3.729612,40.387083,0],[-3.732235,40.388214,0],[-3.733554,40.38733,0],[-3.733715,40.387223,0],[-3.73451,40.3867,0],[-3.734868,40.386463,0],[-3.735765,40.385876,0],[-3.736583,40.385383,0],[-3.736973,40.385275,0],[-3.739478,40.384644,0],[-3.740999,40.383582,0],[-3.741814,40.382963,0],[-3.741373,40.382365,0],[-3.741943,40.382216,0],[-3.742556,40.382073,0],[-3.742724,40.38202,0],[-3.742892,40.381944,0],[-3.743167,40.381804,0],[-3.743569,40.381566,0],[-3.743737,40.381458,0],[-3.74403,40.381192,0],[-3.744521,40.380887,0],[-3.74525,40.380542,0],[-3.745819,40.380323,0],[-3.74656,40.379655,0],[-3.747091,40.379176,0],[-3.74845,40.377928,0],[-3.748577,40.377812,0],[-3.748601,40.377785,0],[-3.748617,40.377768,0],[-3.749476,40.376979,0],[-3.74953,40.376912,0],[-3.749709,40.376732,0],[-3.74993,40.376396,0],[-3.749995,40.376365,0],[-3.750302,40.376218,0],[-3.750634,40.375871,0],[-3.750791,40.375827,0],[-3.750771,40.375497,0],[-3.750333,40.374921,0],[-3.750258,40.374821,0],[-3.75019,40.374714,0],[-3.750193,40.374697,0],[-3.750222,40.374549,0],[-3.750267,40.374388,0],[-3.750277,40.374352,0],[-3.75031,40.374271,0],[-3.750358,40.374155,0],[-3.750366,40.374136,0],[-3.749777,40.374152,0],[-3.749755,40.374122,0],[-3.749651,40.373981,0],[-3.749646,40.373973,0],[-3.749643,40.373969,0],[-3.749526,40.3739,0],[-3.749442,40.37385,0],[-3.749183,40.373693,0],[-3.748992,40.373608,0],[-3.748917,40.373574,0],[-3.748243,40.37339,0],[-3.747735,40.373252,0],[-3.747158,40.373005,0],[-3.747018,40.372945,0],[-3.746777,40.372905,0],[-3.746653,40.372884,0],[-3.745591,40.372929,0],[-3.744969,40.372921,0],[-3.744785,40.372909,0],[-3.744703,40.372903,0],[-3.744576,40.372891,0],[-3.744321,40.372868,0],[-3.743923,40.372845,0],[-3.743369,40.372969,0],[-3.742663,40.373137,0],[-3.742047,40.373283,0],[-3.741446,40.373401,0],[-3.741295,40.373431,0],[-3.740748,40.37356,0],[-3.740479,40.373623,0],[-3.73965,40.373731,0],[-3.739194,40.373771,0],[-3.738731,40.373784,0],[-3.73839,40.373797,0],[-3.738307,40.373801,0],[-3.737561,40.373832,0],[-3.737331,40.373841,0],[-3.736802,40.373863,0],[-3.736704,40.373862,0],[-3.736442,40.373858,0],[-3.736432,40.373871,0],[-3.735759,40.374757,0],[-3.734396,40.375891,0],[-3.737162,40.377824,0],[-3.735221,40.378447,0],[-3.732694,40.379258,0],[-3.732305,40.379757,0],[-3.731295,40.381056,0],[-3.730369,40.382155,0],[-3.730311,40.382225,0],[-3.729787,40.382845,0],[-3.729587,40.383143,0],[-3.729271,40.383614,0],[-3.728711,40.38445,0],[-3.728558,40.384677,0],[-3.728267,40.385093,0],[-3.728144,40.385288,0],[-3.727935,40.385621,0],[-3.727699,40.386265,0]]]},"properties":{"name":"PUERTA BONITA","description":"","styleUrl":"#poly-A52714-1200-76","fill-opacity":0.2980392156862745,"fill":"#a52714","stroke-opacity":1,"stroke":"#a52714","stroke-width":1.2,"OBJECTID":"147","CODDIS":"11","NOMDIS":"Carabanchel","COD_BAR":"115","NOMBRE":"Puerta Bonita","Shape_Leng":"5985.24337749","COD_DIS_TX":"11","BARRIO_MAY":"PUERTA BONITA","COD_DISBAR":"115","NUM_BAR":"5","BARRIO_MT":"PUERTA BONITA","COD_DISB":"11-5","Shape_STAr":"1608625.38732","Shape_STLe":"5985.24337749","id":"115","shape_name":"Puerta Bonita","s_var_popdensity":"0.357699159909134","s_var_carsxperson":"-1.10208966169081","comp_score":"24.1057872522666","comp_score_n":"24.1057872522666"}},{"type":"Feature","geometry":{"type":"Polygon","coordinates":[[[-3.692151,40.384106,0],[-3.695619,40.386983,0],[-3.69809,40.389096,0],[-3.699402,40.388177,0],[-3.699407,40.388174,0],[-3.700525,40.387467,0],[-3.702336,40.38627,0],[-3.702509,40.386215,0],[-3.703366,40.386103,0],[-3.705755,40.385848,0],[-3.70557,40.384801,0],[-3.705305,40.383336,0],[-3.705074,40.382059,0],[-3.704963,40.381472,0],[-3.704896,40.381106,0],[-3.704753,40.380213,0],[-3.703085,40.381176,0],[-3.702763,40.380824,0],[-3.702223,40.380268,0],[-3.701604,40.379447,0],[-3.700277,40.379438,0],[-3.700226,40.378678,0],[-3.70009,40.378532,0],[-3.6968,40.379891,0],[-3.695539,40.380368,0],[-3.695564,40.380709,0],[-3.695134,40.381094,0],[-3.694018,40.382225,0],[-3.693311,40.382945,0],[-3.692151,40.384106,0]]]},"properties":{"name":"ALMENDRALES","description":"","styleUrl":"#poly-A52714-1200-76","fill-opacity":0.2980392156862745,"fill":"#a52714","stroke-opacity":1,"stroke":"#a52714","stroke-width":1.2,"OBJECTID":"148","CODDIS":"12","NOMDIS":"Usera","COD_BAR":"124","NOMBRE":"Almendrales","Shape_Leng":"3727.30843206","COD_DIS_TX":"12","BARRIO_MAY":"ALMENDRALES","COD_DISBAR":"124","NUM_BAR":"4","BARRIO_MT":"ALMENDRALES","COD_DISB":"12-4","Shape_STAr":"780140.88006","Shape_STLe":"3727.30843206","id":"124","shape_name":"Almendrales","s_var_popdensity":"0.884799717518423","s_var_carsxperson":"-1.33237413838745","comp_score":"34.1515742185227","comp_score_n":"34.1515742185227"}},{"type":"Feature","geometry":{"type":"Polygon","coordinates":[[[-3.608586,40.387546,0],[-3.608658,40.387583,0],[-3.609175,40.387813,0],[-3.609873,40.388099,0],[-3.6103,40.388241,0],[-3.61089,40.388419,0],[-3.611454,40.388567,0],[-3.612088,40.388704,0],[-3.615735,40.389489,0],[-3.618568,40.390109,0],[-3.619389,40.390288,0],[-3.621889,40.390839,0],[-3.6237,40.38643,0],[-3.624329,40.385012,0],[-3.624765,40.384161,0],[-3.625323,40.383234,0],[-3.624586,40.382093,0],[-3.621398,40.382783,0],[-3.620685,40.382969,0],[-3.61914,40.383322,0],[-3.618945,40.38274,0],[-3.617369,40.381437,0],[-3.617667,40.381218,0],[-3.6179,40.381085,0],[-3.618199,40.380921,0],[-3.618398,40.380805,0],[-3.618372,40.380791,0],[-3.61827,40.380741,0],[-3.617565,40.380874,0],[-3.617366,40.380331,0],[-3.617305,40.380165,0],[-3.617283,40.379716,0],[-3.617273,40.379503,0],[-3.617246,40.3795,0],[-3.617107,40.379484,0],[-3.61673,40.379471,0],[-3.616407,40.379461,0],[-3.615819,40.379427,0],[-3.615217,40.379392,0],[-3.614096,40.379292,0],[-3.613669,40.379245,0],[-3.613662,40.379245,0],[-3.612694,40.379164,0],[-3.612152,40.379104,0],[-3.611866,40.379056,0],[-3.611526,40.378994,0],[-3.611086,40.378884,0],[-3.610652,40.378755,0],[-3.610035,40.378527,0],[-3.609377,40.378263,0],[-3.607891,40.377681,0],[-3.605792,40.376846,0],[-3.603932,40.376113,0],[-3.603482,40.375929,0],[-3.603079,40.376085,0],[-3.602786,40.376175,0],[-3.602576,40.376229,0],[-3.602431,40.376254,0],[-3.602285,40.37627,0],[-3.601914,40.376287,0],[-3.601785,40.376299,0],[-3.601658,40.376321,0],[-3.601544,40.37635,0],[-3.601376,40.376405,0],[-3.601238,40.376462,0],[-3.60101,40.376565,0],[-3.600701,40.376712,0],[-3.600512,40.376813,0],[-3.600319,40.376938,0],[-3.600159,40.377057,0],[-3.599976,40.377233,0],[-3.599677,40.377614,0],[-3.599518,40.377921,0],[-3.599415,40.378173,0],[-3.599326,40.378363,0],[-3.599256,40.378506,0],[-3.599176,40.378644,0],[-3.599093,40.378759,0],[-3.599011,40.378852,0],[-3.598917,40.378941,0],[-3.598758,40.379061,0],[-3.598595,40.379168,0],[-3.597809,40.379658,0],[-3.5995,40.382329,0],[-3.599575,40.382358,0],[-3.600138,40.382398,0],[-3.600552,40.382525,0],[-3.600834,40.382667,0],[-3.601042,40.382878,0],[-3.601155,40.383128,0],[-3.601128,40.383404,0],[-3.600825,40.383924,0],[-3.600861,40.384157,0],[-3.601058,40.384649,0],[-3.601367,40.385122,0],[-3.60171,40.385578,0],[-3.602336,40.386197,0],[-3.60287,40.386453,0],[-3.603029,40.38653,0],[-3.603482,40.386657,0],[-3.603741,40.386665,0],[-3.603911,40.386664,0],[-3.604137,40.386628,0],[-3.60526,40.385974,0],[-3.605557,40.386249,0],[-3.605652,40.386433,0],[-3.605761,40.386497,0],[-3.605869,40.386513,0],[-3.605986,40.386494,0],[-3.606159,40.386435,0],[-3.606356,40.38634,0],[-3.606481,40.386251,0],[-3.607054,40.386662,0],[-3.607613,40.387021,0],[-3.608109,40.387305,0],[-3.608586,40.387546,0]]]},"properties":{"name":"SANTA EUGENIA","description":"","styleUrl":"#poly-BDBDBD-1200-76","fill-opacity":0.2980392156862745,"fill":"#bdbdbd","stroke-opacity":1,"stroke":"#bdbdbd","stroke-width":1.2,"OBJECTID":"149","CODDIS":"18","NOMDIS":"Villa de Vallecas","COD_BAR":"182","NOMBRE":"Santa Eugenia","Shape_Leng":"6793.01964889","COD_DIS_TX":"18","BARRIO_MAY":"SANTA EUGENIA","COD_DISBAR":"182","NUM_BAR":"2","BARRIO_MT":"SANTA EUGENIA","COD_DISB":"18-2","Shape_STAr":"2080233.33866","Shape_STLe":"6793.01964889","id":"182","shape_name":"Santa Eugenia","s_var_popdensity":"-0.581957176401557","s_var_carsxperson":"0.97725124998845","comp_score":"-25.9148834693502","comp_score_n":"-25.9148834693502"}},{"type":"Feature","geometry":{"type":"Polygon","coordinates":[[[-3.731773,40.388524,0],[-3.734966,40.389881,0],[-3.736101,40.390472,0],[-3.737368,40.391096,0],[-3.738532,40.391682,0],[-3.740238,40.392526,0],[-3.740879,40.393001,0],[-3.74225,40.391899,0],[-3.742848,40.391354,0],[-3.743274,40.390752,0],[-3.743571,40.390408,0],[-3.743814,40.389962,0],[-3.744432,40.388653,0],[-3.744736,40.388011,0],[-3.744899,40.387972,0],[-3.745132,40.387917,0],[-3.745352,40.387865,0],[-3.746185,40.387361,0],[-3.746868,40.386947,0],[-3.749516,40.385344,0],[-3.749547,40.385325,0],[-3.751587,40.384157,0],[-3.751708,40.384107,0],[-3.753037,40.383548,0],[-3.75359,40.383532,0],[-3.754783,40.383592,0],[-3.755632,40.383648,0],[-3.75865,40.384109,0],[-3.759306,40.38363,0],[-3.758853,40.38323,0],[-3.758366,40.382819,0],[-3.757877,40.382205,0],[-3.757436,40.381463,0],[-3.756834,40.380451,0],[-3.756401,40.379595,0],[-3.75595,40.378552,0],[-3.755946,40.378548,0],[-3.755529,40.378114,0],[-3.755505,40.378096,0],[-3.755148,40.377835,0],[-3.754943,40.37771,0],[-3.754854,40.377655,0],[-3.754267,40.37737,0],[-3.753865,40.377174,0],[-3.75354,40.377052,0],[-3.753506,40.377045,0],[-3.753402,40.377023,0],[-3.753201,40.376981,0],[-3.753265,40.376877,0],[-3.752053,40.376353,0],[-3.750791,40.375827,0],[-3.750634,40.375871,0],[-3.750302,40.376218,0],[-3.749995,40.376365,0],[-3.74993,40.376396,0],[-3.749709,40.376732,0],[-3.74953,40.376912,0],[-3.749476,40.376979,0],[-3.748617,40.377768,0],[-3.748601,40.377785,0],[-3.748577,40.377812,0],[-3.74845,40.377928,0],[-3.747091,40.379176,0],[-3.74656,40.379655,0],[-3.745819,40.380323,0],[-3.74525,40.380542,0],[-3.744521,40.380887,0],[-3.74403,40.381192,0],[-3.743737,40.381458,0],[-3.743569,40.381566,0],[-3.743167,40.381804,0],[-3.742892,40.381944,0],[-3.742724,40.38202,0],[-3.742556,40.382073,0],[-3.741943,40.382216,0],[-3.741373,40.382365,0],[-3.741814,40.382963,0],[-3.740999,40.383582,0],[-3.739478,40.384644,0],[-3.736973,40.385275,0],[-3.736583,40.385383,0],[-3.735765,40.385876,0],[-3.734868,40.386463,0],[-3.73451,40.3867,0],[-3.733715,40.387223,0],[-3.733554,40.38733,0],[-3.732235,40.388214,0],[-3.731773,40.388524,0]]]},"properties":{"name":"VISTA ALEGRE","description":"","styleUrl":"#poly-A52714-1200-76","fill-opacity":0.2980392156862745,"fill":"#a52714","stroke-opacity":1,"stroke":"#a52714","stroke-width":1.2,"OBJECTID":"150","CODDIS":"11","NOMDIS":"Carabanchel","COD_BAR":"114","NOMBRE":"Vista Alegre","Shape_Leng":"6437.03231387","COD_DIS_TX":"11","BARRIO_MAY":"VISTA ALEGRE","COD_DISBAR":"114","NUM_BAR":"4","BARRIO_MT":"VISTA ALEGRE","COD_DISB":"11-4","Shape_STAr":"1589225.48185","Shape_STLe":"6437.03231387","id":"114","shape_name":"Vista Alegre","s_var_popdensity":"0.947664362727218","s_var_carsxperson":"-1.00077975101013","comp_score":"32.3367205715231","comp_score_n":"32.3367205715231"}},{"type":"Feature","geometry":{"type":"Polygon","coordinates":[[[-3.666959,40.380643,0],[-3.667246,40.38093,0],[-3.667713,40.381398,0],[-3.667989,40.381674,0],[-3.668222,40.381944,0],[-3.668306,40.382036,0],[-3.668648,40.382425,0],[-3.668706,40.382493,0],[-3.668774,40.382575,0],[-3.668897,40.382723,0],[-3.669079,40.38297,0],[-3.669381,40.383379,0],[-3.669711,40.383883,0],[-3.67008,40.384445,0],[-3.670289,40.384838,0],[-3.670406,40.385072,0],[-3.670781,40.385821,0],[-3.671086,40.386716,0],[-3.671222,40.387114,0],[-3.671403,40.387701,0],[-3.671643,40.388482,0],[-3.671966,40.389609,0],[-3.672012,40.389764,0],[-3.672062,40.389932,0],[-3.672118,40.390138,0],[-3.672134,40.390233,0],[-3.672198,40.390433,0],[-3.672429,40.391442,0],[-3.672494,40.391751,0],[-3.673147,40.393557,0],[-3.67352,40.394314,0],[-3.674541,40.393749,0],[-3.675257,40.393263,0],[-3.676445,40.392332,0],[-3.677565,40.391484,0],[-3.678288,40.390909,0],[-3.678718,40.3905,0],[-3.679149,40.389993,0],[-3.682348,40.385122,0],[-3.682726,40.384651,0],[-3.682943,40.384441,0],[-3.68315,40.384277,0],[-3.683349,40.384139,0],[-3.683598,40.384003,0],[-3.683969,40.383883,0],[-3.684311,40.38379,0],[-3.684866,40.383678,0],[-3.686977,40.383276,0],[-3.687453,40.383163,0],[-3.688221,40.382971,0],[-3.688756,40.382795,0],[-3.689114,40.382657,0],[-3.689481,40.382486,0],[-3.689746,40.382331,0],[-3.689544,40.382069,0],[-3.689432,40.381873,0],[-3.689326,40.381658,0],[-3.689185,40.38137,0],[-3.689013,40.380753,0],[-3.688952,40.380466,0],[-3.688899,40.380214,0],[-3.688889,40.380039,0],[-3.688865,40.379835,0],[-3.688829,40.379701,0],[-3.688759,40.379591,0],[-3.688653,40.379412,0],[-3.688545,40.379198,0],[-3.688375,40.378984,0],[-3.68821,40.378853,0],[-3.687982,40.378691,0],[-3.687894,40.378573,0],[-3.68786,40.3784,0],[-3.687875,40.37822,0],[-3.687837,40.37806,0],[-3.687362,40.377014,0],[-3.687281,40.376787,0],[-3.687253,40.376626,0],[-3.687268,40.376439,0],[-3.687318,40.376148,0],[-3.687611,40.375293,0],[-3.687729,40.374847,0],[-3.687762,40.374609,0],[-3.687742,40.374399,0],[-3.687678,40.374172,0],[-3.687607,40.374092,0],[-3.687595,40.374078,0],[-3.68759,40.374074,0],[-3.687337,40.373883,0],[-3.687129,40.373677,0],[-3.68705,40.373603,0],[-3.686982,40.373522,0],[-3.686891,40.373345,0],[-3.686805,40.373022,0],[-3.686633,40.37257,0],[-3.686511,40.372328,0],[-3.68642,40.372172,0],[-3.686333,40.372065,0],[-3.686233,40.371954,0],[-3.686162,40.371891,0],[-3.686049,40.371816,0],[-3.685884,40.371745,0],[-3.685748,40.3717,0],[-3.685562,40.371645,0],[-3.685319,40.371594,0],[-3.684913,40.371483,0],[-3.684272,40.371289,0],[-3.683524,40.37102,0],[-3.683046,40.370788,0],[-3.682776,40.370592,0],[-3.682586,40.370419,0],[-3.682462,40.370267,0],[-3.68234,40.370026,0],[-3.682278,40.369837,0],[-3.682271,40.369663,0],[-3.682295,40.369495,0],[-3.682346,40.369332,0],[-3.68236,40.36915,0],[-3.68235,40.36898,0],[-3.682268,40.368642,0],[-3.681858,40.367515,0],[-3.681791,40.367354,0],[-3.681754,40.367063,0],[-3.681736,40.366805,0],[-3.681752,40.366622,0],[-3.681815,40.366398,0],[-3.682001,40.366161,0],[-3.682257,40.36598,0],[-3.682537,40.365821,0],[-3.682695,40.36567,0],[-3.682788,40.365554,0],[-3.682875,40.365444,0],[-3.683011,40.36516,0],[-3.683107,40.364912,0],[-3.683148,40.364736,0],[-3.683145,40.364491,0],[-3.683082,40.364182,0],[-3.68275,40.36336,0],[-3.681925,40.361296,0],[-3.681206,40.361049,0],[-3.680774,40.360931,0],[-3.680329,40.360829,0],[-3.679802,40.360757,0],[-3.67935,40.360702,0],[-3.678745,40.360678,0],[-3.678069,40.360687,0],[-3.677573,40.360708,0],[-3.677027,40.360726,0],[-3.676678,40.360748,0],[-3.675936,40.360795,0],[-3.675169,40.360869,0],[-3.674467,40.360938,0],[-3.67371,40.361023,0],[-3.673026,40.36112,0],[-3.672152,40.361256,0],[-3.67151,40.36137,0],[-3.671172,40.361436,0],[-3.670811,40.361507,0],[-3.670121,40.361661,0],[-3.669542,40.36182,0],[-3.66944,40.361851,0],[-3.668875,40.362024,0],[-3.668246,40.362247,0],[-3.667889,40.362392,0],[-3.667563,40.362523,0],[-3.667245,40.362664,0],[-3.667175,40.362695,0],[-3.666696,40.36293,0],[-3.666503,40.363032,0],[-3.666024,40.363284,0],[-3.664447,40.364144,0],[-3.65707,40.368777,0],[-3.655997,40.369372,0],[-3.655603,40.36959,0],[-3.654716,40.37036,0],[-3.654405,40.370886,0],[-3.653589,40.373629,0],[-3.653305,40.374326,0],[-3.652766,40.375646,0],[-3.652361,40.376046,0],[-3.652812,40.376018,0],[-3.654384,40.376031,0],[-3.654751,40.376029,0],[-3.655702,40.376106,0],[-3.655817,40.37612,0],[-3.656378,40.376189,0],[-3.65667,40.376225,0],[-3.656884,40.376251,0],[-3.658154,40.376453,0],[-3.658691,40.376601,0],[-3.658998,40.376687,0],[-3.659314,40.376777,0],[-3.659958,40.376948,0],[-3.660369,40.377058,0],[-3.661251,40.377337,0],[-3.661539,40.377451,0],[-3.661847,40.377579,0],[-3.66216,40.377712,0],[-3.662439,40.377836,0],[-3.663055,40.378117,0],[-3.663674,40.378437,0],[-3.664299,40.378787,0],[-3.665067,40.379268,0],[-3.665246,40.379386,0],[-3.665459,40.379522,0],[-3.665619,40.379618,0],[-3.666337,40.380165,0],[-3.666376,40.380195,0],[-3.666959,40.380643,0]]]},"properties":{"name":"ENTREVÍAS","description":"","styleUrl":"#poly-FFD600-1200-76","fill-opacity":0.2980392156862745,"fill":"#ffd600","stroke-opacity":1,"stroke":"#ffd600","stroke-width":1.2,"OBJECTID":"151","CODDIS":"13","NOMDIS":"Puente de Vallecas","COD_BAR":"131","NOMBRE":"Entrevías","Shape_Leng":"11034.98765455","COD_DIS_TX":"13","BARRIO_MAY":"ENTREVIAS","COD_DISBAR":"131","NUM_BAR":"1","BARRIO_MT":"ENTREVÍAS","COD_DISB":"13-1","Shape_STAr":"5971941.77676","Shape_STLe":"11034.9876545","id":"131","shape_name":"Entrevías","s_var_popdensity":"-1.03950729317103","s_var_carsxperson":"-0.563472707966582","comp_score":"-5.93081417775903","comp_score_n":"-5.93081417775903"}},{"type":"Feature","geometry":{"type":"Polygon","coordinates":[[[-3.77009,40.392599,0],[-3.770283,40.392764,0],[-3.770579,40.393013,0],[-3.771565,40.393841,0],[-3.771667,40.393764,0],[-3.772215,40.393346,0],[-3.773382,40.392458,0],[-3.77734,40.389445,0],[-3.78015,40.387306,0],[-3.783256,40.384877,0],[-3.787698,40.381674,0],[-3.785307,40.3805,0],[-3.785288,40.38048,0],[-3.784967,40.380142,0],[-3.784521,40.379592,0],[-3.784251,40.378897,0],[-3.783767,40.377874,0],[-3.783347,40.377313,0],[-3.78264,40.376362,0],[-3.782534,40.376248,0],[-3.782382,40.376115,0],[-3.782271,40.376016,0],[-3.782145,40.375942,0],[-3.781999,40.37585,0],[-3.781798,40.375759,0],[-3.781449,40.375663,0],[-3.780973,40.375565,0],[-3.780575,40.3755,0],[-3.780166,40.375435,0],[-3.779316,40.375302,0],[-3.778011,40.375095,0],[-3.776855,40.374914,0],[-3.77622,40.374813,0],[-3.77528,40.374664,0],[-3.773281,40.37435,0],[-3.770082,40.373848,0],[-3.769323,40.373729,0],[-3.768124,40.373541,0],[-3.765642,40.37313,0],[-3.762247,40.372623,0],[-3.761845,40.374436,0],[-3.760016,40.374885,0],[-3.75889,40.37523,0],[-3.757877,40.37554,0],[-3.75793,40.375831,0],[-3.757911,40.375919,0],[-3.757862,40.37614,0],[-3.757814,40.376313,0],[-3.757751,40.376538,0],[-3.757582,40.376909,0],[-3.757422,40.377174,0],[-3.757242,40.377474,0],[-3.756772,40.377996,0],[-3.75595,40.378552,0],[-3.756401,40.379595,0],[-3.756834,40.380451,0],[-3.757436,40.381463,0],[-3.757877,40.382205,0],[-3.758366,40.382819,0],[-3.758853,40.38323,0],[-3.759306,40.38363,0],[-3.761781,40.385587,0],[-3.76271,40.386421,0],[-3.767292,40.390534,0],[-3.767508,40.39039,0],[-3.77009,40.392599,0]]]},"properties":{"name":"ÁGUILAS","description":"","styleUrl":"#poly-FFD600-1200-76","fill-opacity":0.2980392156862745,"fill":"#ffd600","stroke-opacity":1,"stroke":"#ffd600","stroke-width":1.2,"OBJECTID":"152","CODDIS":"10","NOMDIS":"Latina","COD_BAR":"107","NOMBRE":"Águilas","Shape_Leng":"7627.75299821","COD_DIS_TX":"10","BARRIO_MAY":"AGUILAS","COD_DISBAR":"107","NUM_BAR":"7","BARRIO_MT":"ÁGUILAS","COD_DISB":"10-7","Shape_STAr":"3609602.61663","Shape_STLe":"7627.75299821","id":"107","shape_name":"Águilas","s_var_popdensity":"-0.357249442777408","s_var_carsxperson":"-0.00496323782220497","comp_score":"-2.34315821949105","comp_score_n":"-2.34315821949105"}},{"type":"Feature","geometry":{"type":"Polygon","coordinates":[[[-3.629792,40.392562,0],[-3.632612,40.393248,0],[-3.639014,40.3946,0],[-3.639469,40.394693,0],[-3.639981,40.394797,0],[-3.640429,40.393727,0],[-3.641012,40.392929,0],[-3.641955,40.391715,0],[-3.642754,40.390579,0],[-3.643313,40.389887,0],[-3.643937,40.389055,0],[-3.644996,40.387665,0],[-3.645916,40.386473,0],[-3.646514,40.385699,0],[-3.647036,40.385037,0],[-3.647885,40.383964,0],[-3.648151,40.383628,0],[-3.648596,40.383213,0],[-3.649217,40.382743,0],[-3.649679,40.382457,0],[-3.650186,40.382198,0],[-3.650569,40.382024,0],[-3.650823,40.381922,0],[-3.6517,40.381641,0],[-3.652444,40.381475,0],[-3.652884,40.381424,0],[-3.652859,40.379668,0],[-3.652834,40.377876,0],[-3.652996,40.377377,0],[-3.653121,40.377141,0],[-3.653306,40.376928,0],[-3.653493,40.376765,0],[-3.653728,40.376625,0],[-3.653936,40.376535,0],[-3.654113,40.376484,0],[-3.654315,40.376454,0],[-3.654384,40.376031,0],[-3.652812,40.376018,0],[-3.652361,40.376046,0],[-3.651505,40.3761,0],[-3.649907,40.376313,0],[-3.648576,40.376524,0],[-3.645068,40.37723,0],[-3.641511,40.377954,0],[-3.634376,40.379773,0],[-3.633027,40.380102,0],[-3.632586,40.380209,0],[-3.630191,40.380779,0],[-3.627162,40.381504,0],[-3.625905,40.381793,0],[-3.624586,40.382093,0],[-3.625323,40.383234,0],[-3.624765,40.384161,0],[-3.624329,40.385012,0],[-3.6237,40.38643,0],[-3.621889,40.390839,0],[-3.623021,40.391085,0],[-3.625117,40.391545,0],[-3.627464,40.392057,0],[-3.629792,40.392562,0]]]},"properties":{"name":"PALOMERAS SURESTE","description":"","styleUrl":"#poly-757575-1200-76","fill-opacity":0.2980392156862745,"fill":"#757575","stroke-opacity":1,"stroke":"#757575","stroke-width":1.2,"OBJECTID":"153","CODDIS":"13","NOMDIS":"Puente de Vallecas","COD_BAR":"134","NOMBRE":"Palomeras Sureste","Shape_Leng":"7823.24915143","COD_DIS_TX":"13","BARRIO_MAY":"PALOMERAS SURESTE","COD_DISBAR":"134","NUM_BAR":"4","BARRIO_MT":"PALOMERAS SURESTE","COD_DISB":"13-4","Shape_STAr":"3108597.47995","Shape_STLe":"7823.24915143","id":"134","shape_name":"Palomeras Sureste","s_var_popdensity":"-0.3835076246864","s_var_carsxperson":"-0.037447019039155","comp_score":"-10.2620463127174","comp_score_n":"-10.2620463127174"}},{"type":"Feature","geometry":{"type":"Polygon","coordinates":[[[-3.654065,40.391585,0],[-3.654367,40.391609,0],[-3.655255,40.391679,0],[-3.656806,40.391849,0],[-3.65693,40.391874,0],[-3.656963,40.391882,0],[-3.657002,40.391892,0],[-3.657209,40.39199,0],[-3.657241,40.392006,0],[-3.658237,40.392528,0],[-3.65887,40.392845,0],[-3.66003,40.393485,0],[-3.662386,40.394721,0],[-3.663836,40.393092,0],[-3.663835,40.393017,0],[-3.663842,40.392957,0],[-3.664166,40.392101,0],[-3.664421,40.391473,0],[-3.664546,40.391251,0],[-3.665116,40.390343,0],[-3.664745,40.389272,0],[-3.664661,40.38903,0],[-3.664255,40.387499,0],[-3.66425,40.387478,0],[-3.664313,40.387406,0],[-3.664189,40.386775,0],[-3.663966,40.385513,0],[-3.663708,40.384306,0],[-3.663445,40.383077,0],[-3.663939,40.382465,0],[-3.66419,40.382683,0],[-3.6666,40.380846,0],[-3.666959,40.380643,0],[-3.666376,40.380195,0],[-3.666337,40.380165,0],[-3.665619,40.379618,0],[-3.665459,40.379522,0],[-3.665246,40.379386,0],[-3.665067,40.379268,0],[-3.664299,40.378787,0],[-3.663674,40.378437,0],[-3.663055,40.378117,0],[-3.662439,40.377836,0],[-3.66216,40.377712,0],[-3.661847,40.377579,0],[-3.661539,40.377451,0],[-3.661251,40.377337,0],[-3.660369,40.377058,0],[-3.659958,40.376948,0],[-3.659314,40.376777,0],[-3.658998,40.376687,0],[-3.658691,40.376601,0],[-3.658154,40.376453,0],[-3.656884,40.376251,0],[-3.65667,40.376225,0],[-3.656378,40.376189,0],[-3.655817,40.37612,0],[-3.655702,40.376106,0],[-3.654751,40.376029,0],[-3.654384,40.376031,0],[-3.654315,40.376454,0],[-3.654113,40.376484,0],[-3.653936,40.376535,0],[-3.653728,40.376625,0],[-3.653493,40.376765,0],[-3.653306,40.376928,0],[-3.653121,40.377141,0],[-3.652996,40.377377,0],[-3.652834,40.377876,0],[-3.652859,40.379668,0],[-3.652884,40.381424,0],[-3.652968,40.382284,0],[-3.653092,40.383617,0],[-3.65309,40.384054,0],[-3.65309,40.384057,0],[-3.653086,40.38493,0],[-3.653078,40.386909,0],[-3.652997,40.388274,0],[-3.652932,40.389366,0],[-3.65373,40.391558,0],[-3.654065,40.391585,0]]]},"properties":{"name":"PALOMERAS BAJAS","description":"","styleUrl":"#poly-FFD600-1200-76","fill-opacity":0.2980392156862745,"fill":"#ffd600","stroke-opacity":1,"stroke":"#ffd600","stroke-width":1.2,"OBJECTID":"154","CODDIS":"13","NOMDIS":"Puente de Vallecas","COD_BAR":"133","NOMBRE":"Palomeras Bajas","Shape_Leng":"5649.53359313","COD_DIS_TX":"13","BARRIO_MAY":"PALOMERAS BAJAS","COD_DISBAR":"133","NUM_BAR":"3","BARRIO_MT":"PALOMERAS BAJAS","COD_DISB":"13-3","Shape_STAr":"1723868.31405","Shape_STLe":"5649.53359312","id":"133","shape_name":"Palomeras Bajas","s_var_popdensity":"0.407567966055799","s_var_carsxperson":"-0.435544341755825","comp_score":"2.14522917477929","comp_score_n":"2.14522917477929"}},{"type":"Feature","geometry":{"type":"Polygon","coordinates":[[[-3.676445,40.392332,0],[-3.679654,40.395147,0],[-3.679924,40.395043,0],[-3.679974,40.395021,0],[-3.680156,40.394953,0],[-3.680645,40.39477,0],[-3.681151,40.394559,0],[-3.681211,40.394528,0],[-3.681281,40.394491,0],[-3.68184,40.394195,0],[-3.682404,40.393896,0],[-3.683511,40.393281,0],[-3.683961,40.393031,0],[-3.684489,40.393842,0],[-3.68469,40.39415,0],[-3.686038,40.393366,0],[-3.686354,40.393192,0],[-3.687137,40.392757,0],[-3.687774,40.393862,0],[-3.687865,40.39377,0],[-3.687964,40.393702,0],[-3.688061,40.393655,0],[-3.688963,40.393348,0],[-3.688883,40.393193,0],[-3.693055,40.391806,0],[-3.693236,40.391746,0],[-3.694791,40.39124,0],[-3.695111,40.391146,0],[-3.69809,40.389096,0],[-3.695619,40.386983,0],[-3.692151,40.384106,0],[-3.689746,40.382331,0],[-3.689481,40.382486,0],[-3.689114,40.382657,0],[-3.688756,40.382795,0],[-3.688221,40.382971,0],[-3.687453,40.383163,0],[-3.686977,40.383276,0],[-3.684866,40.383678,0],[-3.684311,40.38379,0],[-3.683969,40.383883,0],[-3.683598,40.384003,0],[-3.683349,40.384139,0],[-3.68315,40.384277,0],[-3.682943,40.384441,0],[-3.682726,40.384651,0],[-3.682348,40.385122,0],[-3.679149,40.389993,0],[-3.678718,40.3905,0],[-3.678288,40.390909,0],[-3.677565,40.391484,0],[-3.676445,40.392332,0]]]},"properties":{"name":"LEGAZPI","description":"","styleUrl":"#poly-BDBDBD-1200-76","fill-opacity":0.2980392156862745,"fill":"#bdbdbd","stroke-opacity":1,"stroke":"#bdbdbd","stroke-width":1.2,"OBJECTID":"155","CODDIS":"2","NOMDIS":"Arganzuela","COD_BAR":"024","NOMBRE":"Legazpi","Shape_Leng":"5141.64267076","COD_DIS_TX":"02","BARRIO_MAY":"LEGAZPI","COD_DISBAR":"24","NUM_BAR":"4","BARRIO_MT":"LEGAZPI","COD_DISB":"2-4","Shape_STAr":"1414470.49693","Shape_STLe":"5141.64267076","id":"24","shape_name":"Legazpi","s_var_popdensity":"-0.393504789830132","s_var_carsxperson":"-0.240763758781788","comp_score":"-20.7179925829405","comp_score_n":"-20.7179925829405"}},{"type":"Feature","geometry":{"type":"Polygon","coordinates":[[[-3.69809,40.389096,0],[-3.699557,40.390646,0],[-3.702393,40.393645,0],[-3.703377,40.394453,0],[-3.704399,40.395085,0],[-3.704641,40.395234,0],[-3.7063,40.393264,0],[-3.706777,40.39275,0],[-3.707229,40.392289,0],[-3.707536,40.392019,0],[-3.707937,40.391704,0],[-3.708133,40.391578,0],[-3.708279,40.391487,0],[-3.70845,40.391399,0],[-3.708688,40.39128,0],[-3.708778,40.391235,0],[-3.708795,40.391227,0],[-3.709007,40.391136,0],[-3.709105,40.391093,0],[-3.709484,40.390948,0],[-3.710248,40.390645,0],[-3.711883,40.389995,0],[-3.712009,40.389946,0],[-3.712879,40.389525,0],[-3.713012,40.389429,0],[-3.713357,40.389183,0],[-3.713683,40.388911,0],[-3.713897,40.388713,0],[-3.714232,40.388403,0],[-3.714596,40.388045,0],[-3.715023,40.387646,0],[-3.715429,40.387267,0],[-3.716391,40.386368,0],[-3.716871,40.385921,0],[-3.717556,40.385281,0],[-3.716963,40.385204,0],[-3.716294,40.385195,0],[-3.71602,40.385191,0],[-3.714717,40.385174,0],[-3.711837,40.385134,0],[-3.710768,40.385282,0],[-3.708799,40.385497,0],[-3.708215,40.385565,0],[-3.705755,40.385848,0],[-3.703366,40.386103,0],[-3.702509,40.386215,0],[-3.702336,40.38627,0],[-3.700525,40.387467,0],[-3.699407,40.388174,0],[-3.699402,40.388177,0],[-3.69809,40.389096,0]]]},"properties":{"name":"MOSCARDÓ","description":"","styleUrl":"#poly-A52714-1200-76","fill-opacity":0.2980392156862745,"fill":"#a52714","stroke-opacity":1,"stroke":"#a52714","stroke-width":1.2,"OBJECTID":"156","CODDIS":"12","NOMDIS":"Usera","COD_BAR":"125","NOMBRE":"Moscardó","Shape_Leng":"4248.7102722","COD_DIS_TX":"12","BARRIO_MAY":"MOSCARDO","COD_DISBAR":"125","NUM_BAR":"5","BARRIO_MT":"MOSCARDÓ","COD_DISB":"12-5","Shape_STAr":"908787.651465","Shape_STLe":"4248.71027219","id":"125","shape_name":"Moscardó","s_var_popdensity":"0.88295168453706","s_var_carsxperson":"-1.11810872846464","comp_score":"30.4340482585955","comp_score_n":"30.4340482585955"}},{"type":"Feature","geometry":{"type":"Polygon","coordinates":[[[-3.717556,40.385281,0],[-3.717409,40.385694,0],[-3.717063,40.386668,0],[-3.716676,40.387756,0],[-3.71653,40.388168,0],[-3.716437,40.388334,0],[-3.716207,40.389085,0],[-3.716204,40.389093,0],[-3.716185,40.389155,0],[-3.715923,40.389971,0],[-3.715809,40.390329,0],[-3.71561,40.39098,0],[-3.715354,40.391806,0],[-3.715278,40.392015,0],[-3.715223,40.392648,0],[-3.715234,40.392963,0],[-3.715234,40.392964,0],[-3.715574,40.394162,0],[-3.715623,40.39434,0],[-3.715616,40.394448,0],[-3.715298,40.395272,0],[-3.715101,40.396,0],[-3.715801,40.397718,0],[-3.716787,40.397217,0],[-3.717215,40.397,0],[-3.717922,40.396611,0],[-3.718331,40.396386,0],[-3.720417,40.395266,0],[-3.720939,40.394986,0],[-3.721433,40.394706,0],[-3.722701,40.393985,0],[-3.724022,40.393255,0],[-3.724697,40.392888,0],[-3.726702,40.391799,0],[-3.727516,40.391282,0],[-3.728676,40.390543,0],[-3.730089,40.389622,0],[-3.731773,40.388524,0],[-3.732235,40.388214,0],[-3.729612,40.387083,0],[-3.727699,40.386265,0],[-3.72689,40.385964,0],[-3.726014,40.385769,0],[-3.725048,40.385634,0],[-3.723611,40.385421,0],[-3.723129,40.385352,0],[-3.722756,40.385299,0],[-3.722307,40.38526,0],[-3.721943,40.385245,0],[-3.721823,40.38524,0],[-3.721138,40.385235,0],[-3.717556,40.385281,0]]]},"properties":{"name":"OPAÑEL","description":"","styleUrl":"#poly-A52714-1200-76","fill-opacity":0.2980392156862745,"fill":"#a52714","stroke-opacity":1,"stroke":"#a52714","stroke-width":1.2,"OBJECTID":"157","CODDIS":"11","NOMDIS":"Carabanchel","COD_BAR":"112","NOMBRE":"Opañel","Shape_Leng":"4492.8314969","COD_DIS_TX":"11","BARRIO_MAY":"OPAÑEL","COD_DISBAR":"112","NUM_BAR":"2","BARRIO_MT":"OPAÑEL","COD_DISB":"11-2","Shape_STAr":"1107286.0441","Shape_STLe":"4492.8314969","id":"112","shape_name":"Opañel","s_var_popdensity":"0.9945267130119","s_var_carsxperson":"-0.910656821109282","comp_score":"27.0380624705727","comp_score_n":"27.0380624705727"}},{"type":"Feature","geometry":{"type":"Polygon","coordinates":[[[-3.662386,40.394721,0],[-3.662915,40.394998,0],[-3.663586,40.395349,0],[-3.664095,40.395615,0],[-3.665272,40.396241,0],[-3.665345,40.39628,0],[-3.667486,40.397412,0],[-3.669257,40.398324,0],[-3.669627,40.39783,0],[-3.670055,40.397389,0],[-3.670396,40.397073,0],[-3.670963,40.396573,0],[-3.672043,40.395309,0],[-3.672924,40.394671,0],[-3.67352,40.394314,0],[-3.673147,40.393557,0],[-3.672494,40.391751,0],[-3.672429,40.391442,0],[-3.672198,40.390433,0],[-3.672134,40.390233,0],[-3.672118,40.390138,0],[-3.672062,40.389932,0],[-3.672012,40.389764,0],[-3.671966,40.389609,0],[-3.671643,40.388482,0],[-3.671403,40.387701,0],[-3.671222,40.387114,0],[-3.671086,40.386716,0],[-3.670781,40.385821,0],[-3.670406,40.385072,0],[-3.670289,40.384838,0],[-3.67008,40.384445,0],[-3.669711,40.383883,0],[-3.669381,40.383379,0],[-3.669079,40.38297,0],[-3.668897,40.382723,0],[-3.668774,40.382575,0],[-3.668706,40.382493,0],[-3.668648,40.382425,0],[-3.668306,40.382036,0],[-3.668222,40.381944,0],[-3.667989,40.381674,0],[-3.667713,40.381398,0],[-3.667246,40.38093,0],[-3.666959,40.380643,0],[-3.6666,40.380846,0],[-3.66419,40.382683,0],[-3.663939,40.382465,0],[-3.663445,40.383077,0],[-3.663708,40.384306,0],[-3.663966,40.385513,0],[-3.664189,40.386775,0],[-3.664313,40.387406,0],[-3.66425,40.387478,0],[-3.664255,40.387499,0],[-3.664661,40.38903,0],[-3.664745,40.389272,0],[-3.665116,40.390343,0],[-3.664546,40.391251,0],[-3.664421,40.391473,0],[-3.664166,40.392101,0],[-3.663842,40.392957,0],[-3.663835,40.393017,0],[-3.663836,40.393092,0],[-3.662386,40.394721,0]]]},"properties":{"name":"SAN DIEGO","description":"","styleUrl":"#poly-A52714-1200-76","fill-opacity":0.2980392156862745,"fill":"#a52714","stroke-opacity":1,"stroke":"#a52714","stroke-width":1.2,"OBJECTID":"158","CODDIS":"13","NOMDIS":"Puente de Vallecas","COD_BAR":"132","NOMBRE":"San Diego","Shape_Leng":"4726.30980582","COD_DIS_TX":"13","BARRIO_MAY":"SAN DIEGO","COD_DISBAR":"132","NUM_BAR":"2","BARRIO_MT":"SAN DIEGO","COD_DISB":"13-2","Shape_STAr":"1069868.70039","Shape_STLe":"4726.30980581","id":"132","shape_name":"San Diego","s_var_popdensity":"1.94741726320664","s_var_carsxperson":"-1.6577469701419","comp_score":"49.21246102018","comp_score_n":"49.21246102018"}},{"type":"Feature","geometry":{"type":"Polygon","coordinates":[[[-3.639981,40.394797,0],[-3.642282,40.395347,0],[-3.642634,40.395451,0],[-3.643108,40.395635,0],[-3.643419,40.395771,0],[-3.643767,40.395939,0],[-3.644295,40.396209,0],[-3.644912,40.396626,0],[-3.644914,40.396628,0],[-3.64544,40.397075,0],[-3.64544,40.397076,0],[-3.647061,40.398537,0],[-3.648335,40.397699,0],[-3.648713,40.397451,0],[-3.649179,40.397145,0],[-3.651702,40.395487,0],[-3.652258,40.395056,0],[-3.65261,40.394716,0],[-3.653068,40.394302,0],[-3.653336,40.394002,0],[-3.653449,40.393874,0],[-3.653461,40.393861,0],[-3.653473,40.393848,0],[-3.653687,40.393509,0],[-3.65377,40.393377,0],[-3.65381,40.393243,0],[-3.653843,40.393138,0],[-3.654065,40.391585,0],[-3.65373,40.391558,0],[-3.652932,40.389366,0],[-3.652997,40.388274,0],[-3.653078,40.386909,0],[-3.653086,40.38493,0],[-3.65309,40.384057,0],[-3.65309,40.384054,0],[-3.653092,40.383617,0],[-3.652968,40.382284,0],[-3.652884,40.381424,0],[-3.652444,40.381475,0],[-3.6517,40.381641,0],[-3.650823,40.381922,0],[-3.650569,40.382024,0],[-3.650186,40.382198,0],[-3.649679,40.382457,0],[-3.649217,40.382743,0],[-3.648596,40.383213,0],[-3.648151,40.383628,0],[-3.647885,40.383964,0],[-3.647036,40.385037,0],[-3.646514,40.385699,0],[-3.645916,40.386473,0],[-3.644996,40.387665,0],[-3.643937,40.389055,0],[-3.643313,40.389887,0],[-3.642754,40.390579,0],[-3.641955,40.391715,0],[-3.641012,40.392929,0],[-3.640429,40.393727,0],[-3.639981,40.394797,0]]]},"properties":{"name":"PORTAZGO","description":"","styleUrl":"#poly-E65100-1200-76","fill-opacity":0.2980392156862745,"fill":"#e65100","stroke-opacity":1,"stroke":"#e65100","stroke-width":1.2,"OBJECTID":"159","CODDIS":"13","NOMDIS":"Puente de Vallecas","COD_BAR":"135","NOMBRE":"Portazgo","Shape_Leng":"4834.74449881","COD_DIS_TX":"13","BARRIO_MAY":"PORTAZGO","COD_DISBAR":"135","NUM_BAR":"5","BARRIO_MT":"PORTAZGO","COD_DISB":"13-5","Shape_STAr":"1245260.69119","Shape_STLe":"4834.74449881","id":"135","shape_name":"Portazgo","s_var_popdensity":"0.374589433777455","s_var_carsxperson":"-0.606323706538779","comp_score":"10.844902269334","comp_score_n":"10.844902269334"}},{"type":"Feature","geometry":{"type":"Polygon","coordinates":[[[-3.704641,40.395234,0],[-3.707344,40.395895,0],[-3.708229,40.396109,0],[-3.708786,40.396277,0],[-3.709698,40.396552,0],[-3.710294,40.396801,0],[-3.710804,40.397014,0],[-3.711387,40.397331,0],[-3.712165,40.397891,0],[-3.712737,40.398356,0],[-3.713184,40.398744,0],[-3.713448,40.398959,0],[-3.714053,40.399346,0],[-3.714899,40.399668,0],[-3.715801,40.397718,0],[-3.715101,40.396,0],[-3.715298,40.395272,0],[-3.715616,40.394448,0],[-3.715623,40.39434,0],[-3.715574,40.394162,0],[-3.715234,40.392964,0],[-3.715234,40.392963,0],[-3.715223,40.392648,0],[-3.715278,40.392015,0],[-3.715354,40.391806,0],[-3.71561,40.39098,0],[-3.715809,40.390329,0],[-3.715923,40.389971,0],[-3.716185,40.389155,0],[-3.716204,40.389093,0],[-3.716207,40.389085,0],[-3.716437,40.388334,0],[-3.71653,40.388168,0],[-3.716676,40.387756,0],[-3.717063,40.386668,0],[-3.717409,40.385694,0],[-3.717556,40.385281,0],[-3.716871,40.385921,0],[-3.716391,40.386368,0],[-3.715429,40.387267,0],[-3.715023,40.387646,0],[-3.714596,40.388045,0],[-3.714232,40.388403,0],[-3.713897,40.388713,0],[-3.713683,40.388911,0],[-3.713357,40.389183,0],[-3.713012,40.389429,0],[-3.712879,40.389525,0],[-3.712009,40.389946,0],[-3.711883,40.389995,0],[-3.710248,40.390645,0],[-3.709484,40.390948,0],[-3.709105,40.391093,0],[-3.709007,40.391136,0],[-3.708795,40.391227,0],[-3.708778,40.391235,0],[-3.708688,40.39128,0],[-3.70845,40.391399,0],[-3.708279,40.391487,0],[-3.708133,40.391578,0],[-3.707937,40.391704,0],[-3.707536,40.392019,0],[-3.707229,40.392289,0],[-3.706777,40.39275,0],[-3.7063,40.393264,0],[-3.704641,40.395234,0]]]},"properties":{"name":"COMILLAS","description":"","styleUrl":"#poly-A52714-1200-76","fill-opacity":0.2980392156862745,"fill":"#a52714","stroke-opacity":1,"stroke":"#a52714","stroke-width":1.2,"OBJECTID":"160","CODDIS":"11","NOMDIS":"Carabanchel","COD_BAR":"111","NOMBRE":"Comillas","Shape_Leng":"4257.85571595","COD_DIS_TX":"11","BARRIO_MAY":"COMILLAS","COD_DISBAR":"111","NUM_BAR":"1","BARRIO_MT":"COMILLAS","COD_DISB":"11-1","Shape_STAr":"666096.128544","Shape_STLe":"4257.85571595","id":"111","shape_name":"Comillas","s_var_popdensity":"1.28394950413838","s_var_carsxperson":"-0.62107994472912","comp_score":"24.027846183224","comp_score_n":"24.027846183224"}},{"type":"Feature","geometry":{"type":"Polygon","coordinates":[[[-3.7643606,40.3994006,0],[-3.764745,40.399301,0],[-3.765503,40.399103,0],[-3.765625,40.399274,0],[-3.767011,40.399236,0],[-3.769281,40.399622,0],[-3.770647,40.399534,0],[-3.773693,40.400283,0],[-3.773845,40.400302,0],[-3.774554,40.400315,0],[-3.774555,40.400315,0],[-3.77456,40.400315,0],[-3.77456,40.400306,0],[-3.775853,40.400089,0],[-3.77765,40.399136,0],[-3.778109,40.398045,0],[-3.778114,40.397655,0],[-3.779675,40.396845,0],[-3.780109,40.395837,0],[-3.780715,40.395337,0],[-3.781485,40.394183,0],[-3.786759,40.392827,0],[-3.789394,40.392419,0],[-3.788587,40.393973,0],[-3.793789,40.393634,0],[-3.796466,40.392265,0],[-3.801048,40.392144,0],[-3.804257,40.392057,0],[-3.808414,40.392414,0],[-3.810862,40.392805,0],[-3.814852,40.394033,0],[-3.818265,40.395955,0],[-3.81931,40.396366,0],[-3.820663,40.396618,0],[-3.821485,40.396621,0],[-3.821902,40.396646,0],[-3.822319,40.396624,0],[-3.822594,40.396577,0],[-3.822937,40.396529,0],[-3.823145,40.396505,0],[-3.823317,40.396506,0],[-3.823922,40.396555,0],[-3.824539,40.396566,0],[-3.82484,40.396574,0],[-3.825307,40.396569,0],[-3.825768,40.396509,0],[-3.826265,40.396458,0],[-3.826955,40.396405,0],[-3.827817,40.39638,0],[-3.828326,40.396401,0],[-3.828718,40.396411,0],[-3.828986,40.396412,0],[-3.829951,40.396356,0],[-3.831017,40.396152,0],[-3.83212,40.39603,0],[-3.832852,40.396054,0],[-3.833615,40.396157,0],[-3.833809,40.396173,0],[-3.833979,40.396134,0],[-3.834162,40.396058,0],[-3.833456,40.395473,0],[-3.83346,40.395463,0],[-3.833438,40.395413,0],[-3.833409,40.39534,0],[-3.833384,40.395275,0],[-3.833362,40.395224,0],[-3.833314,40.395095,0],[-3.833284,40.395023,0],[-3.83325,40.394934,0],[-3.833225,40.394868,0],[-3.833192,40.394788,0],[-3.833158,40.394699,0],[-3.833118,40.394603,0],[-3.833079,40.394502,0],[-3.833019,40.394361,0],[-3.832971,40.394245,0],[-3.83291,40.394086,0],[-3.832905,40.394073,0],[-3.832817,40.393873,0],[-3.832814,40.393866,0],[-3.832757,40.393749,0],[-3.832704,40.393654,0],[-3.832658,40.39359,0],[-3.832652,40.393591,0],[-3.832512,40.393327,0],[-3.832408,40.393145,0],[-3.832377,40.393093,0],[-3.832302,40.392969,0],[-3.832199,40.392808,0],[-3.832127,40.392699,0],[-3.832094,40.392647,0],[-3.832011,40.392528,0],[-3.831927,40.392409,0],[-3.83184,40.392291,0],[-3.831782,40.392213,0],[-3.831682,40.392076,0],[-3.831655,40.392041,0],[-3.830914,40.391034,0],[-3.830909,40.391037,0],[-3.830907,40.391034,0],[-3.830906,40.391034,0],[-3.830868,40.391052,0],[-3.830851,40.39103,0],[-3.830827,40.390999,0],[-3.830777,40.390935,0],[-3.830688,40.390819,0],[-3.830627,40.390742,0],[-3.83054,40.390629,0],[-3.830335,40.390365,0],[-3.830317,40.390342,0],[-3.830254,40.390261,0],[-3.830239,40.390242,0],[-3.830193,40.390183,0],[-3.83019,40.390185,0],[-3.830186,40.390175,0],[-3.830187,40.39017,0],[-3.830205,40.390153,0],[-3.830232,40.390129,0],[-3.830236,40.390117,0],[-3.830235,40.390109,0],[-3.83023,40.390098,0],[-3.830175,40.390026,0],[-3.83017,40.390017,0],[-3.830083,40.389909,0],[-3.830076,40.389899,0],[-3.829959,40.389745,0],[-3.829856,40.389612,0],[-3.82985,40.389605,0],[-3.82973,40.389453,0],[-3.829615,40.389307,0],[-3.829609,40.389296,0],[-3.829501,40.389159,0],[-3.829497,40.389151,0],[-3.829373,40.388987,0],[-3.829368,40.388978,0],[-3.8292,40.388757,0],[-3.829088,40.38861,0],[-3.828963,40.388449,0],[-3.828862,40.388329,0],[-3.823729,40.382137,0],[-3.823538,40.381766,0],[-3.823201,40.381105,0],[-3.822778,40.380535,0],[-3.822392,40.380169,0],[-3.822062,40.379827,0],[-3.821913,40.379682,0],[-3.821668,40.379491,0],[-3.821505,40.379377,0],[-3.821305,40.379225,0],[-3.821012,40.378919,0],[-3.820583,40.378455,0],[-3.820187,40.377969,0],[-3.819651,40.377342,0],[-3.819401,40.37706,0],[-3.819157,40.376783,0],[-3.818652,40.376216,0],[-3.818075,40.375576,0],[-3.817878,40.375344,0],[-3.817709,40.375165,0],[-3.817544,40.375001,0],[-3.817212,40.37462,0],[-3.817071,40.374481,0],[-3.816648,40.37401,0],[-3.815369,40.372497,0],[-3.814948,40.371912,0],[-3.814208,40.371014,0],[-3.81346,40.370043,0],[-3.813289,40.369833,0],[-3.813212,40.369603,0],[-3.812811,40.368732,0],[-3.812201,40.367336,0],[-3.812076,40.366979,0],[-3.811821,40.366376,0],[-3.811425,40.365623,0],[-3.810895,40.364596,0],[-3.810515,40.363717,0],[-3.80693,40.366453,0],[-3.80094,40.371484,0],[-3.796346,40.374991,0],[-3.792166,40.378236,0],[-3.788576,40.381041,0],[-3.787698,40.381674,0],[-3.783256,40.384877,0],[-3.78015,40.387306,0],[-3.77734,40.389445,0],[-3.773382,40.392458,0],[-3.772215,40.393346,0],[-3.771667,40.393764,0],[-3.771565,40.393841,0],[-3.770381,40.394786,0],[-3.768695,40.396092,0],[-3.767819,40.396767,0],[-3.766537,40.397754,0],[-3.765114,40.398855,0],[-3.765061,40.398893,0],[-3.7643606,40.3994006,0]]]},"properties":{"name":"CAMPAMENTO","description":"","styleUrl":"#poly-E65100-1200-76","fill-opacity":0.2980392156862745,"fill":"#e65100","stroke-opacity":1,"stroke":"#e65100","stroke-width":1.2,"OBJECTID":"161","CODDIS":"10","NOMDIS":"Latina","COD_BAR":"105","NOMBRE":"Campamento","Shape_Leng":"16523.70180977","COD_DIS_TX":"10","BARRIO_MAY":"CAMPAMENTO","COD_DISBAR":"105","NUM_BAR":"5","BARRIO_MT":"CAMPAMENTO","COD_DISB":"10-5","Shape_STAr":"9191379.46528","Shape_STLe":"16523.7018098","id":"105","shape_name":"Campamento","s_var_popdensity":"-1.3510367838146","s_var_carsxperson":"-0.541783293872152","comp_score":"5.11347441214609","comp_score_n":"5.11347441214609"}},{"type":"Feature","geometry":{"type":"Polygon","coordinates":[[[-3.695111,40.391146,0],[-3.694842,40.393104,0],[-3.694749,40.394216,0],[-3.695893,40.395867,0],[-3.696201,40.396349,0],[-3.696687,40.397024,0],[-3.697895,40.398771,0],[-3.698348,40.399462,0],[-3.699006,40.400409,0],[-3.699337,40.401033,0],[-3.6997,40.400539,0],[-3.700444,40.399732,0],[-3.701051,40.399059,0],[-3.701589,40.398472,0],[-3.702085,40.397938,0],[-3.702185,40.397855,0],[-3.702284,40.397773,0],[-3.703247,40.396781,0],[-3.704641,40.395234,0],[-3.704399,40.395085,0],[-3.703377,40.394453,0],[-3.702393,40.393645,0],[-3.699557,40.390646,0],[-3.69809,40.389096,0],[-3.695111,40.391146,0]]]},"properties":{"name":"CHOPERA","description":"","styleUrl":"#poly-E65100-1200-76","fill-opacity":0.2980392156862745,"fill":"#e65100","stroke-opacity":1,"stroke":"#e65100","stroke-width":1.2,"OBJECTID":"162","CODDIS":"2","NOMDIS":"Arganzuela","COD_BAR":"023","NOMBRE":"Chopera","Shape_Leng":"3203.40797373","COD_DIS_TX":"02","BARRIO_MAY":"CHOPERA","COD_DISBAR":"23","NUM_BAR":"3","BARRIO_MT":"CHOPERA","COD_DISB":"2-3","Shape_STAr":"567786.529133","Shape_STLe":"3203.40797373","id":"23","shape_name":"Chopera","s_var_popdensity":"1.34107156515798","s_var_carsxperson":"-0.629862403219384","comp_score":"18.2851303516955","comp_score_n":"18.2851303516955"}},{"type":"Feature","geometry":{"type":"Polygon","coordinates":[[[-3.696167,40.400924,0],[-3.699337,40.401033,0],[-3.699006,40.400409,0],[-3.698348,40.399462,0],[-3.697895,40.398771,0],[-3.696687,40.397024,0],[-3.696201,40.396349,0],[-3.695893,40.395867,0],[-3.694749,40.394216,0],[-3.694842,40.393104,0],[-3.695111,40.391146,0],[-3.694791,40.39124,0],[-3.693236,40.391746,0],[-3.693055,40.391806,0],[-3.688883,40.393193,0],[-3.688963,40.393348,0],[-3.688061,40.393655,0],[-3.687964,40.393702,0],[-3.687865,40.39377,0],[-3.687774,40.393862,0],[-3.687137,40.392757,0],[-3.686354,40.393192,0],[-3.686038,40.393366,0],[-3.68469,40.39415,0],[-3.684489,40.393842,0],[-3.683961,40.393031,0],[-3.683511,40.393281,0],[-3.682404,40.393896,0],[-3.68184,40.394195,0],[-3.681281,40.394491,0],[-3.681211,40.394528,0],[-3.681151,40.394559,0],[-3.680645,40.39477,0],[-3.680156,40.394953,0],[-3.679974,40.395021,0],[-3.679924,40.395043,0],[-3.679654,40.395147,0],[-3.679779,40.395266,0],[-3.682502,40.39773,0],[-3.685484,40.4004,0],[-3.690972,40.400704,0],[-3.692341,40.40078,0],[-3.692446,40.400786,0],[-3.692678,40.400797,0],[-3.693828,40.400849,0],[-3.693977,40.400774,0],[-3.696167,40.400924,0]]]},"properties":{"name":"DELICIAS","description":"","styleUrl":"#poly-FFD600-1200-76","fill-opacity":0.2980392156862745,"fill":"#ffd600","stroke-opacity":1,"stroke":"#ffd600","stroke-width":1.2,"OBJECTID":"163","CODDIS":"2","NOMDIS":"Arganzuela","COD_BAR":"025","NOMBRE":"Delicias","Shape_Leng":"4818.00335497","COD_DIS_TX":"02","BARRIO_MAY":"DELICIAS","COD_DISBAR":"25","NUM_BAR":"5","BARRIO_MT":"DELICIAS","COD_DISB":"2-5","Shape_STAr":"1054679.15941","Shape_STLe":"4818.00335497","id":"25","shape_name":"Delicias","s_var_popdensity":"0.705446448004623","s_var_carsxperson":"-0.64581702922972","comp_score":"2.01247546506677","comp_score_n":"2.01247546506677"}},{"type":"Feature","geometry":{"type":"Polygon","coordinates":[[[-3.754186,40.396477,0],[-3.754506,40.396936,0],[-3.754792,40.397175,0],[-3.755151,40.397417,0],[-3.755537,40.397635,0],[-3.755949,40.397882,0],[-3.756413,40.398091,0],[-3.757017,40.398369,0],[-3.757741,40.398714,0],[-3.758202,40.399035,0],[-3.758459,40.399286,0],[-3.758984,40.400015,0],[-3.760212,40.40194,0],[-3.760805,40.40288,0],[-3.762275,40.400992,0],[-3.762392,40.400931,0],[-3.762737,40.400689,0],[-3.764359,40.399401,0],[-3.76436,40.399401,0],[-3.765061,40.398893,0],[-3.765114,40.398855,0],[-3.766537,40.397754,0],[-3.767819,40.396767,0],[-3.768695,40.396092,0],[-3.770381,40.394786,0],[-3.771565,40.393841,0],[-3.770579,40.393013,0],[-3.770283,40.392764,0],[-3.77009,40.392599,0],[-3.767508,40.39039,0],[-3.767292,40.390534,0],[-3.76271,40.386421,0],[-3.761781,40.385587,0],[-3.759306,40.38363,0],[-3.75865,40.384109,0],[-3.755632,40.383648,0],[-3.754783,40.383592,0],[-3.75359,40.383532,0],[-3.753037,40.383548,0],[-3.751708,40.384107,0],[-3.751587,40.384157,0],[-3.749547,40.385325,0],[-3.749516,40.385344,0],[-3.746868,40.386947,0],[-3.746185,40.387361,0],[-3.745352,40.387865,0],[-3.745132,40.387917,0],[-3.744899,40.387972,0],[-3.744736,40.388011,0],[-3.744432,40.388653,0],[-3.743814,40.389962,0],[-3.743571,40.390408,0],[-3.743274,40.390752,0],[-3.742848,40.391354,0],[-3.74225,40.391899,0],[-3.740879,40.393001,0],[-3.741137,40.393199,0],[-3.743272,40.394843,0],[-3.74343,40.395006,0],[-3.743507,40.395086,0],[-3.743565,40.395312,0],[-3.743599,40.395513,0],[-3.744567,40.395118,0],[-3.744607,40.395112,0],[-3.744762,40.395088,0],[-3.746069,40.395214,0],[-3.746651,40.39527,0],[-3.747194,40.395335,0],[-3.747408,40.395361,0],[-3.751833,40.395892,0],[-3.752497,40.395971,0],[-3.752575,40.395981,0],[-3.753228,40.396014,0],[-3.753494,40.395956,0],[-3.753655,40.395901,0],[-3.753771,40.395862,0],[-3.754186,40.396477,0]]]},"properties":{"name":"ALUCHE","description":"","styleUrl":"#poly-E65100-1200-76","fill-opacity":0.2980392156862745,"fill":"#e65100","stroke-opacity":1,"stroke":"#e65100","stroke-width":1.2,"OBJECTID":"164","CODDIS":"10","NOMDIS":"Latina","COD_BAR":"104","NOMBRE":"Aluche","Shape_Leng":"7267.78655978","COD_DIS_TX":"10","BARRIO_MAY":"ALUCHE","COD_DISBAR":"104","NUM_BAR":"4","BARRIO_MT":"ALUCHE","COD_DISB":"10-4","Shape_STAr":"2849809.70733","Shape_STLe":"7267.78655978","id":"104","shape_name":"Aluche","s_var_popdensity":"0.3981233863704","s_var_carsxperson":"-0.184119304068362","comp_score":"15.0726071615248","comp_score_n":"15.0726071615248"}},{"type":"Feature","geometry":{"type":"Polygon","coordinates":[[[-3.625273,40.403656,0],[-3.626218,40.403975,0],[-3.626728,40.40422,0],[-3.626879,40.404317,0],[-3.626948,40.404358,0],[-3.626993,40.40439,0],[-3.627266,40.404225,0],[-3.627639,40.403951,0],[-3.627875,40.403755,0],[-3.627876,40.403754,0],[-3.627922,40.403786,0],[-3.628007,40.403819,0],[-3.628021,40.403822,0],[-3.628106,40.403839,0],[-3.628197,40.403845,0],[-3.629237,40.403832,0],[-3.631577,40.403807,0],[-3.63226,40.403795,0],[-3.634291,40.403759,0],[-3.634856,40.402895,0],[-3.636166,40.40096,0],[-3.637953,40.398279,0],[-3.638514,40.397438,0],[-3.639687,40.395611,0],[-3.639981,40.394797,0],[-3.639469,40.394693,0],[-3.639014,40.3946,0],[-3.632612,40.393248,0],[-3.629792,40.392562,0],[-3.627977,40.395803,0],[-3.627713,40.396334,0],[-3.627489,40.396826,0],[-3.627292,40.397309,0],[-3.62707,40.397946,0],[-3.626885,40.398601,0],[-3.626792,40.399027,0],[-3.626607,40.39988,0],[-3.626409,40.40075,0],[-3.626246,40.401319,0],[-3.626108,40.401765,0],[-3.625918,40.402275,0],[-3.625664,40.402866,0],[-3.625448,40.403312,0],[-3.625273,40.403656,0]]]},"properties":{"name":"PAVONES","description":"","styleUrl":"#poly-757575-1200-76","fill-opacity":0.2980392156862745,"fill":"#757575","stroke-opacity":1,"stroke":"#757575","stroke-width":1.2,"OBJECTID":"165","CODDIS":"14","NOMDIS":"Moratalaz","COD_BAR":"141","NOMBRE":"Pavones","Shape_Leng":"4120.64910825","COD_DIS_TX":"14","BARRIO_MAY":"PAVONES","COD_DISBAR":"141","NUM_BAR":"1","BARRIO_MT":"PAVONES","COD_DISB":"14-1","Shape_STAr":"1009652.01594","Shape_STLe":"4120.64910825","id":"141","shape_name":"Pavones","s_var_popdensity":"-0.808491087879832","s_var_carsxperson":"0.145667380853855","comp_score":"-12.410806327879","comp_score_n":"-12.410806327879"}},{"type":"Feature","geometry":{"type":"Polygon","coordinates":[[[-3.605558,40.392514,0],[-3.605529,40.392552,0],[-3.605413,40.392699,0],[-3.605107,40.393296,0],[-3.604561,40.394278,0],[-3.604335,40.394622,0],[-3.604159,40.394888,0],[-3.603959,40.395188,0],[-3.603603,40.395654,0],[-3.603304,40.395996,0],[-3.603084,40.39622,0],[-3.602741,40.396554,0],[-3.602319,40.396897,0],[-3.601931,40.397197,0],[-3.601351,40.397593,0],[-3.600461,40.39815,0],[-3.599916,40.398474,0],[-3.599414,40.39876,0],[-3.598922,40.399076,0],[-3.5985,40.399335,0],[-3.598087,40.399594,0],[-3.59761,40.399873,0],[-3.597033,40.400184,0],[-3.596469,40.400539,0],[-3.595962,40.400858,0],[-3.595096,40.401388,0],[-3.594861,40.401532,0],[-3.594568,40.401712,0],[-3.59408,40.402012,0],[-3.59386,40.402166,0],[-3.593609,40.402315,0],[-3.594226,40.402888,0],[-3.594612,40.403254,0],[-3.59493,40.403499,0],[-3.59539,40.403723,0],[-3.596181,40.404055,0],[-3.597639,40.404633,0],[-3.598364,40.403643,0],[-3.598612,40.403379,0],[-3.598951,40.403065,0],[-3.599391,40.402727,0],[-3.59979,40.402426,0],[-3.600315,40.402768,0],[-3.600712,40.402765,0],[-3.601365,40.402708,0],[-3.601718,40.402729,0],[-3.602091,40.402799,0],[-3.602376,40.402829,0],[-3.60244,40.402806,0],[-3.602489,40.402779,0],[-3.602526,40.402722,0],[-3.602536,40.402679,0],[-3.602457,40.402573,0],[-3.602287,40.402476,0],[-3.601827,40.40224,0],[-3.601514,40.402084,0],[-3.601171,40.401908,0],[-3.600703,40.401664,0],[-3.600803,40.401537,0],[-3.601728,40.400226,0],[-3.601846,40.400154,0],[-3.602116,40.400207,0],[-3.602752,40.400287,0],[-3.603002,40.400331,0],[-3.603199,40.400339,0],[-3.603409,40.400338,0],[-3.603664,40.400334,0],[-3.603875,40.400333,0],[-3.604179,40.400326,0],[-3.604388,40.400333,0],[-3.604643,40.400337,0],[-3.604997,40.400344,0],[-3.605072,40.400352,0],[-3.605919,40.400549,0],[-3.606318,40.400659,0],[-3.60651,40.400198,0],[-3.606649,40.399817,0],[-3.606672,40.399781,0],[-3.606813,40.399577,0],[-3.607912,40.398595,0],[-3.608819,40.397776,0],[-3.609783,40.39691,0],[-3.609877,40.396817,0],[-3.609822,40.396771,0],[-3.60879,40.396086,0],[-3.609656,40.395247,0],[-3.6087,40.394628,0],[-3.608377,40.394411,0],[-3.608627,40.394188,0],[-3.608717,40.39408,0],[-3.608739,40.394038,0],[-3.608492,40.393932,0],[-3.607371,40.393342,0],[-3.606791,40.393011,0],[-3.606317,40.392768,0],[-3.605558,40.392514,0]]]},"properties":{"name":"VALDERRIVAS","description":"","styleUrl":"#poly-757575-1200-76","fill-opacity":0.2980392156862745,"fill":"#757575","stroke-opacity":1,"stroke":"#757575","stroke-width":1.2,"OBJECTID":"166","CODDIS":"19","NOMDIS":"Vicálvaro","COD_BAR":"193","NOMBRE":"Valderrivas","Shape_Leng":"4577.75683592","COD_DIS_TX":"19","BARRIO_MAY":"VALDERRIVAS","COD_DISBAR":"193","NUM_BAR":"3","BARRIO_MT":"VALDERRIVAS","COD_DISB":"19-3","Shape_STAr":"643168.463002","Shape_STLe":"4577.75683592","id":"193","shape_name":"Valderrivas","s_var_popdensity":"0.748295075008301","s_var_carsxperson":"-0.368646672494952","comp_score":"-10.716551425711","comp_score_n":"-10.716551425711"}},{"type":"Feature","geometry":{"type":"Polygon","coordinates":[[[-3.724771,40.405038,0],[-3.724651,40.405493,0],[-3.725071,40.405524,0],[-3.72518,40.405495,0],[-3.72552,40.405404,0],[-3.725657,40.405319,0],[-3.725999,40.405104,0],[-3.726187,40.404952,0],[-3.726338,40.404829,0],[-3.72663,40.404494,0],[-3.726819,40.404342,0],[-3.727077,40.404135,0],[-3.727587,40.40387,0],[-3.727791,40.403691,0],[-3.728157,40.403368,0],[-3.728327,40.403191,0],[-3.728618,40.402889,0],[-3.729592,40.402432,0],[-3.730309,40.401888,0],[-3.730314,40.401884,0],[-3.730903,40.401437,0],[-3.732125,40.40052,0],[-3.733506,40.399484,0],[-3.734115,40.399028,0],[-3.734764,40.398541,0],[-3.737114,40.396727,0],[-3.737509,40.396316,0],[-3.737595,40.396226,0],[-3.737865,40.395945,0],[-3.738321,40.39526,0],[-3.738431,40.395095,0],[-3.738566,40.394893,0],[-3.738631,40.394795,0],[-3.738706,40.394716,0],[-3.738978,40.39443,0],[-3.73915,40.394304,0],[-3.739165,40.394294,0],[-3.739761,40.393857,0],[-3.74084,40.393031,0],[-3.740879,40.393001,0],[-3.740238,40.392526,0],[-3.738532,40.391682,0],[-3.737368,40.391096,0],[-3.736101,40.390472,0],[-3.734966,40.389881,0],[-3.731773,40.388524,0],[-3.730089,40.389622,0],[-3.728676,40.390543,0],[-3.727516,40.391282,0],[-3.726702,40.391799,0],[-3.724697,40.392888,0],[-3.724022,40.393255,0],[-3.722701,40.393985,0],[-3.721433,40.394706,0],[-3.720939,40.394986,0],[-3.720417,40.395266,0],[-3.718331,40.396386,0],[-3.717922,40.396611,0],[-3.717215,40.397,0],[-3.716787,40.397217,0],[-3.715801,40.397718,0],[-3.714899,40.399668,0],[-3.715901,40.399919,0],[-3.71642,40.399985,0],[-3.716774,40.399997,0],[-3.717074,40.399981,0],[-3.71731,40.399959,0],[-3.718963,40.399833,0],[-3.719007,40.39983,0],[-3.719316,40.399835,0],[-3.719735,40.399895,0],[-3.71999,40.399949,0],[-3.720355,40.400086,0],[-3.721131,40.400511,0],[-3.721708,40.400945,0],[-3.721835,40.40115,0],[-3.721949,40.401333,0],[-3.722219,40.401963,0],[-3.722252,40.402074,0],[-3.722398,40.402566,0],[-3.722579,40.403785,0],[-3.722658,40.404183,0],[-3.722721,40.404545,0],[-3.7236,40.404551,0],[-3.724764,40.404544,0],[-3.724771,40.405038,0]]]},"properties":{"name":"SAN ISIDRO","description":"","styleUrl":"#poly-E65100-1200-76","fill-opacity":0.2980392156862745,"fill":"#e65100","stroke-opacity":1,"stroke":"#e65100","stroke-width":1.2,"OBJECTID":"167","CODDIS":"11","NOMDIS":"Carabanchel","COD_BAR":"113","NOMBRE":"San Isidro","Shape_Leng":"6149.55254995","COD_DIS_TX":"11","BARRIO_MAY":"SAN ISIDRO","COD_DISBAR":"113","NUM_BAR":"3","BARRIO_MT":"SAN ISIDRO","COD_DISB":"11-3","Shape_STAr":"1899332.06036","Shape_STLe":"6149.55254995","id":"113","shape_name":"San Isidro","s_var_popdensity":"0.224008589450024","s_var_carsxperson":"-0.83550485824328","comp_score":"15.9819285260674","comp_score_n":"15.9819285260674"}},{"type":"Feature","geometry":{"type":"Polygon","coordinates":[[[-3.606672,40.399781,0],[-3.607197,40.399956,0],[-3.607875,40.400222,0],[-3.608866,40.400638,0],[-3.611838,40.401866,0],[-3.6123,40.402033,0],[-3.613656,40.402415,0],[-3.614484,40.40268,0],[-3.614922,40.402829,0],[-3.615359,40.402922,0],[-3.615874,40.402961,0],[-3.616539,40.402985,0],[-3.616825,40.403536,0],[-3.616996,40.403952,0],[-3.617076,40.404194,0],[-3.617151,40.404546,0],[-3.617179,40.404975,0],[-3.617146,40.405286,0],[-3.617041,40.405612,0],[-3.617915,40.405648,0],[-3.618663,40.405681,0],[-3.619573,40.405781,0],[-3.620573,40.405876,0],[-3.623938,40.406177,0],[-3.623951,40.406178,0],[-3.625273,40.403656,0],[-3.625448,40.403312,0],[-3.625664,40.402866,0],[-3.625918,40.402275,0],[-3.626108,40.401765,0],[-3.626246,40.401319,0],[-3.626409,40.40075,0],[-3.626607,40.39988,0],[-3.626792,40.399027,0],[-3.626885,40.398601,0],[-3.62707,40.397946,0],[-3.627292,40.397309,0],[-3.627489,40.396826,0],[-3.627713,40.396334,0],[-3.627977,40.395803,0],[-3.629792,40.392562,0],[-3.627464,40.392057,0],[-3.625117,40.391545,0],[-3.623021,40.391085,0],[-3.621889,40.390839,0],[-3.619389,40.390288,0],[-3.618568,40.390109,0],[-3.615735,40.389489,0],[-3.612088,40.388704,0],[-3.611454,40.388567,0],[-3.61089,40.388419,0],[-3.6103,40.388241,0],[-3.609873,40.388099,0],[-3.609175,40.387813,0],[-3.608658,40.387583,0],[-3.608586,40.387546,0],[-3.608398,40.387781,0],[-3.607767,40.388526,0],[-3.607335,40.38913,0],[-3.606939,40.389754,0],[-3.606466,40.390658,0],[-3.605736,40.392079,0],[-3.605561,40.392507,0],[-3.605558,40.392514,0],[-3.606317,40.392768,0],[-3.606791,40.393011,0],[-3.607371,40.393342,0],[-3.608492,40.393932,0],[-3.608739,40.394038,0],[-3.608717,40.39408,0],[-3.608627,40.394188,0],[-3.608377,40.394411,0],[-3.6087,40.394628,0],[-3.609656,40.395247,0],[-3.60879,40.396086,0],[-3.609822,40.396771,0],[-3.609877,40.396817,0],[-3.609783,40.39691,0],[-3.608819,40.397776,0],[-3.607912,40.398595,0],[-3.606813,40.399577,0],[-3.606672,40.399781,0]]]},"properties":{"name":"VALDEBERNARDO","description":"","styleUrl":"#poly-BDBDBD-1200-76","fill-opacity":0.2980392156862745,"fill":"#bdbdbd","stroke-opacity":1,"stroke":"#bdbdbd","stroke-width":1.2,"OBJECTID":"168","CODDIS":"19","NOMDIS":"Vicálvaro","COD_BAR":"192","NOMBRE":"Valdebernardo","Shape_Leng":"7086.98958115","COD_DIS_TX":"19","BARRIO_MAY":"VALDEBERNARDO","COD_DISBAR":"192","NUM_BAR":"2","BARRIO_MT":"VALDEBERNARDO","COD_DISB":"19-2","Shape_STAr":"2555072.51455","Shape_STLe":"7086.98958115","id":"192","shape_name":"Valdebernardo","s_var_popdensity":"-0.964467673364653","s_var_carsxperson":"-0.651594008534023","comp_score":"-28.4097443649916","comp_score_n":"-28.4097443649916"}},{"type":"Feature","geometry":{"type":"Polygon","coordinates":[[[-3.647061,40.398537,0],[-3.648918,40.400302,0],[-3.651329,40.402386,0],[-3.652967,40.403706,0],[-3.65297,40.403708,0],[-3.654015,40.40455,0],[-3.654428,40.404786,0],[-3.654857,40.40503,0],[-3.655326,40.405225,0],[-3.655815,40.405427,0],[-3.655965,40.405486,0],[-3.656115,40.405545,0],[-3.656429,40.405631,0],[-3.656714,40.405694,0],[-3.65737,40.405778,0],[-3.65777,40.405812,0],[-3.658553,40.40588,0],[-3.65867,40.405887,0],[-3.658883,40.405901,0],[-3.665211,40.40634,0],[-3.665565,40.405556,0],[-3.66633,40.403865,0],[-3.666694,40.402892,0],[-3.666785,40.402622,0],[-3.668276,40.399635,0],[-3.669257,40.398324,0],[-3.667486,40.397412,0],[-3.665345,40.39628,0],[-3.665272,40.396241,0],[-3.664095,40.395615,0],[-3.663586,40.395349,0],[-3.662915,40.394998,0],[-3.662386,40.394721,0],[-3.66003,40.393485,0],[-3.65887,40.392845,0],[-3.658237,40.392528,0],[-3.657241,40.392006,0],[-3.657209,40.39199,0],[-3.657002,40.391892,0],[-3.656963,40.391882,0],[-3.65693,40.391874,0],[-3.656806,40.391849,0],[-3.655255,40.391679,0],[-3.654367,40.391609,0],[-3.654065,40.391585,0],[-3.653843,40.393138,0],[-3.65381,40.393243,0],[-3.65377,40.393377,0],[-3.653687,40.393509,0],[-3.653473,40.393848,0],[-3.653461,40.393861,0],[-3.653449,40.393874,0],[-3.653336,40.394002,0],[-3.653068,40.394302,0],[-3.65261,40.394716,0],[-3.652258,40.395056,0],[-3.651702,40.395487,0],[-3.649179,40.397145,0],[-3.648713,40.397451,0],[-3.648335,40.397699,0],[-3.647061,40.398537,0]]]},"properties":{"name":"NUMANCIA","description":"","styleUrl":"#poly-A52714-1200-76","fill-opacity":0.2980392156862745,"fill":"#a52714","stroke-opacity":1,"stroke":"#a52714","stroke-width":1.2,"OBJECTID":"169","CODDIS":"13","NOMDIS":"Puente de Vallecas","COD_BAR":"136","NOMBRE":"Numancia","Shape_Leng":"5364.46022524","COD_DIS_TX":"13","BARRIO_MAY":"NUMANCIA","COD_DISBAR":"136","NUM_BAR":"6","BARRIO_MT":"NUMANCIA","COD_DISB":"13-6","Shape_STAr":"1849069.19195","Shape_STLe":"5364.46022524","id":"136","shape_name":"Numancia","s_var_popdensity":"0.644014799782898","s_var_carsxperson":"-0.878625393024727","comp_score":"21.7415285507664","comp_score_n":"21.7415285507664"}},{"type":"Feature","geometry":{"type":"Polygon","coordinates":[[[-3.665211,40.40634,0],[-3.668979,40.406623,0],[-3.670215,40.406659,0],[-3.670238,40.40653,0],[-3.670264,40.406391,0],[-3.670331,40.406269,0],[-3.670428,40.406121,0],[-3.670541,40.405995,0],[-3.670691,40.405826,0],[-3.670792,40.405721,0],[-3.67089,40.405608,0],[-3.671002,40.405483,0],[-3.672161,40.404198,0],[-3.672437,40.403888,0],[-3.673037,40.403211,0],[-3.673912,40.402279,0],[-3.674834,40.4013,0],[-3.676796,40.398954,0],[-3.676295,40.398666,0],[-3.67595,40.398408,0],[-3.675699,40.398218,0],[-3.675052,40.397538,0],[-3.674955,40.397388,0],[-3.674431,40.396573,0],[-3.673521,40.394317,0],[-3.67352,40.394314,0],[-3.672924,40.394671,0],[-3.672043,40.395309,0],[-3.670963,40.396573,0],[-3.670396,40.397073,0],[-3.670055,40.397389,0],[-3.669627,40.39783,0],[-3.669257,40.398324,0],[-3.668276,40.399635,0],[-3.666785,40.402622,0],[-3.666694,40.402892,0],[-3.66633,40.403865,0],[-3.665565,40.405556,0],[-3.665211,40.40634,0]]]},"properties":{"name":"ADELFAS","description":"","styleUrl":"#poly-FFD600-1200-76","fill-opacity":0.2980392156862745,"fill":"#ffd600","stroke-opacity":1,"stroke":"#ffd600","stroke-width":1.2,"OBJECTID":"170","CODDIS":"3","NOMDIS":"Retiro","COD_BAR":"032","NOMBRE":"Adelfas","Shape_Leng":"3584.88651527","COD_DIS_TX":"03","BARRIO_MAY":"ADELFAS","COD_DISBAR":"32","NUM_BAR":"2","BARRIO_MT":"ADELFAS","COD_DISB":"3-2","Shape_STAr":"640789.32924","Shape_STLe":"3584.88651527","id":"32","shape_name":"Adelfas","s_var_popdensity":"0.894666427601647","s_var_carsxperson":"-0.0703160892438554","comp_score":"1.08862162987765","comp_score_n":"1.08862162987765"}},{"type":"Feature","geometry":{"type":"Polygon","coordinates":[[[-3.703886,40.405197,0],[-3.706507,40.405678,0],[-3.707097,40.4058,0],[-3.708403,40.406069,0],[-3.709538,40.406277,0],[-3.709914,40.40633,0],[-3.711283,40.406562,0],[-3.711678,40.406664,0],[-3.712543,40.404748,0],[-3.713214,40.403322,0],[-3.714367,40.400888,0],[-3.714899,40.399668,0],[-3.714053,40.399346,0],[-3.713448,40.398959,0],[-3.713184,40.398744,0],[-3.712737,40.398356,0],[-3.712165,40.397891,0],[-3.711387,40.397331,0],[-3.710804,40.397014,0],[-3.710294,40.396801,0],[-3.709698,40.396552,0],[-3.708786,40.396277,0],[-3.708229,40.396109,0],[-3.707344,40.395895,0],[-3.704641,40.395234,0],[-3.703247,40.396781,0],[-3.702284,40.397773,0],[-3.702185,40.397855,0],[-3.702085,40.397938,0],[-3.701589,40.398472,0],[-3.701051,40.399059,0],[-3.700444,40.399732,0],[-3.6997,40.400539,0],[-3.699337,40.401033,0],[-3.699619,40.401294,0],[-3.700615,40.402579,0],[-3.701705,40.403945,0],[-3.702552,40.405068,0],[-3.702972,40.405063,0],[-3.703886,40.405197,0]]]},"properties":{"name":"ACACIAS","description":"","styleUrl":"#poly-FFD600-1200-76","fill-opacity":0.2980392156862745,"fill":"#ffd600","stroke-opacity":1,"stroke":"#ffd600","stroke-width":1.2,"OBJECTID":"171","CODDIS":"2","NOMDIS":"Arganzuela","COD_BAR":"022","NOMBRE":"Acacias","Shape_Leng":"3950.32602512","COD_DIS_TX":"02","BARRIO_MAY":"ACACIAS","COD_DISBAR":"22","NUM_BAR":"2","BARRIO_MT":"ACACIAS","COD_DISB":"2-2","Shape_STAr":"1073437.93653","Shape_STLe":"3950.32602512","id":"22","shape_name":"Acacias","s_var_popdensity":"1.24196141383106","s_var_carsxperson":"0.0119581714840285","comp_score":"1.31855310258925","comp_score_n":"1.31855310258925"}},{"type":"Feature","geometry":{"type":"Polygon","coordinates":[[[-3.670215,40.406659,0],[-3.672265,40.406911,0],[-3.673811,40.407071,0],[-3.675076,40.40719,0],[-3.675279,40.407209,0],[-3.677552,40.407422,0],[-3.678826,40.407501,0],[-3.680016,40.407316,0],[-3.682005,40.406962,0],[-3.68342,40.40674,0],[-3.685314,40.406439,0],[-3.685604,40.406396,0],[-3.685947,40.406377,0],[-3.686223,40.406392,0],[-3.686502,40.406427,0],[-3.687265,40.406579,0],[-3.688615,40.406989,0],[-3.688787,40.406672,0],[-3.688869,40.406541,0],[-3.688616,40.406385,0],[-3.687788,40.40563,0],[-3.686696,40.404635,0],[-3.684666,40.403228,0],[-3.684636,40.403216,0],[-3.682599,40.40239,0],[-3.682522,40.402358,0],[-3.682512,40.402357,0],[-3.682462,40.40235,0],[-3.682368,40.402351,0],[-3.682293,40.40237,0],[-3.682075,40.402269,0],[-3.681214,40.401868,0],[-3.680611,40.401587,0],[-3.680076,40.401338,0],[-3.679634,40.401057,0],[-3.679602,40.401036,0],[-3.679042,40.400798,0],[-3.676796,40.398954,0],[-3.674834,40.4013,0],[-3.673912,40.402279,0],[-3.673037,40.403211,0],[-3.672437,40.403888,0],[-3.672161,40.404198,0],[-3.671002,40.405483,0],[-3.67089,40.405608,0],[-3.670792,40.405721,0],[-3.670691,40.405826,0],[-3.670541,40.405995,0],[-3.670428,40.406121,0],[-3.670331,40.406269,0],[-3.670264,40.406391,0],[-3.670238,40.40653,0],[-3.670215,40.406659,0]]]},"properties":{"name":"PACÍFICO","description":"","styleUrl":"#poly-A52714-1200-76","fill-opacity":0.2980392156862745,"fill":"#a52714","stroke-opacity":1,"stroke":"#a52714","stroke-width":1.2,"OBJECTID":"172","CODDIS":"3","NOMDIS":"Retiro","COD_BAR":"031","NOMBRE":"Pacífico","Shape_Leng":"4017.27773289","COD_DIS_TX":"03","BARRIO_MAY":"PACIFICO","COD_DISBAR":"31","NUM_BAR":"1","BARRIO_MT":"PACÍFICO","COD_DISB":"3-1","Shape_STAr":"758250.357382","Shape_STLe":"4017.27773289","id":"31","shape_name":"Pacífico","s_var_popdensity":"2.06270407219229","s_var_carsxperson":"0.0973110268864064","comp_score":"18.9258020562989","comp_score_n":"18.9258020562989"}},{"type":"Feature","geometry":{"type":"Polygon","coordinates":[[[-3.692958,40.407197,0],[-3.692968,40.407215,0],[-3.692978,40.407232,0],[-3.693,40.40727,0],[-3.693014,40.407438,0],[-3.693011,40.407537,0],[-3.69301,40.40757,0],[-3.693162,40.407345,0],[-3.693202,40.407196,0],[-3.693227,40.406986,0],[-3.693677,40.407127,0],[-3.693849,40.407256,0],[-3.693903,40.407285,0],[-3.693966,40.407294,0],[-3.694105,40.407273,0],[-3.695289,40.406952,0],[-3.695411,40.406997,0],[-3.697875,40.406347,0],[-3.697943,40.406328,0],[-3.699377,40.405928,0],[-3.700081,40.405734,0],[-3.700984,40.405501,0],[-3.702552,40.405068,0],[-3.701705,40.403945,0],[-3.700615,40.402579,0],[-3.699619,40.401294,0],[-3.699337,40.401033,0],[-3.696167,40.400924,0],[-3.693977,40.400774,0],[-3.693828,40.400849,0],[-3.692678,40.400797,0],[-3.692446,40.400786,0],[-3.692341,40.40078,0],[-3.690972,40.400704,0],[-3.685484,40.4004,0],[-3.686717,40.401505,0],[-3.690587,40.404978,0],[-3.690693,40.405078,0],[-3.691247,40.405597,0],[-3.692958,40.407197,0]]]},"properties":{"name":"PALOS DE LA FRONTERA","description":"","styleUrl":"#poly-E65100-1200-76","fill-opacity":0.2980392156862745,"fill":"#e65100","stroke-opacity":1,"stroke":"#e65100","stroke-width":1.2,"OBJECTID":"173","CODDIS":"2","NOMDIS":"Arganzuela","COD_BAR":"026","NOMBRE":"Palos de la Frontera","Shape_Leng":"3647.7468831","COD_DIS_TX":"02","BARRIO_MAY":"PALOS DE LA FRONTERA","COD_DISBAR":"26","NUM_BAR":"6","BARRIO_MT":"PALOS DE LA FRONTERA","COD_DISB":"2-6","Shape_STAr":"648442.306207","Shape_STLe":"3647.7468831","id":"26","shape_name":"Palos de la Frontera","s_var_popdensity":"1.66258858005289","s_var_carsxperson":"-0.501887488255151","comp_score":"11.9188305549301","comp_score_n":"11.9188305549301"}},{"type":"Feature","geometry":{"type":"Polygon","coordinates":[[[-3.651973,40.405614,0],[-3.652465,40.405615,0],[-3.652595,40.405633,0],[-3.653135,40.405706,0],[-3.653656,40.405798,0],[-3.653891,40.405853,0],[-3.654109,40.405904,0],[-3.654698,40.406052,0],[-3.655068,40.406173,0],[-3.655136,40.406195,0],[-3.655185,40.406211,0],[-3.655359,40.406267,0],[-3.655713,40.406373,0],[-3.656313,40.406552,0],[-3.656709,40.406637,0],[-3.656988,40.406697,0],[-3.657679,40.406817,0],[-3.658435,40.40701,0],[-3.659001,40.407177,0],[-3.659439,40.407291,0],[-3.660503,40.407554,0],[-3.661995,40.407958,0],[-3.664094,40.408523,0],[-3.665151,40.406456,0],[-3.665211,40.40634,0],[-3.658883,40.405901,0],[-3.65867,40.405887,0],[-3.658553,40.40588,0],[-3.65777,40.405812,0],[-3.65737,40.405778,0],[-3.656714,40.405694,0],[-3.656429,40.405631,0],[-3.656115,40.405545,0],[-3.655965,40.405486,0],[-3.655815,40.405427,0],[-3.655326,40.405225,0],[-3.654857,40.40503,0],[-3.654428,40.404786,0],[-3.654015,40.40455,0],[-3.65297,40.403708,0],[-3.652967,40.403706,0],[-3.651329,40.402386,0],[-3.648918,40.400302,0],[-3.647061,40.398537,0],[-3.64544,40.397076,0],[-3.64544,40.397075,0],[-3.644914,40.396628,0],[-3.644912,40.396626,0],[-3.644295,40.396209,0],[-3.643767,40.395939,0],[-3.643419,40.395771,0],[-3.643108,40.395635,0],[-3.642634,40.395451,0],[-3.642282,40.395347,0],[-3.639981,40.394797,0],[-3.639687,40.395611,0],[-3.638514,40.397438,0],[-3.637953,40.398279,0],[-3.636166,40.40096,0],[-3.636478,40.401062,0],[-3.63779,40.401602,0],[-3.638479,40.401886,0],[-3.63894,40.402085,0],[-3.639598,40.402354,0],[-3.639599,40.402354,0],[-3.639994,40.402482,0],[-3.640094,40.4025,0],[-3.640249,40.402529,0],[-3.640519,40.402559,0],[-3.640878,40.402561,0],[-3.641267,40.402551,0],[-3.641781,40.40258,0],[-3.642233,40.40266,0],[-3.642817,40.402864,0],[-3.643172,40.403018,0],[-3.64385,40.403281,0],[-3.644229,40.403428,0],[-3.644353,40.403515,0],[-3.644418,40.403573,0],[-3.646341,40.40363,0],[-3.646677,40.403658,0],[-3.647101,40.403737,0],[-3.647488,40.403861,0],[-3.647548,40.403883,0],[-3.647761,40.403957,0],[-3.647812,40.403981,0],[-3.648069,40.404101,0],[-3.648139,40.404131,0],[-3.648265,40.404182,0],[-3.648324,40.404209,0],[-3.649168,40.404589,0],[-3.649517,40.404747,0],[-3.65058,40.405227,0],[-3.650843,40.405363,0],[-3.651039,40.405723,0],[-3.651254,40.405667,0],[-3.651339,40.405645,0],[-3.6516,40.405629,0],[-3.651818,40.405616,0],[-3.651852,40.405614,0],[-3.651973,40.405614,0]]]},"properties":{"name":"FONTARRÓN","description":"","styleUrl":"#poly-E65100-1200-76","fill-opacity":0.2980392156862745,"fill":"#e65100","stroke-opacity":1,"stroke":"#e65100","stroke-width":1.2,"OBJECTID":"174","CODDIS":"14","NOMDIS":"Moratalaz","COD_BAR":"145","NOMBRE":"Fontarrón","Shape_Leng":"6220.55647353","COD_DIS_TX":"14","BARRIO_MAY":"FONTARRON","COD_DISBAR":"145","NUM_BAR":"5","BARRIO_MT":"FONTARRÓN","COD_DISB":"14-5","Shape_STAr":"964573.887451","Shape_STLe":"6220.55647353","id":"145","shape_name":"Fontarrón","s_var_popdensity":"-0.0467449396116677","s_var_carsxperson":"-0.57553307284138","comp_score":"10.2274659784854","comp_score_n":"10.2274659784854"}},{"type":"Feature","geometry":{"type":"Polygon","coordinates":[[[-3.688869,40.406541,0],[-3.689162,40.406721,0],[-3.689878,40.40712,0],[-3.690213,40.407356,0],[-3.690251,40.40733,0],[-3.690824,40.407755,0],[-3.691178,40.407986,0],[-3.691397,40.40811,0],[-3.691507,40.40815,0],[-3.691855,40.408436,0],[-3.692561,40.408003,0],[-3.692835,40.407775,0],[-3.692969,40.407619,0],[-3.692969,40.407618,0],[-3.69301,40.40757,0],[-3.693011,40.407537,0],[-3.693014,40.407438,0],[-3.693,40.40727,0],[-3.692978,40.407232,0],[-3.692968,40.407215,0],[-3.692958,40.407197,0],[-3.691247,40.405597,0],[-3.690693,40.405078,0],[-3.690587,40.404978,0],[-3.686717,40.401505,0],[-3.685484,40.4004,0],[-3.682502,40.39773,0],[-3.679779,40.395266,0],[-3.679654,40.395147,0],[-3.676445,40.392332,0],[-3.675257,40.393263,0],[-3.674541,40.393749,0],[-3.67352,40.394314,0],[-3.673521,40.394317,0],[-3.674431,40.396573,0],[-3.674955,40.397388,0],[-3.675052,40.397538,0],[-3.675699,40.398218,0],[-3.67595,40.398408,0],[-3.676295,40.398666,0],[-3.676796,40.398954,0],[-3.679042,40.400798,0],[-3.679602,40.401036,0],[-3.679634,40.401057,0],[-3.680076,40.401338,0],[-3.680611,40.401587,0],[-3.681214,40.401868,0],[-3.682075,40.402269,0],[-3.682293,40.40237,0],[-3.682368,40.402351,0],[-3.682462,40.40235,0],[-3.682512,40.402357,0],[-3.682522,40.402358,0],[-3.682599,40.40239,0],[-3.684636,40.403216,0],[-3.684666,40.403228,0],[-3.686696,40.404635,0],[-3.687788,40.40563,0],[-3.688616,40.406385,0],[-3.688869,40.406541,0]]]},"properties":{"name":"ATOCHA","description":"","styleUrl":"#poly-757575-1200-76","fill-opacity":0.2980392156862745,"fill":"#757575","stroke-opacity":1,"stroke":"#757575","stroke-width":1.2,"OBJECTID":"175","CODDIS":"2","NOMDIS":"Arganzuela","COD_BAR":"027","NOMBRE":"Atocha","Shape_Leng":"4957.68688238","COD_DIS_TX":"02","BARRIO_MAY":"ATOCHA","COD_DISBAR":"27","NUM_BAR":"7","BARRIO_MT":"ATOCHA","COD_DISB":"2-7","Shape_STAr":"735680.599505","Shape_STLe":"4957.68688238","id":"27","shape_name":"Atocha","s_var_popdensity":"-1.30977528957388","s_var_carsxperson":"-1.32419997501375","comp_score":"-13.376180016317","comp_score_n":"-13.376180016317"}},{"type":"Feature","geometry":{"type":"Polygon","coordinates":[[[-3.721823,40.408505,0],[-3.722225,40.408534,0],[-3.72254,40.408557,0],[-3.723479,40.408716,0],[-3.723751,40.408731,0],[-3.723866,40.408744,0],[-3.724168,40.408749,0],[-3.724499,40.408747,0],[-3.724678,40.408738,0],[-3.724985,40.40869,0],[-3.725214,40.408659,0],[-3.725894,40.407752,0],[-3.726125,40.407541,0],[-3.72645,40.407345,0],[-3.72674,40.407217,0],[-3.727133,40.407092,0],[-3.728665,40.406789,0],[-3.730182,40.406477,0],[-3.730486,40.406405,0],[-3.730595,40.406368,0],[-3.731965,40.405586,0],[-3.732828,40.40509,0],[-3.732904,40.405051,0],[-3.733127,40.404936,0],[-3.734358,40.404316,0],[-3.734648,40.40419,0],[-3.734955,40.404077,0],[-3.73541,40.403954,0],[-3.735861,40.403877,0],[-3.736194,40.403844,0],[-3.736448,40.403836,0],[-3.736837,40.40386,0],[-3.737146,40.40389,0],[-3.737953,40.404038,0],[-3.739094,40.404262,0],[-3.739726,40.40436,0],[-3.740332,40.40442,0],[-3.741039,40.404467,0],[-3.742312,40.404505,0],[-3.74286,40.404521,0],[-3.743041,40.404522,0],[-3.744086,40.404525,0],[-3.744179,40.404168,0],[-3.744441,40.403764,0],[-3.744828,40.40309,0],[-3.744848,40.403026,0],[-3.744854,40.402887,0],[-3.744843,40.40227,0],[-3.74471,40.401116,0],[-3.744662,40.400693,0],[-3.744647,40.400571,0],[-3.744443,40.399582,0],[-3.744347,40.39912,0],[-3.744227,40.39854,0],[-3.743966,40.397282,0],[-3.743796,40.396464,0],[-3.743749,40.396236,0],[-3.743718,40.396087,0],[-3.743599,40.395513,0],[-3.743565,40.395312,0],[-3.743507,40.395086,0],[-3.74343,40.395006,0],[-3.743272,40.394843,0],[-3.741137,40.393199,0],[-3.740879,40.393001,0],[-3.74084,40.393031,0],[-3.739761,40.393857,0],[-3.739165,40.394294,0],[-3.73915,40.394304,0],[-3.738978,40.39443,0],[-3.738706,40.394716,0],[-3.738631,40.394795,0],[-3.738566,40.394893,0],[-3.738431,40.395095,0],[-3.738321,40.39526,0],[-3.737865,40.395945,0],[-3.737595,40.396226,0],[-3.737509,40.396316,0],[-3.737114,40.396727,0],[-3.734764,40.398541,0],[-3.734115,40.399028,0],[-3.733506,40.399484,0],[-3.732125,40.40052,0],[-3.730903,40.401437,0],[-3.730314,40.401884,0],[-3.730309,40.401888,0],[-3.729592,40.402432,0],[-3.728618,40.402889,0],[-3.728327,40.403191,0],[-3.728157,40.403368,0],[-3.727791,40.403691,0],[-3.727587,40.40387,0],[-3.727077,40.404135,0],[-3.726819,40.404342,0],[-3.72663,40.404494,0],[-3.726338,40.404829,0],[-3.726187,40.404952,0],[-3.725999,40.405104,0],[-3.725657,40.405319,0],[-3.72552,40.405404,0],[-3.72518,40.405495,0],[-3.725071,40.405524,0],[-3.724651,40.405493,0],[-3.724771,40.405038,0],[-3.724764,40.404544,0],[-3.7236,40.404551,0],[-3.722721,40.404545,0],[-3.722743,40.405218,0],[-3.722649,40.405826,0],[-3.722367,40.406743,0],[-3.722261,40.40705,0],[-3.722219,40.407174,0],[-3.721823,40.408505,0]]]},"properties":{"name":"LOS CÁRMENES","description":"","styleUrl":"#poly-FFD600-1200-76","fill-opacity":0.2980392156862745,"fill":"#ffd600","stroke-opacity":1,"stroke":"#ffd600","stroke-width":1.2,"OBJECTID":"176","CODDIS":"10","NOMDIS":"Latina","COD_BAR":"101","NOMBRE":"Los Cármenes","Shape_Leng":"6182.22331316","COD_DIS_TX":"10","BARRIO_MAY":"LOS CARMENES","COD_DISBAR":"101","NUM_BAR":"1","BARRIO_MT":"LOS CÁRMENES","COD_DISB":"10-1","Shape_STAr":"1291998.54433","Shape_STLe":"6182.22331316","id":"101","shape_name":"Los Cármenes","s_var_popdensity":"-0.385807033403408","s_var_carsxperson":"-0.496812663889946","comp_score":"-3.68408883361929","comp_score_n":"-3.68408883361929"}},{"type":"Feature","geometry":{"type":"Polygon","coordinates":[[[-3.639448,40.406207,0],[-3.63955,40.407027,0],[-3.639791,40.407526,0],[-3.64009,40.408168,0],[-3.640232,40.408471,0],[-3.64026,40.408533,0],[-3.640645,40.409121,0],[-3.640654,40.409133,0],[-3.640934,40.409491,0],[-3.64117,40.409741,0],[-3.641252,40.409828,0],[-3.641751,40.409569,0],[-3.643263,40.408954,0],[-3.64373,40.408768,0],[-3.645849,40.407905,0],[-3.647759,40.407096,0],[-3.647836,40.407064,0],[-3.649073,40.406546,0],[-3.651039,40.405723,0],[-3.650843,40.405363,0],[-3.65058,40.405227,0],[-3.649517,40.404747,0],[-3.649168,40.404589,0],[-3.648324,40.404209,0],[-3.648265,40.404182,0],[-3.648139,40.404131,0],[-3.648069,40.404101,0],[-3.647812,40.403981,0],[-3.647761,40.403957,0],[-3.647548,40.403883,0],[-3.647488,40.403861,0],[-3.647101,40.403737,0],[-3.646677,40.403658,0],[-3.646341,40.40363,0],[-3.644418,40.403573,0],[-3.644353,40.403515,0],[-3.644229,40.403428,0],[-3.64385,40.403281,0],[-3.643172,40.403018,0],[-3.642817,40.402864,0],[-3.642233,40.40266,0],[-3.641781,40.40258,0],[-3.641267,40.402551,0],[-3.640878,40.402561,0],[-3.640519,40.402559,0],[-3.640249,40.402529,0],[-3.640094,40.4025,0],[-3.639994,40.402482,0],[-3.639599,40.402354,0],[-3.639598,40.402354,0],[-3.63894,40.402085,0],[-3.638479,40.401886,0],[-3.63779,40.401602,0],[-3.636478,40.401062,0],[-3.636166,40.40096,0],[-3.634856,40.402895,0],[-3.634291,40.403759,0],[-3.634724,40.403756,0],[-3.635177,40.403751,0],[-3.635509,40.403764,0],[-3.635835,40.403794,0],[-3.636151,40.403854,0],[-3.636392,40.403916,0],[-3.636647,40.403993,0],[-3.63719,40.404233,0],[-3.637644,40.404525,0],[-3.638207,40.405,0],[-3.638503,40.405326,0],[-3.638718,40.405584,0],[-3.639035,40.405997,0],[-3.639283,40.40592,0],[-3.639408,40.405882,0],[-3.639448,40.406207,0]]]},"properties":{"name":"VINATEROS","description":"","styleUrl":"#poly-A52714-1200-76","fill-opacity":0.2980392156862745,"fill":"#a52714","stroke-opacity":1,"stroke":"#a52714","stroke-width":1.2,"OBJECTID":"177","CODDIS":"14","NOMDIS":"Moratalaz","COD_BAR":"146","NOMBRE":"Vinateros","Shape_Leng":"3721.67137773","COD_DIS_TX":"14","BARRIO_MAY":"VINATEROS","COD_DISBAR":"146","NUM_BAR":"6","BARRIO_MT":"VINATEROS","COD_DISB":"14-6","Shape_STAr":"593977.281579","Shape_STLe":"3721.67137773","id":"146","shape_name":"Vinateros","s_var_popdensity":"0.815379184440764","s_var_carsxperson":"-0.58657628363003","comp_score":"19.4980228218932","comp_score_n":"19.4980228218932"}},{"type":"Feature","geometry":{"type":"Polygon","coordinates":[[[-3.741854,40.409206,0],[-3.741986,40.409256,0],[-3.742073,40.409289,0],[-3.742233,40.40935,0],[-3.742364,40.409395,0],[-3.742451,40.40942,0],[-3.742543,40.409448,0],[-3.742879,40.409537,0],[-3.743046,40.409564,0],[-3.743135,40.409572,0],[-3.743184,40.409576,0],[-3.743202,40.409577,0],[-3.743256,40.409573,0],[-3.743329,40.409568,0],[-3.743559,40.409521,0],[-3.743859,40.409453,0],[-3.743937,40.409435,0],[-3.744404,40.409322,0],[-3.744468,40.409298,0],[-3.744497,40.409287,0],[-3.744575,40.409256,0],[-3.744608,40.409221,0],[-3.744667,40.409144,0],[-3.747475,40.408774,0],[-3.747889,40.40872,0],[-3.749866,40.408446,0],[-3.750542,40.408358,0],[-3.750642,40.408345,0],[-3.750751,40.408327,0],[-3.750879,40.408306,0],[-3.752064,40.407737,0],[-3.752655,40.407454,0],[-3.754912,40.406307,0],[-3.755689,40.4059,0],[-3.755951,40.40581,0],[-3.756115,40.40577,0],[-3.75628,40.405749,0],[-3.756502,40.405738,0],[-3.756723,40.405712,0],[-3.756881,40.405678,0],[-3.757058,40.405618,0],[-3.757354,40.405452,0],[-3.757659,40.40528,0],[-3.759755,40.40406,0],[-3.75986,40.403965,0],[-3.760227,40.40364,0],[-3.760444,40.403362,0],[-3.760805,40.40288,0],[-3.760212,40.40194,0],[-3.758984,40.400015,0],[-3.758459,40.399286,0],[-3.758202,40.399035,0],[-3.757741,40.398714,0],[-3.757017,40.398369,0],[-3.756413,40.398091,0],[-3.755949,40.397882,0],[-3.755537,40.397635,0],[-3.755151,40.397417,0],[-3.754792,40.397175,0],[-3.754506,40.396936,0],[-3.754186,40.396477,0],[-3.753771,40.395862,0],[-3.753655,40.395901,0],[-3.753494,40.395956,0],[-3.753228,40.396014,0],[-3.752575,40.395981,0],[-3.752497,40.395971,0],[-3.751833,40.395892,0],[-3.747408,40.395361,0],[-3.747194,40.395335,0],[-3.746651,40.39527,0],[-3.746069,40.395214,0],[-3.744762,40.395088,0],[-3.744607,40.395112,0],[-3.744567,40.395118,0],[-3.743599,40.395513,0],[-3.743718,40.396087,0],[-3.743749,40.396236,0],[-3.743796,40.396464,0],[-3.743966,40.397282,0],[-3.744227,40.39854,0],[-3.744347,40.39912,0],[-3.744443,40.399582,0],[-3.744647,40.400571,0],[-3.744662,40.400693,0],[-3.74471,40.401116,0],[-3.744843,40.40227,0],[-3.744854,40.402887,0],[-3.744848,40.403026,0],[-3.744828,40.40309,0],[-3.744441,40.403764,0],[-3.744179,40.404168,0],[-3.744086,40.404525,0],[-3.743041,40.404522,0],[-3.74286,40.404521,0],[-3.742312,40.404505,0],[-3.742303,40.404701,0],[-3.742284,40.405099,0],[-3.742271,40.405382,0],[-3.74227,40.405419,0],[-3.74222,40.405533,0],[-3.742182,40.405622,0],[-3.742171,40.405637,0],[-3.742092,40.405743,0],[-3.741979,40.405896,0],[-3.741942,40.406008,0],[-3.741849,40.406286,0],[-3.741755,40.406935,0],[-3.741652,40.407541,0],[-3.741409,40.40848,0],[-3.741319,40.408626,0],[-3.741069,40.408941,0],[-3.741854,40.409206,0]]]},"properties":{"name":"LUCERO","description":"","styleUrl":"#poly-E65100-1200-76","fill-opacity":0.2980392156862745,"fill":"#e65100","stroke-opacity":1,"stroke":"#e65100","stroke-width":1.2,"OBJECTID":"178","CODDIS":"10","NOMDIS":"Latina","COD_BAR":"103","NOMBRE":"Lucero","Shape_Leng":"5498.29738199","COD_DIS_TX":"10","BARRIO_MAY":"LUCERO","COD_DISBAR":"103","NUM_BAR":"3","BARRIO_MT":"LUCERO","COD_DISB":"10-3","Shape_STAr":"1678995.60271","Shape_STLe":"5498.29738199","id":"103","shape_name":"Lucero","s_var_popdensity":"0.276251922048007","s_var_carsxperson":"-0.594296345938487","comp_score":"11.9499257619438","comp_score_n":"11.9499257619438"}},{"type":"Feature","geometry":{"type":"Polygon","coordinates":[[[-3.620362,40.413083,0],[-3.621373,40.41306,0],[-3.621812,40.413067,0],[-3.62216,40.41308,0],[-3.622477,40.413103,0],[-3.623304,40.413187,0],[-3.624236,40.41335,0],[-3.625075,40.413539,0],[-3.625649,40.413713,0],[-3.626698,40.414074,0],[-3.62759,40.414382,0],[-3.630429,40.409178,0],[-3.631272,40.407632,0],[-3.631714,40.40704,0],[-3.632184,40.40644,0],[-3.632484,40.406073,0],[-3.632835,40.40569,0],[-3.63309,40.405416,0],[-3.633273,40.405218,0],[-3.633485,40.404962,0],[-3.633663,40.404721,0],[-3.633902,40.404368,0],[-3.634291,40.403759,0],[-3.63226,40.403795,0],[-3.631577,40.403807,0],[-3.629237,40.403832,0],[-3.628197,40.403845,0],[-3.628106,40.403839,0],[-3.628021,40.403822,0],[-3.628007,40.403819,0],[-3.627922,40.403786,0],[-3.627876,40.403754,0],[-3.627875,40.403755,0],[-3.627639,40.403951,0],[-3.627266,40.404225,0],[-3.626993,40.40439,0],[-3.626948,40.404358,0],[-3.626879,40.404317,0],[-3.626728,40.40422,0],[-3.626218,40.403975,0],[-3.625273,40.403656,0],[-3.623951,40.406178,0],[-3.623933,40.406212,0],[-3.620362,40.413083,0]]]},"properties":{"name":"HORCAJO","description":"","styleUrl":"#poly-BDBDBD-1200-76","fill-opacity":0.2980392156862745,"fill":"#bdbdbd","stroke-opacity":1,"stroke":"#bdbdbd","stroke-width":1.2,"OBJECTID":"179","CODDIS":"14","NOMDIS":"Moratalaz","COD_BAR":"142","NOMBRE":"Horcajo","Shape_Leng":"3896.49325556","COD_DIS_TX":"14","BARRIO_MAY":"HORCAJO","COD_DISBAR":"142","NUM_BAR":"2","BARRIO_MT":"HORCAJO","COD_DISB":"14-2","Shape_STAr":"745946.321934","Shape_STLe":"3896.49325555","id":"142","shape_name":"Horcajo","s_var_popdensity":"-0.827601815632174","s_var_carsxperson":"-0.434332898756429","comp_score":"-30.0429214306714","comp_score_n":"-30.0429214306714"}},{"type":"Feature","geometry":{"type":"Polygon","coordinates":[[[-3.711678,40.406664,0],[-3.712048,40.406744,0],[-3.713693,40.407444,0],[-3.715232,40.408082,0],[-3.71677,40.408698,0],[-3.718338,40.411113,0],[-3.717852,40.412078,0],[-3.716939,40.413916,0],[-3.719432,40.413935,0],[-3.719638,40.41394,0],[-3.720495,40.413952,0],[-3.722954,40.413989,0],[-3.722925,40.412376,0],[-3.722925,40.412366,0],[-3.722918,40.412013,0],[-3.7229,40.411973,0],[-3.722871,40.411907,0],[-3.722765,40.411714,0],[-3.722611,40.411379,0],[-3.721823,40.408505,0],[-3.722219,40.407174,0],[-3.722261,40.40705,0],[-3.722367,40.406743,0],[-3.722649,40.405826,0],[-3.722743,40.405218,0],[-3.722721,40.404545,0],[-3.722658,40.404183,0],[-3.722579,40.403785,0],[-3.722398,40.402566,0],[-3.722252,40.402074,0],[-3.722219,40.401963,0],[-3.721949,40.401333,0],[-3.721835,40.40115,0],[-3.721708,40.400945,0],[-3.721131,40.400511,0],[-3.720355,40.400086,0],[-3.71999,40.399949,0],[-3.719735,40.399895,0],[-3.719316,40.399835,0],[-3.719007,40.39983,0],[-3.718963,40.399833,0],[-3.71731,40.399959,0],[-3.717074,40.399981,0],[-3.716774,40.399997,0],[-3.71642,40.399985,0],[-3.715901,40.399919,0],[-3.714899,40.399668,0],[-3.714367,40.400888,0],[-3.713214,40.403322,0],[-3.712543,40.404748,0],[-3.711678,40.406664,0]]]},"properties":{"name":"IMPERIAL","description":"","styleUrl":"#poly-FFD600-1200-76","fill-opacity":0.2980392156862745,"fill":"#ffd600","stroke-opacity":1,"stroke":"#ffd600","stroke-width":1.2,"OBJECTID":"180","CODDIS":"2","NOMDIS":"Arganzuela","COD_BAR":"021","NOMBRE":"Imperial","Shape_Leng":"4557.93764198","COD_DIS_TX":"02","BARRIO_MAY":"IMPERIAL","COD_DISBAR":"21","NUM_BAR":"1","BARRIO_MT":"IMPERIAL","COD_DISB":"2-1","Shape_STAr":"967678.601988","Shape_STLe":"4557.93764198","id":"21","shape_name":"Imperial","s_var_popdensity":"0.378907120407273","s_var_carsxperson":"0.121694626487116","comp_score":"-5.43263094335309","comp_score_n":"-5.43263094335309"}},{"type":"Feature","geometry":{"type":"Polygon","coordinates":[[[-3.69194,40.409082,0],[-3.694064,40.409946,0],[-3.695756,40.410676,0],[-3.696805,40.411196,0],[-3.698626,40.412139,0],[-3.699024,40.412333,0],[-3.700016,40.412839,0],[-3.701524,40.413457,0],[-3.702856,40.413928,0],[-3.703928,40.414308,0],[-3.704618,40.413989,0],[-3.704731,40.413947,0],[-3.704821,40.413934,0],[-3.704931,40.413934,0],[-3.705561,40.41397,0],[-3.706081,40.41399,0],[-3.706344,40.413958,0],[-3.707392,40.413628,0],[-3.707478,40.413519,0],[-3.707429,40.413339,0],[-3.707536,40.41279,0],[-3.708225,40.411443,0],[-3.708428,40.411259,0],[-3.708483,40.411168,0],[-3.709149,40.410377,0],[-3.710104,40.409164,0],[-3.710229,40.409018,0],[-3.711045,40.408001,0],[-3.711678,40.406664,0],[-3.711283,40.406562,0],[-3.709914,40.40633,0],[-3.709538,40.406277,0],[-3.708403,40.406069,0],[-3.707097,40.4058,0],[-3.706507,40.405678,0],[-3.703886,40.405197,0],[-3.702972,40.405063,0],[-3.702552,40.405068,0],[-3.700984,40.405501,0],[-3.700081,40.405734,0],[-3.699377,40.405928,0],[-3.697943,40.406328,0],[-3.697875,40.406347,0],[-3.695411,40.406997,0],[-3.695289,40.406952,0],[-3.694105,40.407273,0],[-3.693966,40.407294,0],[-3.693903,40.407285,0],[-3.693849,40.407256,0],[-3.693677,40.407127,0],[-3.693227,40.406986,0],[-3.693202,40.407196,0],[-3.693162,40.407345,0],[-3.69301,40.40757,0],[-3.692969,40.407618,0],[-3.692969,40.407619,0],[-3.692835,40.407775,0],[-3.692561,40.408003,0],[-3.691855,40.408436,0],[-3.692025,40.408697,0],[-3.69194,40.409082,0]]]},"properties":{"name":"EMBAJADORES","description":"","styleUrl":"#poly-A52714-1200-76","fill-opacity":0.2980392156862745,"fill":"#a52714","stroke-opacity":1,"stroke":"#a52714","stroke-width":1.2,"OBJECTID":"181","CODDIS":"1","NOMDIS":"Centro","COD_BAR":"012","NOMBRE":"Embajadores","Shape_Leng":"4275.227681","COD_DIS_TX":"01","BARRIO_MAY":"EMBAJADORES","COD_DISBAR":"12","NUM_BAR":"2","BARRIO_MT":"EMBAJADORES","COD_DISB":"1-2","Shape_STAr":"1033724.69833","Shape_STLe":"4275.227681","id":"12","shape_name":"Embajadores","s_var_popdensity":"2.15666795983675","s_var_carsxperson":"-1.54023888511426","comp_score":"30.0793523116154","comp_score_n":"30.0793523116154"}},{"type":"Feature","geometry":{"type":"Polygon","coordinates":[[[-3.642885,40.414513,0],[-3.644109,40.414648,0],[-3.645418,40.414856,0],[-3.646085,40.414982,0],[-3.646472,40.415055,0],[-3.64772,40.415367,0],[-3.650134,40.416092,0],[-3.650265,40.415829,0],[-3.650391,40.415675,0],[-3.65156,40.414556,0],[-3.652784,40.413403,0],[-3.652879,40.413317,0],[-3.653945,40.412347,0],[-3.653806,40.412318,0],[-3.653678,40.412292,0],[-3.653575,40.412276,0],[-3.653543,40.412271,0],[-3.653386,40.41225,0],[-3.653174,40.412244,0],[-3.653066,40.412241,0],[-3.652975,40.412242,0],[-3.652312,40.41225,0],[-3.651678,40.412283,0],[-3.652381,40.410602,0],[-3.652481,40.410378,0],[-3.652552,40.410225,0],[-3.652563,40.410202,0],[-3.653042,40.409023,0],[-3.65308,40.408894,0],[-3.653082,40.408821,0],[-3.653064,40.408743,0],[-3.65303,40.40867,0],[-3.652782,40.408207,0],[-3.652526,40.40778,0],[-3.652093,40.407183,0],[-3.651607,40.406543,0],[-3.651575,40.406497,0],[-3.651287,40.406081,0],[-3.651039,40.405723,0],[-3.649073,40.406546,0],[-3.647836,40.407064,0],[-3.647759,40.407096,0],[-3.645849,40.407905,0],[-3.64373,40.408768,0],[-3.643263,40.408954,0],[-3.641751,40.409569,0],[-3.641252,40.409828,0],[-3.64117,40.409741,0],[-3.640934,40.409491,0],[-3.640654,40.409133,0],[-3.640645,40.409121,0],[-3.64026,40.408533,0],[-3.640232,40.408471,0],[-3.64009,40.408168,0],[-3.639791,40.407526,0],[-3.63955,40.407027,0],[-3.639448,40.406207,0],[-3.639408,40.405882,0],[-3.639283,40.40592,0],[-3.639035,40.405997,0],[-3.638718,40.405584,0],[-3.638503,40.405326,0],[-3.638207,40.405,0],[-3.637644,40.404525,0],[-3.63719,40.404233,0],[-3.636647,40.403993,0],[-3.636392,40.403916,0],[-3.636151,40.403854,0],[-3.635835,40.403794,0],[-3.635509,40.403764,0],[-3.635177,40.403751,0],[-3.634724,40.403756,0],[-3.634291,40.403759,0],[-3.633902,40.404368,0],[-3.633663,40.404721,0],[-3.633485,40.404962,0],[-3.633273,40.405218,0],[-3.63309,40.405416,0],[-3.632835,40.40569,0],[-3.632484,40.406073,0],[-3.632184,40.40644,0],[-3.631714,40.40704,0],[-3.631272,40.407632,0],[-3.630429,40.409178,0],[-3.62759,40.414382,0],[-3.628047,40.414536,0],[-3.628612,40.414701,0],[-3.629034,40.414823,0],[-3.629937,40.415011,0],[-3.630669,40.415112,0],[-3.631449,40.415186,0],[-3.631897,40.415193,0],[-3.6319,40.415193,0],[-3.632487,40.415201,0],[-3.633437,40.415147,0],[-3.633805,40.415126,0],[-3.634504,40.415022,0],[-3.634906,40.414961,0],[-3.637533,40.414592,0],[-3.639087,40.414459,0],[-3.640947,40.414423,0],[-3.642885,40.414513,0]]]},"properties":{"name":"MARROQUINA","description":"","styleUrl":"#poly-BDBDBD-1200-76","fill-opacity":0.2980392156862745,"fill":"#bdbdbd","stroke-opacity":1,"stroke":"#bdbdbd","stroke-width":1.2,"OBJECTID":"182","CODDIS":"14","NOMDIS":"Moratalaz","COD_BAR":"143","NOMBRE":"Marroquina","Shape_Leng":"6747.79567742","COD_DIS_TX":"14","BARRIO_MAY":"MARROQUINA","COD_DISBAR":"143","NUM_BAR":"3","BARRIO_MT":"MARROQUINA","COD_DISB":"14-3","Shape_STAr":"1790050.43119","Shape_STLe":"6747.79567742","id":"143","shape_name":"Marroquina","s_var_popdensity":"-0.325217493638101","s_var_carsxperson":"0.601977335236447","comp_score":"-16.5400647565621","comp_score_n":"-16.5400647565621"}},{"type":"Feature","geometry":{"type":"Polygon","coordinates":[[[-3.669365,40.41657,0],[-3.671561,40.41668,0],[-3.671593,40.41638,0],[-3.674791,40.415941,0],[-3.674962,40.415917,0],[-3.674979,40.415915,0],[-3.676415,40.415708,0],[-3.67777,40.415463,0],[-3.676859,40.412924,0],[-3.67629,40.411394,0],[-3.676327,40.411328,0],[-3.676896,40.410291,0],[-3.678405,40.408197,0],[-3.678826,40.407501,0],[-3.677552,40.407422,0],[-3.675279,40.407209,0],[-3.675076,40.40719,0],[-3.673811,40.407071,0],[-3.672265,40.406911,0],[-3.670215,40.406659,0],[-3.670031,40.408486,0],[-3.669931,40.409821,0],[-3.669814,40.41139,0],[-3.669736,40.412427,0],[-3.6697,40.412919,0],[-3.669553,40.414523,0],[-3.669394,40.416304,0],[-3.669387,40.416373,0],[-3.669365,40.41657,0]]]},"properties":{"name":"NIÑO JESÚS","description":"","styleUrl":"#poly-FFD600-1200-76","fill-opacity":0.2980392156862745,"fill":"#ffd600","stroke-opacity":1,"stroke":"#ffd600","stroke-width":1.2,"OBJECTID":"183","CODDIS":"3","NOMDIS":"Retiro","COD_BAR":"036","NOMBRE":"Niño Jesús","Shape_Leng":"3545.83319896","COD_DIS_TX":"03","BARRIO_MAY":"NIÑO JESUS","COD_DISBAR":"36","NUM_BAR":"6","BARRIO_MT":"NIÑO JESÚS","COD_DISB":"3-6","Shape_STAr":"643280.623212","Shape_STLe":"3545.83319896","id":"36","shape_name":"Niño Jesús","s_var_popdensity":"0.406101524454231","s_var_carsxperson":"0.887759606751698","comp_score":"-1.84989838777875","comp_score_n":"-1.84989838777875"}},{"type":"Feature","geometry":{"type":"Polygon","coordinates":[[[-3.722954,40.413989,0],[-3.72285,40.415332,0],[-3.722379,40.417175,0],[-3.724861,40.416165,0],[-3.726218,40.415666,0],[-3.729575,40.414432,0],[-3.7328,40.413287,0],[-3.734184,40.412796,0],[-3.737919,40.411466,0],[-3.738528,40.411058,0],[-3.741854,40.409206,0],[-3.741069,40.408941,0],[-3.741319,40.408626,0],[-3.741409,40.40848,0],[-3.741652,40.407541,0],[-3.741755,40.406935,0],[-3.741849,40.406286,0],[-3.741942,40.406008,0],[-3.741979,40.405896,0],[-3.742092,40.405743,0],[-3.742171,40.405637,0],[-3.742182,40.405622,0],[-3.74222,40.405533,0],[-3.74227,40.405419,0],[-3.742271,40.405382,0],[-3.742284,40.405099,0],[-3.742303,40.404701,0],[-3.742312,40.404505,0],[-3.741039,40.404467,0],[-3.740332,40.40442,0],[-3.739726,40.40436,0],[-3.739094,40.404262,0],[-3.737953,40.404038,0],[-3.737146,40.40389,0],[-3.736837,40.40386,0],[-3.736448,40.403836,0],[-3.736194,40.403844,0],[-3.735861,40.403877,0],[-3.73541,40.403954,0],[-3.734955,40.404077,0],[-3.734648,40.40419,0],[-3.734358,40.404316,0],[-3.733127,40.404936,0],[-3.732904,40.405051,0],[-3.732828,40.40509,0],[-3.731965,40.405586,0],[-3.730595,40.406368,0],[-3.730486,40.406405,0],[-3.730182,40.406477,0],[-3.728665,40.406789,0],[-3.727133,40.407092,0],[-3.72674,40.407217,0],[-3.72645,40.407345,0],[-3.726125,40.407541,0],[-3.725894,40.407752,0],[-3.725214,40.408659,0],[-3.724985,40.40869,0],[-3.724678,40.408738,0],[-3.724499,40.408747,0],[-3.724168,40.408749,0],[-3.723866,40.408744,0],[-3.723751,40.408731,0],[-3.723479,40.408716,0],[-3.72254,40.408557,0],[-3.722225,40.408534,0],[-3.721823,40.408505,0],[-3.722611,40.411379,0],[-3.722765,40.411714,0],[-3.722871,40.411907,0],[-3.7229,40.411973,0],[-3.722918,40.412013,0],[-3.722925,40.412366,0],[-3.722925,40.412376,0],[-3.722954,40.413989,0]]]},"properties":{"name":"PUERTA DEL ÁNGEL","description":"","styleUrl":"#poly-A52714-1200-76","fill-opacity":0.2980392156862745,"fill":"#a52714","stroke-opacity":1,"stroke":"#a52714","stroke-width":1.2,"OBJECTID":"184","CODDIS":"10","NOMDIS":"Latina","COD_BAR":"102","NOMBRE":"Puerta del Ángel","Shape_Leng":"5368.77588392","COD_DIS_TX":"10","BARRIO_MAY":"PUERTA DEL ANGEL","COD_DISBAR":"102","NUM_BAR":"2","BARRIO_MT":"PUERTA DEL ÁNGEL","COD_DISB":"10-2","Shape_STAr":"1375298.04853","Shape_STLe":"5368.77588392","id":"102","shape_name":"Puerta del Ángel","s_var_popdensity":"1.06692879942761","s_var_carsxperson":"-0.879792994717956","comp_score":"23.0093718433535","comp_score_n":"23.0093718433535"}},{"type":"Feature","geometry":{"type":"Polygon","coordinates":[[[-3.650134,40.416092,0],[-3.654013,40.417454,0],[-3.656292,40.41805,0],[-3.658695,40.418674,0],[-3.658971,40.417443,0],[-3.659442,40.416547,0],[-3.660585,40.414696,0],[-3.661054,40.413937,0],[-3.661159,40.413769,0],[-3.661482,40.413254,0],[-3.662488,40.411649,0],[-3.662534,40.411574,0],[-3.662917,40.410964,0],[-3.662917,40.410963,0],[-3.66339,40.409901,0],[-3.663763,40.409171,0],[-3.664094,40.408523,0],[-3.661995,40.407958,0],[-3.660503,40.407554,0],[-3.659439,40.407291,0],[-3.659001,40.407177,0],[-3.658435,40.40701,0],[-3.657679,40.406817,0],[-3.656988,40.406697,0],[-3.656709,40.406637,0],[-3.656313,40.406552,0],[-3.655713,40.406373,0],[-3.655359,40.406267,0],[-3.655185,40.406211,0],[-3.655136,40.406195,0],[-3.655068,40.406173,0],[-3.654698,40.406052,0],[-3.654109,40.405904,0],[-3.653891,40.405853,0],[-3.653656,40.405798,0],[-3.653135,40.405706,0],[-3.652595,40.405633,0],[-3.652465,40.405615,0],[-3.651973,40.405614,0],[-3.651852,40.405614,0],[-3.651818,40.405616,0],[-3.6516,40.405629,0],[-3.651339,40.405645,0],[-3.651254,40.405667,0],[-3.651039,40.405723,0],[-3.651287,40.406081,0],[-3.651575,40.406497,0],[-3.651607,40.406543,0],[-3.652093,40.407183,0],[-3.652526,40.40778,0],[-3.652782,40.408207,0],[-3.65303,40.40867,0],[-3.653064,40.408743,0],[-3.653082,40.408821,0],[-3.65308,40.408894,0],[-3.653042,40.409023,0],[-3.652563,40.410202,0],[-3.652552,40.410225,0],[-3.652481,40.410378,0],[-3.652381,40.410602,0],[-3.651678,40.412283,0],[-3.652312,40.41225,0],[-3.652975,40.412242,0],[-3.653066,40.412241,0],[-3.653174,40.412244,0],[-3.653386,40.41225,0],[-3.653543,40.412271,0],[-3.653575,40.412276,0],[-3.653678,40.412292,0],[-3.653806,40.412318,0],[-3.653945,40.412347,0],[-3.652879,40.413317,0],[-3.652784,40.413403,0],[-3.65156,40.414556,0],[-3.650391,40.415675,0],[-3.650265,40.415829,0],[-3.650134,40.416092,0]]]},"properties":{"name":"MEDIA LEGUA","description":"","styleUrl":"#poly-FFD600-1200-76","fill-opacity":0.2980392156862745,"fill":"#ffd600","stroke-opacity":1,"stroke":"#ffd600","stroke-width":1.2,"OBJECTID":"185","CODDIS":"14","NOMDIS":"Moratalaz","COD_BAR":"144","NOMBRE":"Media Legua","Shape_Leng":"4676.05777049","COD_DIS_TX":"14","BARRIO_MAY":"MEDIA LEGUA","COD_DISBAR":"144","NUM_BAR":"4","BARRIO_MT":"MEDIA LEGUA","COD_DISB":"14-4","Shape_STAr":"998967.71032","Shape_STLe":"4676.05777049","id":"144","shape_name":"Media Legua","s_var_popdensity":"-0.0985751720063368","s_var_carsxperson":"0.0652173924123797","comp_score":"-0.351462221905627","comp_score_n":"-0.351462221905627"}},{"type":"Feature","geometry":{"type":"Polygon","coordinates":[[[-3.698049,40.4192719,0],[-3.699668,40.4197549,0],[-3.699732,40.4192889,0],[-3.699574,40.4185279,0],[-3.699308,40.4178969,0],[-3.699556,40.4177989,0],[-3.699886,40.4174139,0],[-3.700428,40.4166079,0],[-3.700564,40.4164379,0],[-3.700763,40.4162669,0],[-3.700961,40.4161199,0],[-3.701208,40.4159519,0],[-3.701358,40.4158519,0],[-3.702015,40.4153799,0],[-3.702544,40.4149729,0],[-3.703118,40.4145179,0],[-3.703268,40.4145509,0],[-3.703361,40.4145969,0],[-3.703434,40.4146989,0],[-3.703928,40.4143039,0],[-3.702856,40.4139239,0],[-3.701524,40.4134529,0],[-3.700016,40.4128349,0],[-3.699024,40.4123289,0],[-3.698626,40.4121349,0],[-3.696805,40.4111919,0],[-3.695756,40.4106719,0],[-3.694064,40.4099419,0],[-3.69194,40.4090779,0],[-3.692218,40.4097029,0],[-3.692366,40.4101969,0],[-3.69265,40.4114639,0],[-3.692897,40.4126329,0],[-3.693202,40.4140299,0],[-3.693441,40.4151309,0],[-3.693639,40.4158779,0],[-3.693604,40.4163409,0],[-3.693481,40.4169379,0],[-3.693166,40.4184729,0],[-3.692972,40.4188769,0],[-3.693089,40.4193309,0],[-3.694299,40.4191899,0],[-3.695554,40.4189629,0],[-3.696544,40.4187329,0],[-3.698049,40.4192719,0]]]},"properties":{"name":"CORTES","description":"","styleUrl":"#poly-757575-1200-76","fill-opacity":0.2980392156862745,"fill":"#757575","stroke-opacity":1,"stroke":"#757575","stroke-width":1.2,"OBJECTID":"186","CODDIS":"1","NOMDIS":"Centro","COD_BAR":"013","NOMBRE":"Cortes","Shape_Leng":"3731.07903046","COD_DIS_TX":"01","BARRIO_MAY":"CORTES","COD_DISBAR":"13","NUM_BAR":"3","BARRIO_MT":"CORTES","COD_DISB":"1-3","Shape_STAr":"591874.121948","Shape_STLe":"3731.07903046","id":"13","shape_name":"Cortes","s_var_popdensity":"-0.021636336860609","s_var_carsxperson":"0.483561451735772","comp_score":"-8.3839257687599","comp_score_n":"-8.3839257687599"}},{"type":"Feature","geometry":{"type":"Polygon","coordinates":[[[-3.704838,40.42026,0],[-3.705261,40.420293,0],[-3.705573,40.420295,0],[-3.705931,40.420287,0],[-3.706339,40.420173,0],[-3.708116,40.420238,0],[-3.707915,40.419867,0],[-3.708,40.419629,0],[-3.708138,40.419165,0],[-3.708188,40.418886,0],[-3.70845,40.4184,0],[-3.708474,40.41836,0],[-3.708525,40.418273,0],[-3.708781,40.417828,0],[-3.70858,40.417797,0],[-3.708674,40.417218,0],[-3.708703,40.417113,0],[-3.708726,40.417023,0],[-3.708687,40.416779,0],[-3.708685,40.41676,0],[-3.708636,40.416374,0],[-3.708755,40.416333,0],[-3.708684,40.415968,0],[-3.708811,40.415581,0],[-3.708609,40.415327,0],[-3.708547,40.415322,0],[-3.708482,40.415319,0],[-3.708432,40.415287,0],[-3.708188,40.414745,0],[-3.708032,40.414523,0],[-3.708116,40.414111,0],[-3.708259,40.413717,0],[-3.707725,40.413577,0],[-3.707478,40.413519,0],[-3.707392,40.413628,0],[-3.706344,40.413958,0],[-3.706081,40.41399,0],[-3.705561,40.41397,0],[-3.704931,40.413934,0],[-3.704821,40.413934,0],[-3.704731,40.413947,0],[-3.704618,40.413989,0],[-3.703928,40.414308,0],[-3.703434,40.414703,0],[-3.703361,40.414601,0],[-3.703268,40.414555,0],[-3.703118,40.414522,0],[-3.702544,40.414977,0],[-3.702015,40.415384,0],[-3.701358,40.415856,0],[-3.701208,40.415956,0],[-3.700961,40.416124,0],[-3.700763,40.416271,0],[-3.700564,40.416442,0],[-3.700428,40.416612,0],[-3.699886,40.417418,0],[-3.699556,40.417803,0],[-3.699308,40.417901,0],[-3.699574,40.418532,0],[-3.699732,40.419293,0],[-3.699668,40.419759,0],[-3.699672,40.41976,0],[-3.700357,40.419916,0],[-3.700801,40.419984,0],[-3.701238,40.420005,0],[-3.701592,40.420014,0],[-3.704838,40.42026,0]]]},"properties":{"name":"SOL","description":"","styleUrl":"#poly-E65100-1200-76","fill-opacity":0.2980392156862745,"fill":"#e65100","stroke-opacity":1,"stroke":"#e65100","stroke-width":1.2,"OBJECTID":"187","CODDIS":"1","NOMDIS":"Centro","COD_BAR":"016","NOMBRE":"Sol","Shape_Leng":"2719.28788329","COD_DIS_TX":"01","BARRIO_MAY":"SOL","COD_DISBAR":"16","NUM_BAR":"6","BARRIO_MT":"SOL","COD_DISB":"1-6","Shape_STAr":"445300.822126","Shape_STLe":"2719.28788329","id":"16","shape_name":"Sol","s_var_popdensity":"-0.0167296053000283","s_var_carsxperson":"-0.456483027800493","comp_score":"3.29167370689141","comp_score_n":"3.29167370689141"}},{"type":"Feature","geometry":{"type":"Polygon","coordinates":[[[-3.658695,40.418674,0],[-3.662917,40.419663,0],[-3.665024,40.420208,0],[-3.668996,40.421191,0],[-3.66904,40.420739,0],[-3.669248,40.417949,0],[-3.669365,40.41657,0],[-3.669387,40.416373,0],[-3.669394,40.416304,0],[-3.669553,40.414523,0],[-3.6697,40.412919,0],[-3.669736,40.412427,0],[-3.669814,40.41139,0],[-3.669931,40.409821,0],[-3.670031,40.408486,0],[-3.670215,40.406659,0],[-3.668979,40.406623,0],[-3.665211,40.40634,0],[-3.665151,40.406456,0],[-3.664094,40.408523,0],[-3.663763,40.409171,0],[-3.66339,40.409901,0],[-3.662917,40.410963,0],[-3.662917,40.410964,0],[-3.662534,40.411574,0],[-3.662488,40.411649,0],[-3.661482,40.413254,0],[-3.661159,40.413769,0],[-3.661054,40.413937,0],[-3.660585,40.414696,0],[-3.659442,40.416547,0],[-3.658971,40.417443,0],[-3.658695,40.418674,0]]]},"properties":{"name":"ESTRELLA","description":"","styleUrl":"#poly-757575-1200-76","fill-opacity":0.2980392156862745,"fill":"#757575","stroke-opacity":1,"stroke":"#757575","stroke-width":1.2,"OBJECTID":"188","CODDIS":"3","NOMDIS":"Retiro","COD_BAR":"033","NOMBRE":"Estrella","Shape_Leng":"4441.30986873","COD_DIS_TX":"03","BARRIO_MAY":"ESTRELLA","COD_DISBAR":"33","NUM_BAR":"3","BARRIO_MT":"ESTRELLA","COD_DISB":"3-3","Shape_STAr":"1025524.32048","Shape_STLe":"4441.30986873","id":"33","shape_name":"Estrella","s_var_popdensity":"0.292558637576101","s_var_carsxperson":"1.15699225563157","comp_score":"-8.21987470978151","comp_score_n":"-8.21987470978151"}},{"type":"Feature","geometry":{"type":"Polygon","coordinates":[[[-3.67777,40.415463,0],[-3.678348,40.417066,0],[-3.678441,40.417333,0],[-3.679249,40.419572,0],[-3.67959,40.42053,0],[-3.67976,40.421051,0],[-3.679961,40.421663,0],[-3.681215,40.421424,0],[-3.682443,40.421168,0],[-3.683098,40.421062,0],[-3.684462,40.42084,0],[-3.684586,40.42082,0],[-3.684752,40.420793,0],[-3.685195,40.420713,0],[-3.685872,40.42059,0],[-3.685924,40.420579,0],[-3.688716,40.419996,0],[-3.692191,40.419512,0],[-3.693089,40.419335,0],[-3.692972,40.418881,0],[-3.693166,40.418477,0],[-3.693481,40.416942,0],[-3.693604,40.416345,0],[-3.693639,40.415882,0],[-3.693441,40.415135,0],[-3.693202,40.414034,0],[-3.692897,40.412637,0],[-3.69265,40.411468,0],[-3.692366,40.410201,0],[-3.692218,40.409707,0],[-3.69194,40.409082,0],[-3.692025,40.408697,0],[-3.691855,40.408436,0],[-3.691507,40.40815,0],[-3.691397,40.40811,0],[-3.691178,40.407986,0],[-3.690824,40.407755,0],[-3.690251,40.40733,0],[-3.690213,40.407356,0],[-3.689878,40.40712,0],[-3.689162,40.406721,0],[-3.688869,40.406541,0],[-3.688787,40.406672,0],[-3.688615,40.406989,0],[-3.687265,40.406579,0],[-3.686502,40.406427,0],[-3.686223,40.406392,0],[-3.685947,40.406377,0],[-3.685604,40.406396,0],[-3.685314,40.406439,0],[-3.68342,40.40674,0],[-3.682005,40.406962,0],[-3.680016,40.407316,0],[-3.678826,40.407501,0],[-3.678405,40.408197,0],[-3.676896,40.410291,0],[-3.676327,40.411328,0],[-3.67629,40.411394,0],[-3.676859,40.412924,0],[-3.67777,40.415463,0]]]},"properties":{"name":"LOS JERÓNIMOS","description":"","styleUrl":"#poly-BDBDBD-1200-76","fill-opacity":0.2980392156862745,"fill":"#bdbdbd","stroke-opacity":1,"stroke":"#bdbdbd","stroke-width":1.2,"OBJECTID":"189","CODDIS":"3","NOMDIS":"Retiro","COD_BAR":"035","NOMBRE":"Los Jerónimos","Shape_Leng":"5287.48477429","COD_DIS_TX":"03","BARRIO_MAY":"LOS JERONIMOS","COD_DISBAR":"35","NUM_BAR":"5","BARRIO_MT":"LOS JERÓNIMOS","COD_DISB":"3-5","Shape_STAr":"1906397.62525","Shape_STLe":"5287.48477429","id":"35","shape_name":"Los Jerónimos","s_var_popdensity":"-1.2330386006685","s_var_carsxperson":"2.77506746107166","comp_score":"-35.5027168681352","comp_score_n":"-35.5027168681352"}},{"type":"Feature","geometry":{"type":"Polygon","coordinates":[[[-3.668996,40.421191,0],[-3.672835,40.421387,0],[-3.674388,40.421461,0],[-3.675998,40.421542,0],[-3.67752,40.421612,0],[-3.678932,40.421673,0],[-3.678969,40.421675,0],[-3.67943,40.421682,0],[-3.679961,40.421663,0],[-3.67976,40.421051,0],[-3.67959,40.42053,0],[-3.679249,40.419572,0],[-3.678441,40.417333,0],[-3.678348,40.417066,0],[-3.67777,40.415463,0],[-3.676415,40.415708,0],[-3.674979,40.415915,0],[-3.674962,40.415917,0],[-3.674791,40.415941,0],[-3.671593,40.41638,0],[-3.671561,40.41668,0],[-3.669365,40.41657,0],[-3.669248,40.417949,0],[-3.66904,40.420739,0],[-3.668996,40.421191,0]]]},"properties":{"name":"IBIZA","description":"","styleUrl":"#poly-A52714-1200-76","fill-opacity":0.2980392156862745,"fill":"#a52714","stroke-opacity":1,"stroke":"#a52714","stroke-width":1.2,"OBJECTID":"190","CODDIS":"3","NOMDIS":"Retiro","COD_BAR":"034","NOMBRE":"Ibiza","Shape_Leng":"2912.81697723","COD_DIS_TX":"03","BARRIO_MAY":"IBIZA","COD_DISBAR":"34","NUM_BAR":"4","BARRIO_MT":"IBIZA","COD_DISB":"3-4","Shape_STAr":"491968.908798","Shape_STLe":"2912.81697723","id":"34","shape_name":"Ibiza","s_var_popdensity":"2.07332529381158","s_var_carsxperson":"0.0895836655848372","comp_score":"27.0076420346031","comp_score_n":"27.0076420346031"}},{"type":"Feature","geometry":{"type":"Polygon","coordinates":[[[-3.705931,40.420287,0],[-3.70793,40.421543,0],[-3.71017,40.422949,0],[-3.710894,40.423434,0],[-3.710917,40.423422,0],[-3.711163,40.423292,0],[-3.711722,40.422964,0],[-3.713043,40.422187,0],[-3.713175,40.422058,0],[-3.713332,40.421905,0],[-3.713382,40.421822,0],[-3.713896,40.421478,0],[-3.715504,40.420403,0],[-3.715505,40.420403,0],[-3.715979,40.420353,0],[-3.716802,40.420342,0],[-3.71806,40.420287,0],[-3.720189,40.420255,0],[-3.720195,40.420245,0],[-3.720298,40.420068,0],[-3.7204,40.419895,0],[-3.720699,40.419469,0],[-3.721067,40.419119,0],[-3.72151,40.418771,0],[-3.721843,40.41858,0],[-3.722053,40.41846,0],[-3.722161,40.418036,0],[-3.722379,40.417175,0],[-3.72285,40.415332,0],[-3.722954,40.413989,0],[-3.720495,40.413952,0],[-3.719638,40.41394,0],[-3.719432,40.413935,0],[-3.716939,40.413916,0],[-3.717852,40.412078,0],[-3.718338,40.411113,0],[-3.71677,40.408698,0],[-3.715232,40.408082,0],[-3.713693,40.407444,0],[-3.712048,40.406744,0],[-3.711678,40.406664,0],[-3.711045,40.408001,0],[-3.710229,40.409018,0],[-3.710104,40.409164,0],[-3.709149,40.410377,0],[-3.708483,40.411168,0],[-3.708428,40.411259,0],[-3.708225,40.411443,0],[-3.707536,40.41279,0],[-3.707429,40.413339,0],[-3.707478,40.413519,0],[-3.707725,40.413577,0],[-3.708259,40.413717,0],[-3.708116,40.414111,0],[-3.708032,40.414523,0],[-3.708188,40.414745,0],[-3.708432,40.415287,0],[-3.708482,40.415319,0],[-3.708547,40.415322,0],[-3.708609,40.415327,0],[-3.708811,40.415581,0],[-3.708684,40.415968,0],[-3.708755,40.416333,0],[-3.708636,40.416374,0],[-3.708685,40.41676,0],[-3.708687,40.416779,0],[-3.708726,40.417023,0],[-3.708703,40.417113,0],[-3.708674,40.417218,0],[-3.70858,40.417797,0],[-3.708781,40.417828,0],[-3.708525,40.418273,0],[-3.708474,40.41836,0],[-3.70845,40.4184,0],[-3.708188,40.418886,0],[-3.708138,40.419165,0],[-3.708,40.419629,0],[-3.707915,40.419867,0],[-3.708116,40.420238,0],[-3.706339,40.420173,0],[-3.705931,40.420287,0]]]},"properties":{"name":"PALACIO","description":"","styleUrl":"#poly-FFD600-1200-76","fill-opacity":0.2980392156862745,"fill":"#ffd600","stroke-opacity":1,"stroke":"#ffd600","stroke-width":1.2,"OBJECTID":"191","CODDIS":"1","NOMDIS":"Centro","COD_BAR":"011","NOMBRE":"Palacio","Shape_Leng":"5754.82274848","COD_DIS_TX":"01","BARRIO_MAY":"PALACIO","COD_DISBAR":"11","NUM_BAR":"1","BARRIO_MT":"PALACIO","COD_DISB":"1-1","Shape_STAr":"1469905.68364","Shape_STLe":"5754.82274848","id":"11","shape_name":"Palacio","s_var_popdensity":"-0.210101881654879","s_var_carsxperson":"-0.394140679798731","comp_score":"-4.89475340057217","comp_score_n":"-4.89475340057217"}},{"type":"Feature","geometry":{"type":"Polygon","coordinates":[[[-3.610801,40.417945,0],[-3.611191,40.421234,0],[-3.611379,40.422772,0],[-3.611384,40.422812,0],[-3.611626,40.425214,0],[-3.61157,40.42568,0],[-3.611532,40.426002,0],[-3.611207,40.427596,0],[-3.611089,40.428201,0],[-3.611024,40.428575,0],[-3.610989,40.429013,0],[-3.611217,40.428636,0],[-3.612489,40.427474,0],[-3.613229,40.427937,0],[-3.613421,40.427981,0],[-3.613459,40.42799,0],[-3.615071,40.428,0],[-3.617992,40.426908,0],[-3.618218,40.426782,0],[-3.620812,40.425336,0],[-3.620372,40.424732,0],[-3.621988,40.424059,0],[-3.623516,40.423423,0],[-3.625266,40.422678,0],[-3.62556,40.422554,0],[-3.6266,40.422117,0],[-3.626165,40.421514,0],[-3.625403,40.420456,0],[-3.624569,40.419323,0],[-3.624459,40.419159,0],[-3.6243,40.418954,0],[-3.624173,40.418766,0],[-3.624113,40.418674,0],[-3.623849,40.41823,0],[-3.622825,40.416869,0],[-3.62232,40.416147,0],[-3.622101,40.415846,0],[-3.621887,40.415525,0],[-3.62162,40.415156,0],[-3.62136,40.414781,0],[-3.620362,40.413083,0],[-3.620198,40.41334,0],[-3.620125,40.413454,0],[-3.620091,40.413502,0],[-3.620049,40.413561,0],[-3.619976,40.413669,0],[-3.619894,40.413777,0],[-3.619812,40.413884,0],[-3.619754,40.413954,0],[-3.619685,40.414037,0],[-3.619493,40.414246,0],[-3.619004,40.414677,0],[-3.618751,40.414876,0],[-3.618579,40.415,0],[-3.618399,40.415102,0],[-3.618227,40.415198,0],[-3.618158,40.415242,0],[-3.618037,40.415304,0],[-3.617954,40.415344,0],[-3.61773,40.415429,0],[-3.617448,40.415539,0],[-3.613911,40.416934,0],[-3.610801,40.417945,0]]]},"properties":{"name":"ARCOS","description":"","styleUrl":"#poly-757575-1200-76","fill-opacity":0.2980392156862745,"fill":"#757575","stroke-opacity":1,"stroke":"#757575","stroke-width":1.2,"OBJECTID":"192","CODDIS":"20","NOMDIS":"San Blas - Canillejas","COD_BAR":"204","NOMBRE":"Arcos","Shape_Leng":"5074.87210758","COD_DIS_TX":"20","BARRIO_MAY":"ARCOS","COD_DISBAR":"204","NUM_BAR":"4","BARRIO_MT":"ARCOS","COD_DISB":"20-4","Shape_STAr":"1305194.03829","Shape_STLe":"5074.87210758","id":"204","shape_name":"Arcos","s_var_popdensity":"0.0732790965636238","s_var_carsxperson":"-0.466620555195931","comp_score":"-6.71464196626926","comp_score_n":"-6.71464196626926"}},{"type":"Feature","geometry":{"type":"Polygon","coordinates":[[[-3.669108,40.428364,0],[-3.671696,40.428509,0],[-3.672281,40.428542,0],[-3.673794,40.428628,0],[-3.675399,40.4287,0],[-3.676923,40.428773,0],[-3.678347,40.428838,0],[-3.679842,40.428925,0],[-3.679943,40.427527,0],[-3.680071,40.426137,0],[-3.680175,40.425008,0],[-3.680197,40.424705,0],[-3.68035,40.422736,0],[-3.679961,40.421663,0],[-3.67943,40.421682,0],[-3.678969,40.421675,0],[-3.678932,40.421673,0],[-3.67752,40.421612,0],[-3.675998,40.421542,0],[-3.674388,40.421461,0],[-3.672835,40.421387,0],[-3.668996,40.421191,0],[-3.668837,40.422947,0],[-3.668827,40.423052,0],[-3.668787,40.423709,0],[-3.668777,40.423815,0],[-3.668711,40.424458,0],[-3.668694,40.424678,0],[-3.668626,40.425579,0],[-3.668493,40.426973,0],[-3.66869,40.428123,0],[-3.669108,40.428364,0]]]},"properties":{"name":"GOYA","description":"","styleUrl":"#poly-A52714-1200-76","fill-opacity":0.2980392156862745,"fill":"#a52714","stroke-opacity":1,"stroke":"#a52714","stroke-width":1.2,"OBJECTID":"193","CODDIS":"4","NOMDIS":"Salamanca","COD_BAR":"042","NOMBRE":"Goya","Shape_Leng":"3473.08430751","COD_DIS_TX":"04","BARRIO_MAY":"GOYA","COD_DISBAR":"42","NUM_BAR":"2","BARRIO_MT":"GOYA","COD_DISB":"4-2","Shape_STAr":"770293.653231","Shape_STLe":"3473.08430751","id":"42","shape_name":"Goya","s_var_popdensity":"1.62661973199033","s_var_carsxperson":"0.114899240513228","comp_score":"21.3517119911583","comp_score_n":"21.3517119911583"}},{"type":"Feature","geometry":{"type":"Polygon","coordinates":[[[-3.615071,40.428,0],[-3.61562,40.429534,0],[-3.617859,40.429321,0],[-3.619515,40.429175,0],[-3.620027,40.429117,0],[-3.620234,40.429091,0],[-3.620351,40.429051,0],[-3.62038,40.429035,0],[-3.620505,40.428996,0],[-3.621258,40.428638,0],[-3.622648,40.427993,0],[-3.622658,40.427983,0],[-3.622878,40.427833,0],[-3.623665,40.426973,0],[-3.624352,40.42623,0],[-3.624431,40.426166,0],[-3.624566,40.426076,0],[-3.62476,40.425975,0],[-3.625231,40.425768,0],[-3.625725,40.426422,0],[-3.628409,40.424483,0],[-3.627415,40.423249,0],[-3.6266,40.422117,0],[-3.62556,40.422554,0],[-3.625266,40.422678,0],[-3.623516,40.423423,0],[-3.621988,40.424059,0],[-3.620372,40.424732,0],[-3.620812,40.425336,0],[-3.618218,40.426782,0],[-3.617992,40.426908,0],[-3.615071,40.428,0]]]},"properties":{"name":"AMPOSTA","description":"","styleUrl":"#poly-A52714-1200-76","fill-opacity":0.2980392156862745,"fill":"#a52714","stroke-opacity":1,"stroke":"#a52714","stroke-width":1.2,"OBJECTID":"194","CODDIS":"20","NOMDIS":"San Blas - Canillejas","COD_BAR":"203","NOMBRE":"Amposta","Shape_Leng":"3097.46051578","COD_DIS_TX":"20","BARRIO_MAY":"AMPOSTA","COD_DISBAR":"203","NUM_BAR":"3","BARRIO_MT":"AMPOSTA","COD_DISB":"20-3","Shape_STAr":"370249.994462","Shape_STLe":"3097.46051578","id":"203","shape_name":"Amposta","s_var_popdensity":"0.503849537235814","s_var_carsxperson":"-1.06731673123342","comp_score":"22.7016462774977","comp_score_n":"22.7016462774977"}},{"type":"Feature","geometry":{"type":"Polygon","coordinates":[[[-3.695762,40.427642,0],[-3.697131,40.427945,0],[-3.699411,40.428426,0],[-3.701947,40.428975,0],[-3.702406,40.429059,0],[-3.70167,40.427245,0],[-3.70117,40.426045,0],[-3.700901,40.425368,0],[-3.700753,40.424908,0],[-3.700748,40.424896,0],[-3.700667,40.424177,0],[-3.700662,40.42393,0],[-3.700659,40.423801,0],[-3.700649,40.423612,0],[-3.700687,40.423128,0],[-3.700695,40.423046,0],[-3.700802,40.422555,0],[-3.700917,40.42205,0],[-3.700964,40.421886,0],[-3.701166,40.421329,0],[-3.701638,40.420099,0],[-3.701592,40.420014,0],[-3.701238,40.420005,0],[-3.700801,40.419984,0],[-3.700357,40.419916,0],[-3.699672,40.41976,0],[-3.699668,40.419759,0],[-3.698049,40.419276,0],[-3.696544,40.418737,0],[-3.695554,40.418967,0],[-3.694299,40.419194,0],[-3.693089,40.419335,0],[-3.691313,40.423144,0],[-3.69072,40.424466,0],[-3.690455,40.425262,0],[-3.691393,40.425486,0],[-3.693849,40.426708,0],[-3.695122,40.427344,0],[-3.695762,40.427642,0]]]},"properties":{"name":"JUSTICIA","description":"","styleUrl":"#poly-FFD600-1200-76","fill-opacity":0.2980392156862745,"fill":"#ffd600","stroke-opacity":1,"stroke":"#ffd600","stroke-width":1.2,"OBJECTID":"195","CODDIS":"1","NOMDIS":"Centro","COD_BAR":"014","NOMBRE":"Justicia","Shape_Leng":"3597.42142713","COD_DIS_TX":"01","BARRIO_MAY":"JUSTICIA","COD_DISBAR":"14","NUM_BAR":"4","BARRIO_MT":"JUSTICIA","COD_DISB":"1-4","Shape_STAr":"739414.338038","Shape_STLe":"3597.42142713","id":"14","shape_name":"Justicia","s_var_popdensity":"0.503153733042771","s_var_carsxperson":"-0.26649012286592","comp_score":"-0.437344685132142","comp_score_n":"-0.437344685132142"}},{"type":"Feature","geometry":{"type":"Polygon","coordinates":[[[-3.679842,40.428925,0],[-3.683828,40.429112,0],[-3.684938,40.429175,0],[-3.685994,40.429235,0],[-3.68935,40.429387,0],[-3.68971,40.427999,0],[-3.690065,40.426626,0],[-3.690455,40.425262,0],[-3.69072,40.424466,0],[-3.691313,40.423144,0],[-3.693089,40.419335,0],[-3.692191,40.419512,0],[-3.688716,40.419996,0],[-3.685924,40.420579,0],[-3.685872,40.42059,0],[-3.685195,40.420713,0],[-3.684752,40.420793,0],[-3.684586,40.42082,0],[-3.684462,40.42084,0],[-3.683098,40.421062,0],[-3.682443,40.421168,0],[-3.681215,40.421424,0],[-3.679961,40.421663,0],[-3.68035,40.422736,0],[-3.680197,40.424705,0],[-3.680175,40.425008,0],[-3.680071,40.426137,0],[-3.679943,40.427527,0],[-3.679842,40.428925,0]]]},"properties":{"name":"RECOLETOS","description":"","styleUrl":"#poly-BDBDBD-1200-76","fill-opacity":0.2980392156862745,"fill":"#bdbdbd","stroke-opacity":1,"stroke":"#bdbdbd","stroke-width":1.2,"OBJECTID":"196","CODDIS":"4","NOMDIS":"Salamanca","COD_BAR":"041","NOMBRE":"Recoletos","Shape_Leng":"3926.67638049","COD_DIS_TX":"04","BARRIO_MAY":"RECOLETOS","COD_DISBAR":"41","NUM_BAR":"1","BARRIO_MT":"RECOLETOS","COD_DISB":"4-1","Shape_STAr":"873144.652054","Shape_STLe":"3926.67638049","id":"41","shape_name":"Recoletos","s_var_popdensity":"-0.0699770804292846","s_var_carsxperson":"2.91824092111479","comp_score":"-18.0505526941226","comp_score_n":"-18.0505526941226"}},{"type":"Feature","geometry":{"type":"Polygon","coordinates":[[[-3.711862,40.430194,0],[-3.713523,40.430361,0],[-3.71463,40.430477,0],[-3.716228,40.430648,0],[-3.716196,40.430603,0],[-3.715596,40.429774,0],[-3.714528,40.428321,0],[-3.714132,40.427784,0],[-3.713897,40.427463,0],[-3.713174,40.426407,0],[-3.712457,40.42536,0],[-3.711708,40.424304,0],[-3.710894,40.423434,0],[-3.71017,40.422949,0],[-3.70793,40.421543,0],[-3.705931,40.420287,0],[-3.705573,40.420295,0],[-3.705261,40.420293,0],[-3.704838,40.42026,0],[-3.701592,40.420014,0],[-3.701638,40.420099,0],[-3.701166,40.421329,0],[-3.700964,40.421886,0],[-3.700917,40.42205,0],[-3.700802,40.422555,0],[-3.700695,40.423046,0],[-3.700687,40.423128,0],[-3.700649,40.423612,0],[-3.700659,40.423801,0],[-3.700662,40.42393,0],[-3.700667,40.424177,0],[-3.700748,40.424896,0],[-3.700753,40.424908,0],[-3.700901,40.425368,0],[-3.70117,40.426045,0],[-3.70167,40.427245,0],[-3.702406,40.429059,0],[-3.703645,40.429241,0],[-3.705806,40.429606,0],[-3.707413,40.429755,0],[-3.707716,40.429783,0],[-3.708826,40.429885,0],[-3.710504,40.430055,0],[-3.711862,40.430194,0]]]},"properties":{"name":"UNIVERSIDAD","description":"","styleUrl":"#poly-E65100-1200-76","fill-opacity":0.2980392156862745,"fill":"#e65100","stroke-opacity":1,"stroke":"#e65100","stroke-width":1.2,"OBJECTID":"197","CODDIS":"1","NOMDIS":"Centro","COD_BAR":"015","NOMBRE":"Universidad","Shape_Leng":"4060.07581276","COD_DIS_TX":"01","BARRIO_MAY":"UNIVERSIDAD","COD_DISBAR":"15","NUM_BAR":"5","BARRIO_MT":"UNIVERSIDAD","COD_DISB":"1-5","Shape_STAr":"948027.077316","Shape_STLe":"4060.07581276","id":"15","shape_name":"Universidad","s_var_popdensity":"1.32265933729199","s_var_carsxperson":"-1.0857400328372","comp_score":"13.7600399264503","comp_score_n":"13.7600399264503"}},{"type":"Feature","geometry":{"type":"Polygon","coordinates":[[[-3.658695,40.418674,0],[-3.659152,40.421462,0],[-3.65954,40.423829,0],[-3.659652,40.424511,0],[-3.660112,40.426938,0],[-3.660589,40.429458,0],[-3.66081,40.431422,0],[-3.661846,40.431299,0],[-3.662058,40.431255,0],[-3.662164,40.431232,0],[-3.662242,40.431214,0],[-3.662465,40.431163,0],[-3.663912,40.430465,0],[-3.665015,40.429901,0],[-3.66514,40.429841,0],[-3.667263,40.428813,0],[-3.66869,40.428123,0],[-3.668493,40.426973,0],[-3.668626,40.425579,0],[-3.668694,40.424678,0],[-3.668711,40.424458,0],[-3.668777,40.423815,0],[-3.668787,40.423709,0],[-3.668827,40.423052,0],[-3.668837,40.422947,0],[-3.668996,40.421191,0],[-3.665024,40.420208,0],[-3.662917,40.419663,0],[-3.658695,40.418674,0]]]},"properties":{"name":"FUENTE DEL BERRO","description":"","styleUrl":"#poly-E65100-1200-76","fill-opacity":0.2980392156862745,"fill":"#e65100","stroke-opacity":1,"stroke":"#e65100","stroke-width":1.2,"OBJECTID":"198","CODDIS":"4","NOMDIS":"Salamanca","COD_BAR":"043","NOMBRE":"Fuente del Berro","Shape_Leng":"3886.35058356","COD_DIS_TX":"04","BARRIO_MAY":"FUENTE DEL BERRO","COD_DISBAR":"43","NUM_BAR":"3","BARRIO_MT":"FUENTE DEL BERRO","COD_DISB":"4-3","Shape_STAr":"852575.751904","Shape_STLe":"3886.35058356","id":"43","shape_name":"Fuente del Berro","s_var_popdensity":"0.49558514328785","s_var_carsxperson":"0.00532402082155577","comp_score":"7.94902969410581","comp_score_n":"7.94902969410581"}},{"type":"Feature","geometry":{"type":"Polygon","coordinates":[[[-3.626776,40.415858,0],[-3.627747,40.416552,0],[-3.628104,40.416769,0],[-3.629907,40.418022,0],[-3.630801,40.418519,0],[-3.634682,40.420615,0],[-3.635696,40.421163,0],[-3.638931,40.422893,0],[-3.63957,40.42324,0],[-3.64568,40.426564,0],[-3.645571,40.427275,0],[-3.645551,40.427408,0],[-3.645774,40.428514,0],[-3.646114,40.430205,0],[-3.646155,40.430407,0],[-3.648239,40.433117,0],[-3.648662,40.433051,0],[-3.648819,40.433029,0],[-3.650314,40.432817,0],[-3.65223,40.432542,0],[-3.652408,40.432517,0],[-3.653273,40.4324,0],[-3.654151,40.432277,0],[-3.655015,40.432163,0],[-3.655375,40.432116,0],[-3.656931,40.431911,0],[-3.657087,40.431891,0],[-3.659744,40.431542,0],[-3.66081,40.431422,0],[-3.660589,40.429458,0],[-3.660112,40.426938,0],[-3.659652,40.424511,0],[-3.65954,40.423829,0],[-3.659152,40.421462,0],[-3.658695,40.418674,0],[-3.656292,40.41805,0],[-3.654013,40.417454,0],[-3.650134,40.416092,0],[-3.64772,40.415367,0],[-3.646472,40.415055,0],[-3.646085,40.414982,0],[-3.645418,40.414856,0],[-3.644109,40.414648,0],[-3.642885,40.414513,0],[-3.640947,40.414423,0],[-3.639087,40.414459,0],[-3.637533,40.414592,0],[-3.634906,40.414961,0],[-3.634504,40.415022,0],[-3.633805,40.415126,0],[-3.633437,40.415147,0],[-3.632487,40.415201,0],[-3.6319,40.415193,0],[-3.631897,40.415193,0],[-3.631449,40.415186,0],[-3.630669,40.415112,0],[-3.629937,40.415011,0],[-3.629034,40.414823,0],[-3.628612,40.414701,0],[-3.628047,40.414536,0],[-3.62759,40.414382,0],[-3.626776,40.415858,0]]]},"properties":{"name":"VENTAS","description":"","styleUrl":"#poly-E65100-1200-76","fill-opacity":0.2980392156862745,"fill":"#e65100","stroke-opacity":1,"stroke":"#e65100","stroke-width":1.2,"OBJECTID":"199","CODDIS":"15","NOMDIS":"Ciudad Lineal","COD_BAR":"151","NOMBRE":"Ventas","Shape_Leng":"8207.61972814","COD_DIS_TX":"15","BARRIO_MAY":"VENTAS","COD_DISBAR":"151","NUM_BAR":"1","BARRIO_MT":"VENTAS","COD_DISB":"15-1","Shape_STAr":"3198035.68537","Shape_STLe":"8207.61972814","id":"151","shape_name":"Ventas","s_var_popdensity":"-0.233625417335387","s_var_carsxperson":"-0.793229798080093","comp_score":"8.02924300150112","comp_score_n":"8.02924300150112"}},{"type":"Feature","geometry":{"type":"Polygon","coordinates":[[[-3.612033,40.43397,0],[-3.612185,40.434606,0],[-3.613642,40.434278,0],[-3.614824,40.434011,0],[-3.6154,40.433881,0],[-3.616101,40.433778,0],[-3.616883,40.433777,0],[-3.617757,40.433786,0],[-3.618857,40.433792,0],[-3.619575,40.433758,0],[-3.620388,40.43358,0],[-3.620973,40.433341,0],[-3.62164,40.433082,0],[-3.62258,40.429231,0],[-3.623097,40.428473,0],[-3.623121,40.428438,0],[-3.623392,40.428215,0],[-3.623867,40.427823,0],[-3.625205,40.426798,0],[-3.625725,40.426422,0],[-3.625231,40.425768,0],[-3.62476,40.425975,0],[-3.624566,40.426076,0],[-3.624431,40.426166,0],[-3.624352,40.42623,0],[-3.623665,40.426973,0],[-3.622878,40.427833,0],[-3.622658,40.427983,0],[-3.622648,40.427993,0],[-3.621258,40.428638,0],[-3.620505,40.428996,0],[-3.62038,40.429035,0],[-3.620351,40.429051,0],[-3.620234,40.429091,0],[-3.620027,40.429117,0],[-3.619515,40.429175,0],[-3.617859,40.429321,0],[-3.61562,40.429534,0],[-3.615071,40.428,0],[-3.613459,40.42799,0],[-3.613421,40.427981,0],[-3.613229,40.427937,0],[-3.612489,40.427474,0],[-3.611217,40.428636,0],[-3.610989,40.429013,0],[-3.611044,40.429535,0],[-3.611056,40.429649,0],[-3.611736,40.432657,0],[-3.612033,40.43397,0]]]},"properties":{"name":"HELLÍN","description":"","styleUrl":"#poly-E65100-1200-76","fill-opacity":0.2980392156862745,"fill":"#e65100","stroke-opacity":1,"stroke":"#e65100","stroke-width":1.2,"OBJECTID":"200","CODDIS":"20","NOMDIS":"San Blas - Canillejas","COD_BAR":"202","NOMBRE":"Hellín","Shape_Leng":"3989.9027957","COD_DIS_TX":"20","BARRIO_MAY":"HELLIN","COD_DISBAR":"202","NUM_BAR":"2","BARRIO_MT":"HELLÍN","COD_DISB":"20-2","Shape_STAr":"550556.079331","Shape_STLe":"3989.9027957","id":"202","shape_name":"Hellín","s_var_popdensity":"-0.0973979563968067","s_var_carsxperson":"-0.68400438684889","comp_score":"17.7929786239436","comp_score_n":"17.7929786239436"}},{"type":"Feature","geometry":{"type":"Polygon","coordinates":[[[-3.718271,40.435542,0],[-3.71984,40.43574,0],[-3.719528,40.435067,0],[-3.719479,40.434962,0],[-3.721665,40.434044,0],[-3.723983,40.43304,0],[-3.724111,40.432985,0],[-3.725193,40.432516,0],[-3.723179,40.430411,0],[-3.722922,40.430139,0],[-3.722868,40.430083,0],[-3.722592,40.429799,0],[-3.722306,40.429506,0],[-3.721705,40.428882,0],[-3.720505,40.427637,0],[-3.719743,40.426846,0],[-3.718897,40.425967,0],[-3.71842,40.425472,0],[-3.718367,40.42546,0],[-3.717226,40.425201,0],[-3.716828,40.425111,0],[-3.716252,40.42498,0],[-3.714857,40.423547,0],[-3.714768,40.423457,0],[-3.715341,40.422802,0],[-3.715453,40.422711,0],[-3.715706,40.422505,0],[-3.716419,40.421927,0],[-3.716432,40.421916,0],[-3.716475,40.421903,0],[-3.716523,40.421889,0],[-3.716648,40.421883,0],[-3.716767,40.421888,0],[-3.716848,40.421897,0],[-3.716948,40.421908,0],[-3.717088,40.421955,0],[-3.717496,40.422242,0],[-3.717846,40.422488,0],[-3.718511,40.422793,0],[-3.719465,40.422702,0],[-3.719035,40.422236,0],[-3.718662,40.421832,0],[-3.718083,40.421208,0],[-3.71806,40.420287,0],[-3.716802,40.420342,0],[-3.715979,40.420353,0],[-3.715505,40.420403,0],[-3.715504,40.420403,0],[-3.713896,40.421478,0],[-3.713382,40.421822,0],[-3.713332,40.421905,0],[-3.713175,40.422058,0],[-3.713043,40.422187,0],[-3.711722,40.422964,0],[-3.711163,40.423292,0],[-3.710917,40.423422,0],[-3.710894,40.423434,0],[-3.711708,40.424304,0],[-3.712457,40.42536,0],[-3.713174,40.426407,0],[-3.713897,40.427463,0],[-3.714132,40.427784,0],[-3.714528,40.428321,0],[-3.715596,40.429774,0],[-3.716196,40.430603,0],[-3.716228,40.430648,0],[-3.716993,40.43168,0],[-3.71717,40.431922,0],[-3.71748,40.432346,0],[-3.717609,40.432521,0],[-3.717959,40.432998,0],[-3.717613,40.433092,0],[-3.71727,40.4331,0],[-3.717233,40.433101,0],[-3.718406,40.434778,0],[-3.718271,40.435542,0]]]},"properties":{"name":"ARGÜELLES","description":"","styleUrl":"#poly-E65100-1200-76","fill-opacity":0.2980392156862745,"fill":"#e65100","stroke-opacity":1,"stroke":"#e65100","stroke-width":1.2,"OBJECTID":"201","CODDIS":"9","NOMDIS":"Moncloa - Aravaca","COD_BAR":"092","NOMBRE":"Argüelles","Shape_Leng":"5290.48313353","COD_DIS_TX":"09","BARRIO_MAY":"ARGÜELLES","COD_DISBAR":"92","NUM_BAR":"2","BARRIO_MT":"ARGÜELLES","COD_DISB":"9-2","Shape_STAr":"757530.926595","Shape_STLe":"5290.48313353","id":"92","shape_name":"Argüelles","s_var_popdensity":"1.1378025013336","s_var_carsxperson":"0.38296402358319","comp_score":"7.27905239297319","comp_score_n":"7.27905239297319"}},{"type":"Feature","geometry":{"type":"Polygon","coordinates":[[[-3.677425,40.437413,0],[-3.677619,40.437401,0],[-3.67801,40.437394,0],[-3.679127,40.437444,0],[-3.679262,40.435944,0],[-3.679357,40.434778,0],[-3.679441,40.433709,0],[-3.679525,40.432645,0],[-3.679632,40.431374,0],[-3.679842,40.428925,0],[-3.678347,40.428838,0],[-3.676923,40.428773,0],[-3.675399,40.4287,0],[-3.673794,40.428628,0],[-3.672281,40.428542,0],[-3.671696,40.428509,0],[-3.669108,40.428364,0],[-3.670164,40.429669,0],[-3.67084,40.430445,0],[-3.671981,40.431756,0],[-3.673136,40.433148,0],[-3.673377,40.433438,0],[-3.67482,40.43486,0],[-3.675762,40.435787,0],[-3.676665,40.43667,0],[-3.677425,40.437413,0]]]},"properties":{"name":"LISTA","description":"","styleUrl":"#poly-A52714-1200-76","fill-opacity":0.2980392156862745,"fill":"#a52714","stroke-opacity":1,"stroke":"#a52714","stroke-width":1.2,"OBJECTID":"202","CODDIS":"4","NOMDIS":"Salamanca","COD_BAR":"045","NOMBRE":"Lista","Shape_Leng":"3233.58399618","COD_DIS_TX":"04","BARRIO_MAY":"LISTA","COD_DISBAR":"45","NUM_BAR":"5","BARRIO_MT":"LISTA","COD_DISB":"4-5","Shape_STAr":"520214.542952","Shape_STLe":"3233.58399618","id":"45","shape_name":"Lista","s_var_popdensity":"1.79489454912865","s_var_carsxperson":"0.195658388978388","comp_score":"25.4751535666535","comp_score_n":"25.4751535666535"}},{"type":"Feature","geometry":{"type":"Polygon","coordinates":[[[-3.628409,40.424483,0],[-3.629402,40.425994,0],[-3.629521,40.426176,0],[-3.630066,40.426884,0],[-3.630702,40.427769,0],[-3.631274,40.428566,0],[-3.631645,40.429083,0],[-3.632024,40.429602,0],[-3.632107,40.429716,0],[-3.632363,40.430068,0],[-3.633072,40.431042,0],[-3.633704,40.431927,0],[-3.633838,40.432116,0],[-3.63392,40.432227,0],[-3.634443,40.432945,0],[-3.634858,40.433523,0],[-3.635171,40.433958,0],[-3.63569,40.434648,0],[-3.636571,40.435869,0],[-3.638029,40.437887,0],[-3.639477,40.43731,0],[-3.639947,40.437068,0],[-3.640244,40.436922,0],[-3.641274,40.436422,0],[-3.642778,40.435692,0],[-3.64418,40.435012,0],[-3.64494,40.434641,0],[-3.645431,40.434409,0],[-3.645574,40.434341,0],[-3.646344,40.43397,0],[-3.647205,40.433538,0],[-3.647703,40.433322,0],[-3.648239,40.433117,0],[-3.646155,40.430407,0],[-3.646114,40.430205,0],[-3.645774,40.428514,0],[-3.645551,40.427408,0],[-3.645571,40.427275,0],[-3.64568,40.426564,0],[-3.63957,40.42324,0],[-3.638931,40.422893,0],[-3.635696,40.421163,0],[-3.634682,40.420615,0],[-3.630801,40.418519,0],[-3.629907,40.418022,0],[-3.628104,40.416769,0],[-3.627747,40.416552,0],[-3.626776,40.415858,0],[-3.62759,40.414382,0],[-3.626698,40.414074,0],[-3.625649,40.413713,0],[-3.625075,40.413539,0],[-3.624236,40.41335,0],[-3.623304,40.413187,0],[-3.622477,40.413103,0],[-3.62216,40.41308,0],[-3.621812,40.413067,0],[-3.621373,40.41306,0],[-3.620362,40.413083,0],[-3.62136,40.414781,0],[-3.62162,40.415156,0],[-3.621887,40.415525,0],[-3.622101,40.415846,0],[-3.62232,40.416147,0],[-3.622825,40.416869,0],[-3.623849,40.41823,0],[-3.624113,40.418674,0],[-3.624173,40.418766,0],[-3.6243,40.418954,0],[-3.624459,40.419159,0],[-3.624569,40.419323,0],[-3.625403,40.420456,0],[-3.626165,40.421514,0],[-3.6266,40.422117,0],[-3.627415,40.423249,0],[-3.628409,40.424483,0]]]},"properties":{"name":"PUEBLO NUEVO","description":"","styleUrl":"#poly-E65100-1200-76","fill-opacity":0.2980392156862745,"fill":"#e65100","stroke-opacity":1,"stroke":"#e65100","stroke-width":1.2,"OBJECTID":"203","CODDIS":"15","NOMDIS":"Ciudad Lineal","COD_BAR":"152","NOMBRE":"Pueblo Nuevo","Shape_Leng":"7746.68299859","COD_DIS_TX":"15","BARRIO_MAY":"PUEBLO NUEVO","COD_DISBAR":"152","NUM_BAR":"2","BARRIO_MT":"PUEBLO NUEVO","COD_DISB":"15-2","Shape_STAr":"2319216.42283","Shape_STLe":"7746.68299859","id":"152","shape_name":"Pueblo Nuevo","s_var_popdensity":"0.70559572695817","s_var_carsxperson":"-0.556370939049585","comp_score":"16.1743607989627","comp_score_n":"16.1743607989627"}},{"type":"Feature","geometry":{"type":"Polygon","coordinates":[[[-3.679127,40.437444,0],[-3.680502,40.437518,0],[-3.681771,40.437589,0],[-3.683116,40.437652,0],[-3.684194,40.437703,0],[-3.685194,40.43775,0],[-3.686258,40.4378,0],[-3.690718,40.437985,0],[-3.689387,40.4361,0],[-3.688778,40.435204,0],[-3.688758,40.435174,0],[-3.688413,40.433054,0],[-3.688455,40.432904,0],[-3.689037,40.43062,0],[-3.68935,40.429387,0],[-3.685994,40.429235,0],[-3.684938,40.429175,0],[-3.683828,40.429112,0],[-3.679842,40.428925,0],[-3.679632,40.431374,0],[-3.679525,40.432645,0],[-3.679441,40.433709,0],[-3.679357,40.434778,0],[-3.679262,40.435944,0],[-3.679127,40.437444,0]]]},"properties":{"name":"CASTELLANA","description":"","styleUrl":"#poly-FFD600-1200-76","fill-opacity":0.2980392156862745,"fill":"#ffd600","stroke-opacity":1,"stroke":"#ffd600","stroke-width":1.2,"OBJECTID":"204","CODDIS":"4","NOMDIS":"Salamanca","COD_BAR":"046","NOMBRE":"Castellana","Shape_Leng":"3746.20654909","COD_DIS_TX":"04","BARRIO_MAY":"CASTELLANA","COD_DISBAR":"46","NUM_BAR":"6","BARRIO_MT":"CASTELLANA","COD_DISB":"4-6","Shape_STAr":"773385.198112","Shape_STLe":"3746.20654909","id":"46","shape_name":"Castellana","s_var_popdensity":"0.275349991808229","s_var_carsxperson":"2.05848404751753","comp_score":"-4.7592375629198","comp_score_n":"-4.7592375629198"}},{"type":"Feature","geometry":{"type":"Polygon","coordinates":[[[-3.690718,40.437985,0],[-3.6929,40.438124,0],[-3.696294,40.438285,0],[-3.697787,40.43836,0],[-3.698535,40.438398,0],[-3.699325,40.438439,0],[-3.700265,40.438488,0],[-3.699505,40.436716,0],[-3.699102,40.435775,0],[-3.698739,40.434937,0],[-3.698137,40.433501,0],[-3.697713,40.432506,0],[-3.697612,40.432282,0],[-3.697358,40.431716,0],[-3.696974,40.43086,0],[-3.696483,40.429712,0],[-3.695794,40.4281,0],[-3.695762,40.427642,0],[-3.695122,40.427344,0],[-3.693849,40.426708,0],[-3.691393,40.425486,0],[-3.690455,40.425262,0],[-3.690065,40.426626,0],[-3.68971,40.427999,0],[-3.68935,40.429387,0],[-3.689037,40.43062,0],[-3.688455,40.432904,0],[-3.688413,40.433054,0],[-3.688758,40.435174,0],[-3.688778,40.435204,0],[-3.689387,40.4361,0],[-3.690718,40.437985,0]]]},"properties":{"name":"ALMAGRO","description":"","styleUrl":"#poly-757575-1200-76","fill-opacity":0.2980392156862745,"fill":"#757575","stroke-opacity":1,"stroke":"#757575","stroke-width":1.2,"OBJECTID":"205","CODDIS":"7","NOMDIS":"Chamberí","COD_BAR":"074","NOMBRE":"Almagro","Shape_Leng":"4073.71546314","COD_DIS_TX":"07","BARRIO_MAY":"ALMAGRO","COD_DISBAR":"74","NUM_BAR":"4","BARRIO_MT":"ALMAGRO","COD_DISB":"7-4","Shape_STAr":"937940.694984","Shape_STLe":"4073.71546314","id":"74","shape_name":"Almagro","s_var_popdensity":"0.178584543113883","s_var_carsxperson":"1.82114011196398","comp_score":"-9.11123803100049","comp_score_n":"-9.11123803100049"}},{"type":"Feature","geometry":{"type":"Polygon","coordinates":[[[-3.700265,40.438488,0],[-3.701079,40.438536,0],[-3.704237,40.438677,0],[-3.704248,40.437177,0],[-3.704259,40.436757,0],[-3.704278,40.436038,0],[-3.704322,40.434899,0],[-3.704384,40.433568,0],[-3.704552,40.433105,0],[-3.705159,40.431431,0],[-3.705555,40.430313,0],[-3.705806,40.429606,0],[-3.703645,40.429241,0],[-3.702406,40.429059,0],[-3.701947,40.428975,0],[-3.699411,40.428426,0],[-3.697131,40.427945,0],[-3.695762,40.427642,0],[-3.695794,40.4281,0],[-3.696483,40.429712,0],[-3.696974,40.43086,0],[-3.697358,40.431716,0],[-3.697612,40.432282,0],[-3.697713,40.432506,0],[-3.698137,40.433501,0],[-3.698739,40.434937,0],[-3.699102,40.435775,0],[-3.699505,40.436716,0],[-3.700265,40.438488,0]]]},"properties":{"name":"TRAFALGAR","description":"","styleUrl":"#poly-A52714-1200-76","fill-opacity":0.2980392156862745,"fill":"#a52714","stroke-opacity":1,"stroke":"#a52714","stroke-width":1.2,"OBJECTID":"206","CODDIS":"7","NOMDIS":"Chamberí","COD_BAR":"073","NOMBRE":"Trafalgar","Shape_Leng":"3505.63511346","COD_DIS_TX":"07","BARRIO_MAY":"TRAFALGAR","COD_DISBAR":"73","NUM_BAR":"3","BARRIO_MT":"TRAFALGAR","COD_DISB":"7-3","Shape_STAr":"611878.110237","Shape_STLe":"3505.63511347","id":"73","shape_name":"Trafalgar","s_var_popdensity":"1.78912668848778","s_var_carsxperson":"-0.277462123903978","comp_score":"18.3812811537072","comp_score_n":"18.3812811537072"}},{"type":"Feature","geometry":{"type":"Polygon","coordinates":[[[-3.704237,40.438677,0],[-3.706498,40.438748,0],[-3.707044,40.438765,0],[-3.708289,40.438804,0],[-3.709948,40.438865,0],[-3.711129,40.438912,0],[-3.71123,40.437561,0],[-3.711341,40.436321,0],[-3.711427,40.435249,0],[-3.711509,40.434149,0],[-3.711618,40.43296,0],[-3.711722,40.431742,0],[-3.711862,40.430194,0],[-3.710504,40.430055,0],[-3.708826,40.429885,0],[-3.707716,40.429783,0],[-3.707413,40.429755,0],[-3.705806,40.429606,0],[-3.705555,40.430313,0],[-3.705159,40.431431,0],[-3.704552,40.433105,0],[-3.704384,40.433568,0],[-3.704322,40.434899,0],[-3.704278,40.436038,0],[-3.704259,40.436757,0],[-3.704248,40.437177,0],[-3.704237,40.438677,0]]]},"properties":{"name":"ARAPILES","description":"","styleUrl":"#poly-A52714-1200-76","fill-opacity":0.2980392156862745,"fill":"#a52714","stroke-opacity":1,"stroke":"#a52714","stroke-width":1.2,"OBJECTID":"207","CODDIS":"7","NOMDIS":"Chamberí","COD_BAR":"072","NOMBRE":"Arapiles","Shape_Leng":"3096.15000842","COD_DIS_TX":"07","BARRIO_MAY":"ARAPILES","COD_DISBAR":"72","NUM_BAR":"2","BARRIO_MT":"ARAPILES","COD_DISB":"7-2","Shape_STAr":"578229.621477","Shape_STLe":"3096.15000842","id":"72","shape_name":"Arapiles","s_var_popdensity":"1.92071839266191","s_var_carsxperson":"-0.225899358501118","comp_score":"18.7744718346075","comp_score_n":"18.7744718346075"}},{"type":"Feature","geometry":{"type":"Polygon","coordinates":[[[-3.711129,40.438912,0],[-3.712854,40.438997,0],[-3.714116,40.43906,0],[-3.715211,40.439114,0],[-3.716386,40.439172,0],[-3.717634,40.439233,0],[-3.718075,40.436639,0],[-3.718123,40.436371,0],[-3.718271,40.435542,0],[-3.718406,40.434778,0],[-3.717233,40.433101,0],[-3.71727,40.4331,0],[-3.717613,40.433092,0],[-3.717959,40.432998,0],[-3.717609,40.432521,0],[-3.71748,40.432346,0],[-3.71717,40.431922,0],[-3.716993,40.43168,0],[-3.716228,40.430648,0],[-3.71463,40.430477,0],[-3.713523,40.430361,0],[-3.711862,40.430194,0],[-3.711722,40.431742,0],[-3.711618,40.43296,0],[-3.711509,40.434149,0],[-3.711427,40.435249,0],[-3.711341,40.436321,0],[-3.71123,40.437561,0],[-3.711129,40.438912,0]]]},"properties":{"name":"GAZTAMBIDE","description":"","styleUrl":"#poly-A52714-1200-76","fill-opacity":0.2980392156862745,"fill":"#a52714","stroke-opacity":1,"stroke":"#a52714","stroke-width":1.2,"OBJECTID":"208","CODDIS":"7","NOMDIS":"Chamberí","COD_BAR":"071","NOMBRE":"Gaztambide","Shape_Leng":"2969.10754922","COD_DIS_TX":"07","BARRIO_MAY":"GAZTAMBIDE","COD_DISBAR":"71","NUM_BAR":"1","BARRIO_MT":"GAZTAMBIDE","COD_DISB":"7-1","Shape_STAr":"506477.728583","Shape_STLe":"2969.10754922","id":"71","shape_name":"Gaztambide","s_var_popdensity":"2.20894402214111","s_var_carsxperson":"-0.204379519094834","comp_score":"23.6499424035114","comp_score_n":"23.6499424035114"}},{"type":"Feature","geometry":{"type":"Polygon","coordinates":[[[-3.635468,40.438577,0],[-3.63659,40.440126,0],[-3.637315,40.441127,0],[-3.637523,40.441418,0],[-3.638359,40.442592,0],[-3.63994,40.441947,0],[-3.640704,40.441635,0],[-3.643182,40.440566,0],[-3.643385,40.440478,0],[-3.644434,40.440035,0],[-3.644668,40.439937,0],[-3.645995,40.439382,0],[-3.646553,40.438034,0],[-3.64844,40.437127,0],[-3.64969,40.436526,0],[-3.650819,40.435984,0],[-3.652031,40.435382,0],[-3.653407,40.434698,0],[-3.654941,40.434494,0],[-3.655814,40.434563,0],[-3.655888,40.434258,0],[-3.655893,40.434237,0],[-3.655643,40.433246,0],[-3.655446,40.432416,0],[-3.655375,40.432116,0],[-3.655015,40.432163,0],[-3.654151,40.432277,0],[-3.653273,40.4324,0],[-3.652408,40.432517,0],[-3.65223,40.432542,0],[-3.650314,40.432817,0],[-3.648819,40.433029,0],[-3.648662,40.433051,0],[-3.648239,40.433117,0],[-3.647703,40.433322,0],[-3.647205,40.433538,0],[-3.646344,40.43397,0],[-3.645574,40.434341,0],[-3.645431,40.434409,0],[-3.64494,40.434641,0],[-3.64418,40.435012,0],[-3.642778,40.435692,0],[-3.641274,40.436422,0],[-3.640244,40.436922,0],[-3.639947,40.437068,0],[-3.639477,40.43731,0],[-3.638029,40.437887,0],[-3.635468,40.438577,0]]]},"properties":{"name":"QUINTANA","description":"","styleUrl":"#poly-A52714-1200-76","fill-opacity":0.2980392156862745,"fill":"#a52714","stroke-opacity":1,"stroke":"#a52714","stroke-width":1.2,"OBJECTID":"209","CODDIS":"15","NOMDIS":"Ciudad Lineal","COD_BAR":"153","NOMBRE":"Quintana","Shape_Leng":"4438.48928039","COD_DIS_TX":"15","BARRIO_MAY":"QUINTANA","COD_DISBAR":"153","NUM_BAR":"3","BARRIO_MT":"QUINTANA","COD_DISB":"15-3","Shape_STAr":"723117.328149","Shape_STLe":"4438.48928039","id":"153","shape_name":"Quintana","s_var_popdensity":"1.37549445257752","s_var_carsxperson":"-0.843481196760611","comp_score":"28.5839150520574","comp_score_n":"28.5839150520574"}},{"type":"Feature","geometry":{"type":"Polygon","coordinates":[[[-3.612185,40.434606,0],[-3.612361,40.435388,0],[-3.612392,40.435529,0],[-3.612475,40.435685,0],[-3.613261,40.437162,0],[-3.613839,40.438206,0],[-3.614276,40.438997,0],[-3.614558,40.43948,0],[-3.615101,40.440487,0],[-3.615586,40.441357,0],[-3.616897,40.443701,0],[-3.617678,40.443432,0],[-3.620138,40.442748,0],[-3.623495,40.441841,0],[-3.628106,40.440576,0],[-3.630646,40.43988,0],[-3.63284,40.439296,0],[-3.634037,40.438969,0],[-3.635468,40.438577,0],[-3.638029,40.437887,0],[-3.636571,40.435869,0],[-3.63569,40.434648,0],[-3.635171,40.433958,0],[-3.634858,40.433523,0],[-3.634443,40.432945,0],[-3.63392,40.432227,0],[-3.633838,40.432116,0],[-3.633704,40.431927,0],[-3.633072,40.431042,0],[-3.632363,40.430068,0],[-3.632107,40.429716,0],[-3.632024,40.429602,0],[-3.631645,40.429083,0],[-3.631274,40.428566,0],[-3.630702,40.427769,0],[-3.630066,40.426884,0],[-3.629521,40.426176,0],[-3.629402,40.425994,0],[-3.628409,40.424483,0],[-3.625725,40.426422,0],[-3.625205,40.426798,0],[-3.623867,40.427823,0],[-3.623392,40.428215,0],[-3.623121,40.428438,0],[-3.623097,40.428473,0],[-3.62258,40.429231,0],[-3.62164,40.433082,0],[-3.620973,40.433341,0],[-3.620388,40.43358,0],[-3.619575,40.433758,0],[-3.618857,40.433792,0],[-3.617757,40.433786,0],[-3.616883,40.433777,0],[-3.616101,40.433778,0],[-3.6154,40.433881,0],[-3.614824,40.434011,0],[-3.613642,40.434278,0],[-3.612185,40.434606,0]]]},"properties":{"name":"SIMANCAS","description":"","styleUrl":"#poly-FFD600-1200-76","fill-opacity":0.2980392156862745,"fill":"#ffd600","stroke-opacity":1,"stroke":"#ffd600","stroke-width":1.2,"OBJECTID":"210","CODDIS":"20","NOMDIS":"San Blas - Canillejas","COD_BAR":"201","NOMBRE":"Simancas","Shape_Leng":"6683.59930249","COD_DIS_TX":"20","BARRIO_MAY":"SIMANCAS","COD_DISBAR":"201","NUM_BAR":"1","BARRIO_MT":"SIMANCAS","COD_DISB":"20-1","Shape_STAr":"2276342.63995","Shape_STLe":"6683.59930249","id":"201","shape_name":"Simancas","s_var_popdensity":"-0.486412587197782","s_var_carsxperson":"-0.343787863546695","comp_score":"1.19833313682893","comp_score_n":"1.19833313682893"}},{"type":"Feature","geometry":{"type":"Polygon","coordinates":[[[-3.659399,40.438273,0],[-3.659301,40.438931,0],[-3.659288,40.439243,0],[-3.659231,40.440503,0],[-3.659239,40.440681,0],[-3.659245,40.440829,0],[-3.659311,40.44174,0],[-3.659354,40.442137,0],[-3.659485,40.442624,0],[-3.659752,40.443284,0],[-3.660121,40.443944,0],[-3.660602,40.444606,0],[-3.662666,40.443894,0],[-3.664269,40.443311,0],[-3.664303,40.443299,0],[-3.665276,40.442842,0],[-3.666115,40.442374,0],[-3.666818,40.441958,0],[-3.668449,40.441005,0],[-3.669793,40.440221,0],[-3.670113,40.440049,0],[-3.670489,40.439864,0],[-3.670928,40.439685,0],[-3.671321,40.439543,0],[-3.671827,40.439393,0],[-3.672348,40.439267,0],[-3.673343,40.439088,0],[-3.674467,40.438888,0],[-3.674741,40.438831,0],[-3.674919,40.438776,0],[-3.675141,40.438698,0],[-3.675307,40.438627,0],[-3.675934,40.438252,0],[-3.677033,40.437577,0],[-3.677425,40.437413,0],[-3.676665,40.43667,0],[-3.675762,40.435787,0],[-3.67482,40.43486,0],[-3.673377,40.433438,0],[-3.673136,40.433148,0],[-3.671981,40.431756,0],[-3.67084,40.430445,0],[-3.670164,40.429669,0],[-3.669108,40.428364,0],[-3.66869,40.428123,0],[-3.667263,40.428813,0],[-3.66514,40.429841,0],[-3.665015,40.429901,0],[-3.663912,40.430465,0],[-3.662465,40.431163,0],[-3.662242,40.431214,0],[-3.662164,40.431232,0],[-3.662058,40.431255,0],[-3.661846,40.431299,0],[-3.66081,40.431422,0],[-3.660193,40.433939,0],[-3.660018,40.434656,0],[-3.659904,40.435119,0],[-3.659826,40.435585,0],[-3.659715,40.436244,0],[-3.65969,40.436389,0],[-3.659602,40.43692,0],[-3.659591,40.436982,0],[-3.659399,40.438273,0]]]},"properties":{"name":"GUINDALERA","description":"","styleUrl":"#poly-FFD600-1200-76","fill-opacity":0.2980392156862745,"fill":"#ffd600","stroke-opacity":1,"stroke":"#ffd600","stroke-width":1.2,"OBJECTID":"211","CODDIS":"4","NOMDIS":"Salamanca","COD_BAR":"044","NOMBRE":"Guindalera","Shape_Leng":"5192.25222147","COD_DIS_TX":"04","BARRIO_MAY":"GUINDALERA","COD_DISBAR":"44","NUM_BAR":"4","BARRIO_MT":"GUINDALERA","COD_DISB":"4-4","Shape_STAr":"1602789.62946","Shape_STLe":"5192.25222147","id":"44","shape_name":"Guindalera","s_var_popdensity":"0.630284964219112","s_var_carsxperson":"0.250831530937416","comp_score":"1.85502720696621","comp_score_n":"1.85502720696621"}},{"type":"Feature","geometry":{"type":"Polygon","coordinates":[[[-3.638359,40.442592,0],[-3.638988,40.443438,0],[-3.639165,40.443678,0],[-3.639448,40.443944,0],[-3.639719,40.44421,0],[-3.640013,40.444458,0],[-3.640225,40.444627,0],[-3.640472,40.444786,0],[-3.643122,40.446073,0],[-3.644905,40.446911,0],[-3.647104,40.44419,0],[-3.647741,40.44342,0],[-3.6485,40.44244,0],[-3.649437,40.441411,0],[-3.649788,40.440401,0],[-3.649899,40.440081,0],[-3.649974,40.440039,0],[-3.650012,40.440018,0],[-3.65043,40.439768,0],[-3.650697,40.439608,0],[-3.651116,40.439404,0],[-3.65183,40.439057,0],[-3.653848,40.438075,0],[-3.653995,40.437981,0],[-3.654327,40.437095,0],[-3.65451,40.436608,0],[-3.654975,40.43681,0],[-3.656394,40.43598,0],[-3.657706,40.436151,0],[-3.65969,40.436389,0],[-3.659715,40.436244,0],[-3.659826,40.435585,0],[-3.659904,40.435119,0],[-3.660018,40.434656,0],[-3.660193,40.433939,0],[-3.66081,40.431422,0],[-3.659744,40.431542,0],[-3.657087,40.431891,0],[-3.656931,40.431911,0],[-3.655375,40.432116,0],[-3.655446,40.432416,0],[-3.655643,40.433246,0],[-3.655893,40.434237,0],[-3.655888,40.434258,0],[-3.655814,40.434563,0],[-3.654941,40.434494,0],[-3.653407,40.434698,0],[-3.652031,40.435382,0],[-3.650819,40.435984,0],[-3.64969,40.436526,0],[-3.64844,40.437127,0],[-3.646553,40.438034,0],[-3.645995,40.439382,0],[-3.644668,40.439937,0],[-3.644434,40.440035,0],[-3.643385,40.440478,0],[-3.643182,40.440566,0],[-3.640704,40.441635,0],[-3.63994,40.441947,0],[-3.638359,40.442592,0]]]},"properties":{"name":"LA CONCEPCIÓN","description":"","styleUrl":"#poly-E65100-1200-76","fill-opacity":0.2980392156862745,"fill":"#e65100","stroke-opacity":1,"stroke":"#e65100","stroke-width":1.2,"OBJECTID":"212","CODDIS":"15","NOMDIS":"Ciudad Lineal","COD_BAR":"154","NOMBRE":"La Concepción","Shape_Leng":"5775.72730249","COD_DIS_TX":"15","BARRIO_MAY":"LA CONCEPCION","COD_DISBAR":"154","NUM_BAR":"4","BARRIO_MT":"LA CONCEPCIÓN","COD_DISB":"15-4","Shape_STAr":"885910.75017","Shape_STLe":"5775.72730249","id":"154","shape_name":"La Concepción","s_var_popdensity":"0.420551616825648","s_var_carsxperson":"-0.347540365191869","comp_score":"9.0271294510636","comp_score_n":"9.0271294510636"}},{"type":"Feature","geometry":{"type":"Polygon","coordinates":[[[-3.691259,40.446215,0],[-3.69501,40.446412,0],[-3.695574,40.446438,0],[-3.697134,40.446506,0],[-3.698661,40.446585,0],[-3.699333,40.44662,0],[-3.700334,40.44667,0],[-3.700939,40.4467,0],[-3.703946,40.446863,0],[-3.703982,40.445444,0],[-3.704054,40.443272,0],[-3.704092,40.442125,0],[-3.704237,40.438677,0],[-3.701079,40.438536,0],[-3.700265,40.438488,0],[-3.699325,40.438439,0],[-3.698535,40.438398,0],[-3.697787,40.43836,0],[-3.696294,40.438285,0],[-3.6929,40.438124,0],[-3.690718,40.437985,0],[-3.691116,40.439214,0],[-3.691786,40.441259,0],[-3.691259,40.446215,0]]]},"properties":{"name":"RÍOS ROSAS","description":"","styleUrl":"#poly-E65100-1200-76","fill-opacity":0.2980392156862745,"fill":"#e65100","stroke-opacity":1,"stroke":"#e65100","stroke-width":1.2,"OBJECTID":"213","CODDIS":"7","NOMDIS":"Chamberí","COD_BAR":"075","NOMBRE":"Ríos Rosas","Shape_Leng":"4063.12078034","COD_DIS_TX":"07","BARRIO_MAY":"RIOS ROSAS","COD_DISBAR":"75","NUM_BAR":"5","BARRIO_MT":"RÍOS ROSAS","COD_DISB":"7-5","Shape_STAr":"975419.853646","Shape_STLe":"4063.12078034","id":"75","shape_name":"Ríos Rosas","s_var_popdensity":"0.767602952341435","s_var_carsxperson":"0.14100428243805","comp_score":"7.5284625463752","comp_score_n":"7.5284625463752"}},{"type":"Feature","geometry":{"type":"Polygon","coordinates":[[[-3.708307,40.447091,0],[-3.709209,40.447134,0],[-3.710446,40.446863,0],[-3.712289,40.446396,0],[-3.714751,40.445772,0],[-3.71552,40.446019,0],[-3.71571,40.446094,0],[-3.717122,40.446631,0],[-3.71727,40.44668,0],[-3.717437,40.446714,0],[-3.717668,40.446727,0],[-3.718,40.446696,0],[-3.718191,40.446669,0],[-3.718988,40.44594,0],[-3.719583,40.445395,0],[-3.719781,40.44521,0],[-3.719855,40.445141,0],[-3.719886,40.445094,0],[-3.719916,40.445034,0],[-3.719921,40.444993,0],[-3.719926,40.444943,0],[-3.719789,40.443756,0],[-3.719589,40.443465,0],[-3.719165,40.44285,0],[-3.718158,40.440968,0],[-3.717883,40.44043,0],[-3.717652,40.439979,0],[-3.71764,40.439937,0],[-3.717617,40.439856,0],[-3.717596,40.439637,0],[-3.7176,40.439499,0],[-3.717608,40.439431,0],[-3.717634,40.439233,0],[-3.716386,40.439172,0],[-3.715211,40.439114,0],[-3.714116,40.43906,0],[-3.712854,40.438997,0],[-3.711129,40.438912,0],[-3.709948,40.438865,0],[-3.708289,40.438804,0],[-3.707044,40.438765,0],[-3.706498,40.438748,0],[-3.704237,40.438677,0],[-3.704092,40.442125,0],[-3.704054,40.443272,0],[-3.703982,40.445444,0],[-3.703946,40.446863,0],[-3.706074,40.446978,0],[-3.706779,40.447015,0],[-3.708307,40.447091,0]]]},"properties":{"name":"VALLEHERMOSO","description":"","styleUrl":"#poly-757575-1200-76","fill-opacity":0.2980392156862745,"fill":"#757575","stroke-opacity":1,"stroke":"#757575","stroke-width":1.2,"OBJECTID":"214","CODDIS":"7","NOMDIS":"Chamberí","COD_BAR":"076","NOMBRE":"Vallehermoso","Shape_Leng":"4220.26344041","COD_DIS_TX":"07","BARRIO_MAY":"VALLEHERMOSO","COD_DISBAR":"76","NUM_BAR":"6","BARRIO_MT":"VALLEHERMOSO","COD_DISB":"7-6","Shape_STAr":"1069239.03785","Shape_STLe":"4220.26344041","id":"76","shape_name":"Vallehermoso","s_var_popdensity":"0.0025399621452882","s_var_carsxperson":"0.738008877798803","comp_score":"-7.09776664887616","comp_score_n":"-7.09776664887616"}},{"type":"Feature","geometry":{"type":"Polygon","coordinates":[[[-3.644905,40.446911,0],[-3.646474,40.447689,0],[-3.647442,40.44857,0],[-3.648116,40.449453,0],[-3.652853,40.447453,0],[-3.65586,40.446246,0],[-3.656819,40.445915,0],[-3.660602,40.444606,0],[-3.660121,40.443944,0],[-3.659752,40.443284,0],[-3.659485,40.442624,0],[-3.659354,40.442137,0],[-3.659311,40.44174,0],[-3.659245,40.440829,0],[-3.659239,40.440681,0],[-3.659231,40.440503,0],[-3.659288,40.439243,0],[-3.659301,40.438931,0],[-3.659399,40.438273,0],[-3.659591,40.436982,0],[-3.659602,40.43692,0],[-3.65969,40.436389,0],[-3.657706,40.436151,0],[-3.656394,40.43598,0],[-3.654975,40.43681,0],[-3.65451,40.436608,0],[-3.654327,40.437095,0],[-3.653995,40.437981,0],[-3.653848,40.438075,0],[-3.65183,40.439057,0],[-3.651116,40.439404,0],[-3.650697,40.439608,0],[-3.65043,40.439768,0],[-3.650012,40.440018,0],[-3.649974,40.440039,0],[-3.649899,40.440081,0],[-3.649788,40.440401,0],[-3.649437,40.441411,0],[-3.6485,40.44244,0],[-3.647741,40.44342,0],[-3.647104,40.44419,0],[-3.644905,40.446911,0]]]},"properties":{"name":"SAN PASCUAL","description":"","styleUrl":"#poly-757575-1200-76","fill-opacity":0.2980392156862745,"fill":"#757575","stroke-opacity":1,"stroke":"#757575","stroke-width":1.2,"OBJECTID":"215","CODDIS":"15","NOMDIS":"Ciudad Lineal","COD_BAR":"155","NOMBRE":"San Pascual","Shape_Leng":"4456.0512678","COD_DIS_TX":"15","BARRIO_MAY":"SAN PASCUAL","COD_DISBAR":"155","NUM_BAR":"5","BARRIO_MT":"SAN PASCUAL","COD_DISB":"15-5","Shape_STAr":"1052724.59742","Shape_STLe":"4456.0512678","id":"155","shape_name":"San Pascual","s_var_popdensity":"-0.0929517825454084","s_var_carsxperson":"0.579724634766031","comp_score":"-7.1414209838251","comp_score_n":"-7.1414209838251"}},{"type":"Feature","geometry":{"type":"Polygon","coordinates":[[[-3.605845,40.44966,0],[-3.606365,40.449653,0],[-3.609078,40.449687,0],[-3.614789,40.449709,0],[-3.616673,40.449697,0],[-3.619938,40.449684,0],[-3.619543,40.447842,0],[-3.619561,40.447751,0],[-3.619307,40.44718,0],[-3.619199,40.446937,0],[-3.618504,40.446257,0],[-3.618013,40.445017,0],[-3.617366,40.444903,0],[-3.61699,40.444707,0],[-3.616643,40.444572,0],[-3.61612,40.444134,0],[-3.616789,40.443761,0],[-3.616897,40.443701,0],[-3.615586,40.441357,0],[-3.615101,40.440487,0],[-3.614558,40.43948,0],[-3.614276,40.438997,0],[-3.613839,40.438206,0],[-3.613261,40.437162,0],[-3.612475,40.435685,0],[-3.612392,40.435529,0],[-3.612361,40.435388,0],[-3.612185,40.434606,0],[-3.610035,40.435147,0],[-3.609628,40.435242,0],[-3.609394,40.435324,0],[-3.608664,40.435721,0],[-3.605829,40.43702,0],[-3.605386,40.436346,0],[-3.605156,40.436507,0],[-3.604674,40.437058,0],[-3.602748,40.439406,0],[-3.60252,40.439814,0],[-3.60241,40.44047,0],[-3.602508,40.441054,0],[-3.602886,40.441831,0],[-3.605854,40.447128,0],[-3.605119,40.447964,0],[-3.605144,40.44807,0],[-3.605845,40.44966,0]]]},"properties":{"name":"CANILLEJAS","description":"","styleUrl":"#poly-E65100-1200-76","fill-opacity":0.2980392156862745,"fill":"#e65100","stroke-opacity":1,"stroke":"#e65100","stroke-width":1.2,"OBJECTID":"216","CODDIS":"20","NOMDIS":"San Blas - Canillejas","COD_BAR":"207","NOMBRE":"Canillejas","Shape_Leng":"5438.21130749","COD_DIS_TX":"20","BARRIO_MAY":"CANILLEJAS","COD_DISBAR":"207","NUM_BAR":"7","BARRIO_MT":"CANILLEJAS","COD_DISB":"20-7","Shape_STAr":"1597706.22683","Shape_STLe":"5438.21130749","id":"207","shape_name":"Canillejas","s_var_popdensity":"-0.0283305242924781","s_var_carsxperson":"-0.151621850703101","comp_score":"6.27981692980615","comp_score_n":"6.27981692980615"}},{"type":"Feature","geometry":{"type":"Polygon","coordinates":[[[-3.561238,40.437934,0],[-3.56418,40.438065,0],[-3.569041,40.438349,0],[-3.570223,40.438413,0],[-3.572969,40.438551,0],[-3.573587,40.438595,0],[-3.573956,40.438633,0],[-3.574589,40.438747,0],[-3.575036,40.438873,0],[-3.575385,40.439,0],[-3.575804,40.439191,0],[-3.576117,40.439359,0],[-3.57646,40.439558,0],[-3.576984,40.439875,0],[-3.577332,40.440095,0],[-3.578384,40.440704,0],[-3.579089,40.441036,0],[-3.579461,40.441186,0],[-3.579831,40.441299,0],[-3.580086,40.44136,0],[-3.58047,40.441435,0],[-3.580911,40.441492,0],[-3.58137,40.441532,0],[-3.581557,40.441548,0],[-3.582423,40.441625,0],[-3.583383,40.44171,0],[-3.585403,40.44189,0],[-3.591343,40.442436,0],[-3.591863,40.442466,0],[-3.592118,40.442487,0],[-3.593137,40.44258,0],[-3.593544,40.44262,0],[-3.594118,40.442677,0],[-3.59464,40.442759,0],[-3.595013,40.44284,0],[-3.59541,40.44296,0],[-3.595739,40.443093,0],[-3.596012,40.443227,0],[-3.596223,40.443341,0],[-3.596432,40.443469,0],[-3.596838,40.443721,0],[-3.597724,40.444288,0],[-3.598523,40.444801,0],[-3.599464,40.445403,0],[-3.600353,40.445969,0],[-3.600855,40.446288,0],[-3.601068,40.446429,0],[-3.60167,40.446848,0],[-3.60191,40.447043,0],[-3.602042,40.44716,0],[-3.602369,40.447482,0],[-3.602583,40.447745,0],[-3.602801,40.448064,0],[-3.602943,40.448333,0],[-3.603128,40.448761,0],[-3.603215,40.449063,0],[-3.603298,40.449416,0],[-3.603392,40.449888,0],[-3.604742,40.449742,0],[-3.605456,40.449681,0],[-3.605845,40.44966,0],[-3.605144,40.44807,0],[-3.605119,40.447964,0],[-3.605854,40.447128,0],[-3.602886,40.441831,0],[-3.602508,40.441054,0],[-3.60241,40.44047,0],[-3.60252,40.439814,0],[-3.602748,40.439406,0],[-3.604674,40.437058,0],[-3.605156,40.436507,0],[-3.605386,40.436346,0],[-3.605829,40.43702,0],[-3.608664,40.435721,0],[-3.609394,40.435324,0],[-3.609628,40.435242,0],[-3.610035,40.435147,0],[-3.612185,40.434606,0],[-3.612033,40.43397,0],[-3.611736,40.432657,0],[-3.611056,40.429649,0],[-3.611044,40.429535,0],[-3.610989,40.429013,0],[-3.611024,40.428575,0],[-3.611089,40.428201,0],[-3.611207,40.427596,0],[-3.611532,40.426002,0],[-3.61157,40.42568,0],[-3.611626,40.425214,0],[-3.611384,40.422812,0],[-3.611379,40.422772,0],[-3.611191,40.421234,0],[-3.610801,40.417945,0],[-3.61029,40.413161,0],[-3.608493,40.412723,0],[-3.607938,40.412604,0],[-3.607311,40.412484,0],[-3.606688,40.412383,0],[-3.605845,40.412262,0],[-3.603422,40.411937,0],[-3.601931,40.411727,0],[-3.599609,40.411331,0],[-3.598182,40.411063,0],[-3.595858,40.410559,0],[-3.594885,40.410322,0],[-3.593485,40.409955,0],[-3.592331,40.409626,0],[-3.591301,40.409322,0],[-3.589506,40.408742,0],[-3.588619,40.408432,0],[-3.58842,40.408919,0],[-3.588306,40.409178,0],[-3.58818,40.409387,0],[-3.588,40.409637,0],[-3.587085,40.410693,0],[-3.586226,40.41167,0],[-3.585029,40.413037,0],[-3.584449,40.413691,0],[-3.584185,40.414014,0],[-3.584003,40.414259,0],[-3.583781,40.414604,0],[-3.583614,40.41488,0],[-3.583462,40.415137,0],[-3.583327,40.415378,0],[-3.583196,40.415627,0],[-3.58313,40.415787,0],[-3.583089,40.415906,0],[-3.583051,40.416027,0],[-3.583028,40.416136,0],[-3.583007,40.416275,0],[-3.582992,40.416431,0],[-3.582983,40.416573,0],[-3.582966,40.417069,0],[-3.582947,40.417565,0],[-3.582938,40.417712,0],[-3.582922,40.41785,0],[-3.582901,40.418008,0],[-3.582877,40.418123,0],[-3.58284,40.41827,0],[-3.58279,40.418426,0],[-3.582729,40.418593,0],[-3.582649,40.418775,0],[-3.582553,40.418955,0],[-3.582181,40.419632,0],[-3.581919,40.420097,0],[-3.581706,40.420463,0],[-3.581599,40.420639,0],[-3.581162,40.421276,0],[-3.580732,40.421901,0],[-3.580296,40.422529,0],[-3.579748,40.423312,0],[-3.579414,40.423767,0],[-3.578682,40.424606,0],[-3.578341,40.424987,0],[-3.578112,40.425254,0],[-3.577953,40.425468,0],[-3.577819,40.42569,0],[-3.577719,40.425887,0],[-3.577653,40.426042,0],[-3.577483,40.426013,0],[-3.57677,40.428045,0],[-3.576526,40.428709,0],[-3.576497,40.428821,0],[-3.576326,40.42968,0],[-3.57633,40.429681,0],[-3.576975,40.429835,0],[-3.577109,40.430238,0],[-3.577265,40.430516,0],[-3.577859,40.431314,0],[-3.579137,40.433156,0],[-3.579124,40.433624,0],[-3.575109,40.434102,0],[-3.57518,40.434647,0],[-3.575257,40.435019,0],[-3.575355,40.435319,0],[-3.575438,40.435577,0],[-3.575536,40.435852,0],[-3.575946,40.436743,0],[-3.573802,40.437672,0],[-3.568542,40.436238,0],[-3.568082,40.436469,0],[-3.567624,40.436717,0],[-3.56717,40.43702,0],[-3.566738,40.437243,0],[-3.566322,40.437434,0],[-3.565793,40.43761,0],[-3.565227,40.437753,0],[-3.564929,40.437808,0],[-3.564608,40.437853,0],[-3.564223,40.437893,0],[-3.56401,40.437909,0],[-3.563696,40.437925,0],[-3.563429,40.437937,0],[-3.563406,40.437937,0],[-3.562936,40.437907,0],[-3.562759,40.437897,0],[-3.562596,40.437891,0],[-3.562497,40.437887,0],[-3.562203,40.43788,0],[-3.561938,40.437875,0],[-3.561561,40.437869,0],[-3.561231,40.437892,0],[-3.561238,40.437934,0]]]},"properties":{"name":"ROSAS","description":"","styleUrl":"#poly-BDBDBD-1200-76","fill-opacity":0.2980392156862745,"fill":"#bdbdbd","stroke-opacity":1,"stroke":"#bdbdbd","stroke-width":1.2,"OBJECTID":"217","CODDIS":"20","NOMDIS":"San Blas - Canillejas","COD_BAR":"205","NOMBRE":"Rosas","Shape_Leng":"16073.10844396","COD_DIS_TX":"20","BARRIO_MAY":"ROSAS","COD_DISBAR":"205","NUM_BAR":"5","BARRIO_MT":"ROSAS","COD_DISB":"20-5","Shape_STAr":"9296501.19119","Shape_STLe":"16073.108444","id":"205","shape_name":"Rosas","s_var_popdensity":"-1.25548302059595","s_var_carsxperson":"0.131187030336923","comp_score":"-37.1152718878799","comp_score_n":"-37.1152718878799"}},{"type":"Feature","geometry":{"type":"Polygon","coordinates":[[[-3.626288,40.449526,0],[-3.627665,40.44949,0],[-3.628412,40.44947,0],[-3.629442,40.449435,0],[-3.630681,40.449393,0],[-3.631961,40.449257,0],[-3.633493,40.449016,0],[-3.634388,40.448871,0],[-3.635101,40.448753,0],[-3.635734,40.448665,0],[-3.63609,40.448621,0],[-3.636654,40.44858,0],[-3.637307,40.448576,0],[-3.637994,40.448611,0],[-3.639832,40.448871,0],[-3.642754,40.449337,0],[-3.643835,40.449517,0],[-3.645077,40.449713,0],[-3.646057,40.449826,0],[-3.646693,40.449801,0],[-3.647278,40.449686,0],[-3.647825,40.449534,0],[-3.647828,40.449533,0],[-3.648116,40.449453,0],[-3.647442,40.44857,0],[-3.646474,40.447689,0],[-3.644905,40.446911,0],[-3.643122,40.446073,0],[-3.640472,40.444786,0],[-3.640225,40.444627,0],[-3.640013,40.444458,0],[-3.639719,40.44421,0],[-3.639448,40.443944,0],[-3.639165,40.443678,0],[-3.638988,40.443438,0],[-3.638359,40.442592,0],[-3.637523,40.441418,0],[-3.637315,40.441127,0],[-3.63659,40.440126,0],[-3.635468,40.438577,0],[-3.634037,40.438969,0],[-3.63284,40.439296,0],[-3.630646,40.43988,0],[-3.628106,40.440576,0],[-3.623495,40.441841,0],[-3.620138,40.442748,0],[-3.617678,40.443432,0],[-3.616897,40.443701,0],[-3.616789,40.443761,0],[-3.61612,40.444134,0],[-3.616643,40.444572,0],[-3.61699,40.444707,0],[-3.617366,40.444903,0],[-3.618013,40.445017,0],[-3.618504,40.446257,0],[-3.619199,40.446937,0],[-3.619307,40.44718,0],[-3.619561,40.447751,0],[-3.619543,40.447842,0],[-3.619938,40.449684,0],[-3.622312,40.449674,0],[-3.626288,40.449526,0]]]},"properties":{"name":"EL SALVADOR","description":"","styleUrl":"#poly-BDBDBD-1200-76","fill-opacity":0.2980392156862745,"fill":"#bdbdbd","stroke-opacity":1,"stroke":"#bdbdbd","stroke-width":1.2,"OBJECTID":"218","CODDIS":"20","NOMDIS":"San Blas - Canillejas","COD_BAR":"208","NOMBRE":"El Salvador","Shape_Leng":"6577.50637931","COD_DIS_TX":"20","BARRIO_MAY":"EL SALVADOR","COD_DISBAR":"208","NUM_BAR":"8","BARRIO_MT":"EL SALVADOR","COD_DISB":"20-8","Shape_STAr":"1880110.03959","Shape_STLe":"6577.50637931","id":"208","shape_name":"El Salvador","s_var_popdensity":"-1.03698383432901","s_var_carsxperson":"1.68146087868166","comp_score":"-38.9465180855768","comp_score_n":"-38.9465180855768"}},{"type":"Feature","geometry":{"type":"Polygon","coordinates":[[[-3.59329,40.450049,0],[-3.595591,40.450118,0],[-3.597093,40.450163,0],[-3.599597,40.450168,0],[-3.601023,40.450124,0],[-3.603392,40.449888,0],[-3.603298,40.449416,0],[-3.603215,40.449063,0],[-3.603128,40.448761,0],[-3.602943,40.448333,0],[-3.602801,40.448064,0],[-3.602583,40.447745,0],[-3.602369,40.447482,0],[-3.602042,40.44716,0],[-3.60191,40.447043,0],[-3.60167,40.446848,0],[-3.601068,40.446429,0],[-3.600855,40.446288,0],[-3.600353,40.445969,0],[-3.599464,40.445403,0],[-3.598523,40.444801,0],[-3.597724,40.444288,0],[-3.596838,40.443721,0],[-3.596432,40.443469,0],[-3.596223,40.443341,0],[-3.596012,40.443227,0],[-3.595739,40.443093,0],[-3.59541,40.44296,0],[-3.595013,40.44284,0],[-3.59464,40.442759,0],[-3.594118,40.442677,0],[-3.593544,40.44262,0],[-3.593137,40.44258,0],[-3.592118,40.442487,0],[-3.591863,40.442466,0],[-3.591343,40.442436,0],[-3.585403,40.44189,0],[-3.583383,40.44171,0],[-3.582423,40.441625,0],[-3.581557,40.441548,0],[-3.58137,40.441532,0],[-3.580911,40.441492,0],[-3.58047,40.441435,0],[-3.580086,40.44136,0],[-3.579831,40.441299,0],[-3.579461,40.441186,0],[-3.579089,40.441036,0],[-3.578384,40.440704,0],[-3.577332,40.440095,0],[-3.576984,40.439875,0],[-3.57646,40.439558,0],[-3.576117,40.439359,0],[-3.575804,40.439191,0],[-3.575385,40.439,0],[-3.575036,40.438873,0],[-3.574589,40.438747,0],[-3.573956,40.438633,0],[-3.573587,40.438595,0],[-3.572969,40.438551,0],[-3.570223,40.438413,0],[-3.569041,40.438349,0],[-3.56418,40.438065,0],[-3.561238,40.437934,0],[-3.561016,40.437961,0],[-3.560904,40.437975,0],[-3.560657,40.438013,0],[-3.560517,40.438039,0],[-3.56042,40.438057,0],[-3.560359,40.438074,0],[-3.560301,40.438087,0],[-3.560196,40.438092,0],[-3.559952,40.438164,0],[-3.559857,40.438202,0],[-3.559756,40.438243,0],[-3.559704,40.438265,0],[-3.559385,40.438393,0],[-3.559314,40.438424,0],[-3.55922,40.438465,0],[-3.559115,40.438513,0],[-3.558946,40.438589,0],[-3.55856,40.438762,0],[-3.558321,40.438871,0],[-3.558171,40.438939,0],[-3.557928,40.439057,0],[-3.557517,40.439256,0],[-3.557451,40.439286,0],[-3.557356,40.439331,0],[-3.555724,40.440092,0],[-3.55413,40.440837,0],[-3.553854,40.440962,0],[-3.553571,40.441084,0],[-3.553161,40.441247,0],[-3.552841,40.441366,0],[-3.552332,40.441534,0],[-3.551896,40.441657,0],[-3.551625,40.441734,0],[-3.55156,40.441747,0],[-3.550405,40.441988,0],[-3.550147,40.442041,0],[-3.549723,40.44204,0],[-3.549729,40.442055,0],[-3.54521,40.442616,0],[-3.541355,40.443627,0],[-3.541014,40.443712,0],[-3.540853,40.444536,0],[-3.54083,40.444628,0],[-3.540731,40.444623,0],[-3.537975,40.444312,0],[-3.538409,40.445011,0],[-3.535585,40.444708,0],[-3.534991,40.444957,0],[-3.535496,40.446478,0],[-3.535149,40.446364,0],[-3.534838,40.446335,0],[-3.53445,40.446283,0],[-3.534055,40.446245,0],[-3.533834,40.446252,0],[-3.533356,40.446312,0],[-3.533157,40.446343,0],[-3.532846,40.446424,0],[-3.531284,40.446816,0],[-3.531148,40.446873,0],[-3.531342,40.447083,0],[-3.531684,40.446996,0],[-3.531693,40.446993,0],[-3.533091,40.446644,0],[-3.533657,40.446573,0],[-3.533955,40.446558,0],[-3.534195,40.446559,0],[-3.534421,40.446571,0],[-3.534708,40.446606,0],[-3.535023,40.446668,0],[-3.535325,40.446739,0],[-3.536453,40.447051,0],[-3.537041,40.447192,0],[-3.537619,40.447306,0],[-3.539683,40.447557,0],[-3.542721,40.447896,0],[-3.547319,40.448426,0],[-3.550935,40.448821,0],[-3.55346,40.449115,0],[-3.555617,40.449335,0],[-3.557028,40.449428,0],[-3.558307,40.449494,0],[-3.561764,40.449572,0],[-3.565693,40.449665,0],[-3.570568,40.449755,0],[-3.573733,40.449797,0],[-3.575133,40.449826,0],[-3.577143,40.449872,0],[-3.579888,40.449931,0],[-3.581378,40.449915,0],[-3.582283,40.449901,0],[-3.58342,40.449899,0],[-3.587448,40.449944,0],[-3.593247,40.450049,0],[-3.59325,40.450048,0],[-3.59329,40.450049,0]]]},"properties":{"name":"REJAS","description":"","styleUrl":"#poly-757575-1200-76","fill-opacity":0.2980392156862745,"fill":"#757575","stroke-opacity":1,"stroke":"#757575","stroke-width":1.2,"OBJECTID":"219","CODDIS":"20","NOMDIS":"San Blas - Canillejas","COD_BAR":"206","NOMBRE":"Rejas","Shape_Leng":"13389.64872287","COD_DIS_TX":"20","BARRIO_MAY":"REJAS","COD_DISBAR":"206","NUM_BAR":"6","BARRIO_MT":"REJAS","COD_DISB":"20-6","Shape_STAr":"5015732.12195","Shape_STLe":"13389.6487229","id":"206","shape_name":"Rejas","s_var_popdensity":"-1.24220321319457","s_var_carsxperson":"-0.231410673501388","comp_score":"-10.8139668531069","comp_score_n":"-10.8139668531069"}},{"type":"Feature","geometry":{"type":"Polygon","coordinates":[[[-3.734552,40.434209,0],[-3.735353,40.434248,0],[-3.735977,40.434284,0],[-3.73716,40.434361,0],[-3.737675,40.434419,0],[-3.738309,40.43455,0],[-3.738919,40.434802,0],[-3.739484,40.435156,0],[-3.739845,40.435468,0],[-3.740142,40.435806,0],[-3.740425,40.43613,0],[-3.741299,40.437238,0],[-3.741772,40.437753,0],[-3.742339,40.438236,0],[-3.742867,40.438633,0],[-3.743563,40.439155,0],[-3.745802,40.440837,0],[-3.748682,40.442961,0],[-3.749098,40.443221,0],[-3.749683,40.443516,0],[-3.750658,40.443951,0],[-3.753453,40.445207,0],[-3.754787,40.445799,0],[-3.756157,40.446411,0],[-3.757691,40.447107,0],[-3.759189,40.447768,0],[-3.761398,40.448756,0],[-3.762061,40.449076,0],[-3.762382,40.449254,0],[-3.762624,40.449439,0],[-3.762748,40.449551,0],[-3.765286,40.448589,0],[-3.766297,40.448167,0],[-3.76692,40.447822,0],[-3.770795,40.444522,0],[-3.770846,40.444056,0],[-3.770829,40.444057,0],[-3.770829,40.443934,0],[-3.770827,40.443726,0],[-3.770826,40.443322,0],[-3.770826,40.442977,0],[-3.770823,40.44243,0],[-3.770823,40.442062,0],[-3.770821,40.441776,0],[-3.77082,40.441081,0],[-3.77082,40.440283,0],[-3.770811,40.438245,0],[-3.770798,40.434879,0],[-3.770783,40.429427,0],[-3.771492,40.42899,0],[-3.771796,40.428802,0],[-3.771798,40.428802,0],[-3.77198,40.428688,0],[-3.772726,40.428229,0],[-3.773008,40.428056,0],[-3.773024,40.428046,0],[-3.773593,40.427696,0],[-3.774347,40.427228,0],[-3.775159,40.426726,0],[-3.775923,40.426256,0],[-3.775924,40.426256,0],[-3.776853,40.425679,0],[-3.777589,40.425227,0],[-3.777887,40.425044,0],[-3.778285,40.424792,0],[-3.778676,40.424559,0],[-3.779119,40.424274,0],[-3.779555,40.423444,0],[-3.779587,40.423375,0],[-3.779764,40.423032,0],[-3.779835,40.422893,0],[-3.780356,40.421901,0],[-3.780387,40.421786,0],[-3.781018,40.419165,0],[-3.781151,40.418647,0],[-3.781294,40.417992,0],[-3.781394,40.417576,0],[-3.781395,40.417568,0],[-3.781394,40.41756,0],[-3.780946,40.415763,0],[-3.780566,40.414253,0],[-3.780076,40.413359,0],[-3.779857,40.412951,0],[-3.779744,40.412741,0],[-3.779629,40.412521,0],[-3.779555,40.412393,0],[-3.779468,40.412232,0],[-3.779394,40.411952,0],[-3.779345,40.411663,0],[-3.779234,40.41101,0],[-3.779153,40.410534,0],[-3.778981,40.409789,0],[-3.778612,40.408225,0],[-3.778371,40.407628,0],[-3.777989,40.406949,0],[-3.777724,40.406476,0],[-3.777665,40.406369,0],[-3.777086,40.405564,0],[-3.776883,40.40529,0],[-3.776563,40.404545,0],[-3.776393,40.404138,0],[-3.77635,40.404038,0],[-3.775818,40.403494,0],[-3.77511,40.402828,0],[-3.77496,40.402684,0],[-3.774792,40.402528,0],[-3.774343,40.402108,0],[-3.774404,40.4016,0],[-3.774455,40.401197,0],[-3.77454,40.400558,0],[-3.774562,40.400381,0],[-3.77456,40.400315,0],[-3.774555,40.400315,0],[-3.774554,40.400315,0],[-3.773845,40.400302,0],[-3.773693,40.400283,0],[-3.770647,40.399534,0],[-3.769281,40.399622,0],[-3.767011,40.399236,0],[-3.765625,40.399274,0],[-3.765503,40.399103,0],[-3.764745,40.399301,0],[-3.764359,40.399401,0],[-3.762737,40.400689,0],[-3.762392,40.400931,0],[-3.762275,40.400992,0],[-3.760805,40.40288,0],[-3.760444,40.403362,0],[-3.760227,40.40364,0],[-3.75986,40.403965,0],[-3.759755,40.40406,0],[-3.757659,40.40528,0],[-3.757354,40.405452,0],[-3.757058,40.405618,0],[-3.756881,40.405678,0],[-3.756723,40.405712,0],[-3.756502,40.405738,0],[-3.75628,40.405749,0],[-3.756115,40.40577,0],[-3.755951,40.40581,0],[-3.755689,40.4059,0],[-3.754912,40.406307,0],[-3.752655,40.407454,0],[-3.752064,40.407737,0],[-3.750879,40.408306,0],[-3.750751,40.408327,0],[-3.750642,40.408345,0],[-3.750542,40.408358,0],[-3.749866,40.408446,0],[-3.747889,40.40872,0],[-3.747475,40.408774,0],[-3.744667,40.409144,0],[-3.744608,40.409221,0],[-3.744575,40.409256,0],[-3.744497,40.409287,0],[-3.744468,40.409298,0],[-3.744404,40.409322,0],[-3.743937,40.409435,0],[-3.743859,40.409453,0],[-3.743559,40.409521,0],[-3.743329,40.409568,0],[-3.743256,40.409573,0],[-3.743202,40.409577,0],[-3.743184,40.409576,0],[-3.743135,40.409572,0],[-3.743046,40.409564,0],[-3.742879,40.409537,0],[-3.742543,40.409448,0],[-3.742451,40.40942,0],[-3.742364,40.409395,0],[-3.742233,40.40935,0],[-3.742073,40.409289,0],[-3.741986,40.409256,0],[-3.741854,40.409206,0],[-3.738528,40.411058,0],[-3.737919,40.411466,0],[-3.734184,40.412796,0],[-3.7328,40.413287,0],[-3.729575,40.414432,0],[-3.726218,40.415666,0],[-3.724861,40.416165,0],[-3.722379,40.417175,0],[-3.722161,40.418036,0],[-3.722053,40.41846,0],[-3.721843,40.41858,0],[-3.72151,40.418771,0],[-3.721067,40.419119,0],[-3.720699,40.419469,0],[-3.7204,40.419895,0],[-3.720298,40.420068,0],[-3.720195,40.420245,0],[-3.720189,40.420255,0],[-3.71806,40.420287,0],[-3.718083,40.421208,0],[-3.718662,40.421832,0],[-3.719035,40.422236,0],[-3.719465,40.422702,0],[-3.718511,40.422793,0],[-3.717846,40.422488,0],[-3.717496,40.422242,0],[-3.717088,40.421955,0],[-3.716948,40.421908,0],[-3.716848,40.421897,0],[-3.716767,40.421888,0],[-3.716648,40.421883,0],[-3.716523,40.421889,0],[-3.716475,40.421903,0],[-3.716432,40.421916,0],[-3.716419,40.421927,0],[-3.715706,40.422505,0],[-3.715453,40.422711,0],[-3.715341,40.422802,0],[-3.714768,40.423457,0],[-3.714857,40.423547,0],[-3.716252,40.42498,0],[-3.716828,40.425111,0],[-3.717226,40.425201,0],[-3.718367,40.42546,0],[-3.71842,40.425472,0],[-3.718897,40.425967,0],[-3.719743,40.426846,0],[-3.720505,40.427637,0],[-3.721705,40.428882,0],[-3.722306,40.429506,0],[-3.722592,40.429799,0],[-3.722868,40.430083,0],[-3.722922,40.430139,0],[-3.723179,40.430411,0],[-3.725193,40.432516,0],[-3.724111,40.432985,0],[-3.723983,40.43304,0],[-3.721665,40.434044,0],[-3.719479,40.434962,0],[-3.719528,40.435067,0],[-3.71984,40.43574,0],[-3.7217,40.436671,0],[-3.723155,40.43743,0],[-3.725058,40.436651,0],[-3.726409,40.436084,0],[-3.727997,40.4357,0],[-3.730971,40.434993,0],[-3.733365,40.43437,0],[-3.733954,40.434243,0],[-3.734233,40.434208,0],[-3.734552,40.434209,0]]]},"properties":{"name":"CASA DE CAMPO","description":"","styleUrl":"#poly-BDBDBD-1200-76","fill-opacity":0.2980392156862745,"fill":"#bdbdbd","stroke-opacity":1,"stroke":"#bdbdbd","stroke-width":1.2,"OBJECTID":"220","CODDIS":"9","NOMDIS":"Moncloa - Aravaca","COD_BAR":"091","NOMBRE":"Casa de Campo","Shape_Leng":"19242.53385054","COD_DIS_TX":"09","BARRIO_MAY":"CASA DE CAMPO","COD_DISBAR":"91","NUM_BAR":"1","BARRIO_MT":"CASA DE CAMPO","COD_DISB":"9-1","Shape_STAr":"17460617.3729","Shape_STLe":"19242.5338505","id":"91","shape_name":"Casa de Campo","s_var_popdensity":"-1.46790272671212","s_var_carsxperson":"0.281321408703331","comp_score":"-27.8659107667767","comp_score_n":"-27.8659107667767"}},{"type":"Feature","geometry":{"type":"Polygon","coordinates":[[[-3.677564,40.451683,0],[-3.678769,40.451681,0],[-3.681404,40.451683,0],[-3.685906,40.451842,0],[-3.689246,40.452043,0],[-3.690695,40.452129,0],[-3.691143,40.44747,0],[-3.691259,40.446215,0],[-3.691786,40.441259,0],[-3.691116,40.439214,0],[-3.690718,40.437985,0],[-3.686258,40.4378,0],[-3.685194,40.43775,0],[-3.684194,40.437703,0],[-3.683116,40.437652,0],[-3.681771,40.437589,0],[-3.680502,40.437518,0],[-3.679127,40.437444,0],[-3.679009,40.438934,0],[-3.678806,40.440736,0],[-3.678696,40.441713,0],[-3.678413,40.444245,0],[-3.678139,40.446664,0],[-3.677908,40.448725,0],[-3.677564,40.451683,0]]]},"properties":{"name":"EL VISO","description":"","styleUrl":"#poly-BDBDBD-1200-76","fill-opacity":0.2980392156862745,"fill":"#bdbdbd","stroke-opacity":1,"stroke":"#bdbdbd","stroke-width":1.2,"OBJECTID":"221","CODDIS":"5","NOMDIS":"Chamartín","COD_BAR":"051","NOMBRE":"El Viso","Shape_Leng":"5270.83196557","COD_DIS_TX":"05","BARRIO_MAY":"EL VISO","COD_DISBAR":"51","NUM_BAR":"1","BARRIO_MT":"EL VISO","COD_DISB":"5-1","Shape_STAr":"1709232.75261","Shape_STLe":"5270.83196557","id":"51","shape_name":"El Viso","s_var_popdensity":"-0.695006535493164","s_var_carsxperson":"3.20886731778306","comp_score":"-36.3590785066861","comp_score_n":"-36.3590785066861"}},{"type":"Feature","geometry":{"type":"Polygon","coordinates":[[[-3.667454,40.452347,0],[-3.668069,40.452389,0],[-3.668487,40.452426,0],[-3.668948,40.452463,0],[-3.669477,40.452472,0],[-3.669975,40.452463,0],[-3.670236,40.452433,0],[-3.670719,40.452334,0],[-3.671105,40.452246,0],[-3.673845,40.451639,0],[-3.67462,40.451657,0],[-3.677564,40.451683,0],[-3.677908,40.448725,0],[-3.678139,40.446664,0],[-3.678413,40.444245,0],[-3.678696,40.441713,0],[-3.678048,40.441681,0],[-3.677115,40.44209,0],[-3.677071,40.442116,0],[-3.675999,40.442748,0],[-3.675895,40.442834,0],[-3.67445,40.443949,0],[-3.673922,40.444363,0],[-3.673855,40.444404,0],[-3.672571,40.44519,0],[-3.671469,40.445879,0],[-3.670681,40.446379,0],[-3.670553,40.446471,0],[-3.669651,40.447114,0],[-3.668529,40.447984,0],[-3.668207,40.448187,0],[-3.667863,40.448352,0],[-3.666424,40.449136,0],[-3.666294,40.44925,0],[-3.664921,40.450418,0],[-3.665049,40.450579,0],[-3.665374,40.45133,0],[-3.665542,40.451714,0],[-3.665627,40.452099,0],[-3.665643,40.452475,0],[-3.66607,40.452388,0],[-3.666331,40.452346,0],[-3.666546,40.452321,0],[-3.667334,40.452295,0],[-3.667454,40.452347,0]]]},"properties":{"name":"CIUDAD JARDÍN","description":"","styleUrl":"#poly-FFD600-1200-76","fill-opacity":0.2980392156862745,"fill":"#ffd600","stroke-opacity":1,"stroke":"#ffd600","stroke-width":1.2,"OBJECTID":"222","CODDIS":"5","NOMDIS":"Chamartín","COD_BAR":"053","NOMBRE":"Ciudad Jardín","Shape_Leng":"3915.01692628","COD_DIS_TX":"05","BARRIO_MAY":"CIUDAD JARDIN","COD_DISBAR":"53","NUM_BAR":"3","BARRIO_MT":"CIUDAD JARDÍN","COD_DISB":"5-3","Shape_STAr":"762309.554636","Shape_STLe":"3915.01692628","id":"53","shape_name":"Ciudad Jardín","s_var_popdensity":"0.473939711672661","s_var_carsxperson":"0.317067999832283","comp_score":"3.04096473866802","comp_score_n":"3.04096473866802"}},{"type":"Feature","geometry":{"type":"Polygon","coordinates":[[[-3.660602,40.444606,0],[-3.661195,40.445671,0],[-3.661476,40.446383,0],[-3.661688,40.446985,0],[-3.661884,40.447678,0],[-3.662155,40.448472,0],[-3.662293,40.448953,0],[-3.662337,40.449107,0],[-3.662582,40.450145,0],[-3.66284,40.451371,0],[-3.662897,40.451726,0],[-3.663128,40.453162,0],[-3.665643,40.452475,0],[-3.665627,40.452099,0],[-3.665542,40.451714,0],[-3.665374,40.45133,0],[-3.665049,40.450579,0],[-3.664921,40.450418,0],[-3.666294,40.44925,0],[-3.666424,40.449136,0],[-3.667863,40.448352,0],[-3.668207,40.448187,0],[-3.668529,40.447984,0],[-3.669651,40.447114,0],[-3.670553,40.446471,0],[-3.670681,40.446379,0],[-3.671469,40.445879,0],[-3.672571,40.44519,0],[-3.673855,40.444404,0],[-3.673922,40.444363,0],[-3.67445,40.443949,0],[-3.675895,40.442834,0],[-3.675999,40.442748,0],[-3.677071,40.442116,0],[-3.677115,40.44209,0],[-3.678048,40.441681,0],[-3.678696,40.441713,0],[-3.678806,40.440736,0],[-3.679009,40.438934,0],[-3.679127,40.437444,0],[-3.67801,40.437394,0],[-3.677619,40.437401,0],[-3.677425,40.437413,0],[-3.677033,40.437577,0],[-3.675934,40.438252,0],[-3.675307,40.438627,0],[-3.675141,40.438698,0],[-3.674919,40.438776,0],[-3.674741,40.438831,0],[-3.674467,40.438888,0],[-3.673343,40.439088,0],[-3.672348,40.439267,0],[-3.671827,40.439393,0],[-3.671321,40.439543,0],[-3.670928,40.439685,0],[-3.670489,40.439864,0],[-3.670113,40.440049,0],[-3.669793,40.440221,0],[-3.668449,40.441005,0],[-3.666818,40.441958,0],[-3.666115,40.442374,0],[-3.665276,40.442842,0],[-3.664303,40.443299,0],[-3.664269,40.443311,0],[-3.662666,40.443894,0],[-3.660602,40.444606,0]]]},"properties":{"name":"PROSPERIDAD","description":"","styleUrl":"#poly-E65100-1200-76","fill-opacity":0.2980392156862745,"fill":"#e65100","stroke-opacity":1,"stroke":"#e65100","stroke-width":1.2,"OBJECTID":"223","CODDIS":"5","NOMDIS":"Chamartín","COD_BAR":"052","NOMBRE":"Prosperidad","Shape_Leng":"5253.17416171","COD_DIS_TX":"05","BARRIO_MAY":"PROSPERIDAD","COD_DISBAR":"52","NUM_BAR":"2","BARRIO_MT":"PROSPERIDAD","COD_DISB":"5-2","Shape_STAr":"1040058.1802","Shape_STLe":"5253.17416171","id":"52","shape_name":"Prosperidad","s_var_popdensity":"1.32753759223998","s_var_carsxperson":"0.4215392855927","comp_score":"8.10899390347981","comp_score_n":"8.10899390347981"}},{"type":"Feature","geometry":{"type":"Polygon","coordinates":[[[-3.648116,40.449453,0],[-3.649326,40.451146,0],[-3.649664,40.451599,0],[-3.649665,40.4516,0],[-3.64993,40.451955,0],[-3.649995,40.452041,0],[-3.650081,40.45208,0],[-3.651307,40.453705,0],[-3.652868,40.455444,0],[-3.654207,40.456918,0],[-3.656428,40.455844,0],[-3.658672,40.454725,0],[-3.660698,40.453796,0],[-3.663128,40.453162,0],[-3.662897,40.451726,0],[-3.66284,40.451371,0],[-3.662582,40.450145,0],[-3.662337,40.449107,0],[-3.662293,40.448953,0],[-3.662155,40.448472,0],[-3.661884,40.447678,0],[-3.661688,40.446985,0],[-3.661476,40.446383,0],[-3.661195,40.445671,0],[-3.660602,40.444606,0],[-3.656819,40.445915,0],[-3.65586,40.446246,0],[-3.652853,40.447453,0],[-3.648116,40.449453,0]]]},"properties":{"name":"SAN JUAN BAUTISTA","description":"","styleUrl":"#poly-757575-1200-76","fill-opacity":0.2980392156862745,"fill":"#757575","stroke-opacity":1,"stroke":"#757575","stroke-width":1.2,"OBJECTID":"224","CODDIS":"15","NOMDIS":"Ciudad Lineal","COD_BAR":"156","NOMBRE":"San Juan Bautista","Shape_Leng":"4012.35095423","COD_DIS_TX":"15","BARRIO_MAY":"SAN JUAN BAUTISTA","COD_DISBAR":"156","NUM_BAR":"6","BARRIO_MT":"SAN JUAN BAUTISTA","COD_DISB":"15-6","Shape_STAr":"1010844.47491","Shape_STLe":"4012.35095423","id":"156","shape_name":"San Juan Bautista","s_var_popdensity":"-0.513206856448997","s_var_carsxperson":"0.526561701802439","comp_score":"-11.7799215675262","comp_score_n":"-11.7799215675262"}},{"type":"Feature","geometry":{"type":"Polygon","coordinates":[[[-3.690307,40.456137,0],[-3.692287,40.456257,0],[-3.694642,40.456386,0],[-3.695224,40.456418,0],[-3.695935,40.456458,0],[-3.697175,40.456525,0],[-3.697621,40.456627,0],[-3.698042,40.456721,0],[-3.698886,40.456911,0],[-3.701478,40.457502,0],[-3.702208,40.45631,0],[-3.702294,40.456096,0],[-3.702699,40.455087,0],[-3.702836,40.454534,0],[-3.702913,40.454019,0],[-3.70299,40.453495,0],[-3.703159,40.452379,0],[-3.703244,40.451811,0],[-3.703358,40.451045,0],[-3.703443,40.450487,0],[-3.70352,40.449974,0],[-3.7036,40.449428,0],[-3.703722,40.448649,0],[-3.703856,40.447691,0],[-3.70392,40.447168,0],[-3.703946,40.446863,0],[-3.700939,40.4467,0],[-3.700334,40.44667,0],[-3.699333,40.44662,0],[-3.698661,40.446585,0],[-3.697134,40.446506,0],[-3.695574,40.446438,0],[-3.69501,40.446412,0],[-3.691259,40.446215,0],[-3.691143,40.44747,0],[-3.690695,40.452129,0],[-3.690307,40.456137,0]]]},"properties":{"name":"CUATRO CAMINOS","description":"","styleUrl":"#poly-E65100-1200-76","fill-opacity":0.2980392156862745,"fill":"#e65100","stroke-opacity":1,"stroke":"#e65100","stroke-width":1.2,"OBJECTID":"225","CODDIS":"6","NOMDIS":"Tetuán","COD_BAR":"062","NOMBRE":"Cuatro Caminos","Shape_Leng":"4354.62198029","COD_DIS_TX":"06","BARRIO_MAY":"CUATRO CAMINOS","COD_DISBAR":"62","NUM_BAR":"2","BARRIO_MT":"CUATRO CAMINOS","COD_DISB":"6-2","Shape_STAr":"1185033.9916","Shape_STLe":"4354.62198029","id":"62","shape_name":"Cuatro Caminos","s_var_popdensity":"0.889541119170062","s_var_carsxperson":"0.675088528412576","comp_score":"4.38011952740267","comp_score_n":"4.38011952740267"}},{"type":"Feature","geometry":{"type":"Polygon","coordinates":[[[-3.605414,40.452776,0],[-3.605435,40.452759,0],[-3.605536,40.45284,0],[-3.605708,40.452977,0],[-3.605953,40.45313,0],[-3.606184,40.453275,0],[-3.606628,40.453499,0],[-3.607715,40.453884,0],[-3.608976,40.45422,0],[-3.612337,40.455287,0],[-3.613897,40.456154,0],[-3.617391,40.458149,0],[-3.617666,40.457802,0],[-3.618034,40.457341,0],[-3.618469,40.456796,0],[-3.61851,40.456745,0],[-3.618802,40.456388,0],[-3.619295,40.455934,0],[-3.6195,40.455796,0],[-3.619758,40.455623,0],[-3.620145,40.455407,0],[-3.620454,40.455263,0],[-3.621457,40.454896,0],[-3.622394,40.454553,0],[-3.62267,40.454451,0],[-3.625518,40.453408,0],[-3.625827,40.45324,0],[-3.626197,40.452965,0],[-3.626428,40.452691,0],[-3.626565,40.452393,0],[-3.626638,40.45193,0],[-3.626297,40.449591,0],[-3.626288,40.449526,0],[-3.622312,40.449674,0],[-3.619938,40.449684,0],[-3.616673,40.449697,0],[-3.614789,40.449709,0],[-3.609078,40.449687,0],[-3.607757,40.44967,0],[-3.607026,40.450114,0],[-3.606979,40.450143,0],[-3.606861,40.450214,0],[-3.606233,40.450624,0],[-3.605302,40.451237,0],[-3.604488,40.451765,0],[-3.604531,40.451831,0],[-3.604593,40.451926,0],[-3.604677,40.452041,0],[-3.604776,40.452167,0],[-3.604885,40.452291,0],[-3.604972,40.452383,0],[-3.605079,40.452489,0],[-3.605181,40.452589,0],[-3.605258,40.452654,0],[-3.6054,40.452768,0],[-3.605414,40.452776,0]]]},"properties":{"name":"PALOMAS","description":"","styleUrl":"#poly-BDBDBD-1200-76","fill-opacity":0.2980392156862745,"fill":"#bdbdbd","stroke-opacity":1,"stroke":"#bdbdbd","stroke-width":1.2,"OBJECTID":"226","CODDIS":"16","NOMDIS":"Hortaleza","COD_BAR":"161","NOMBRE":"Palomas","Shape_Leng":"4623.51429313","COD_DIS_TX":"16","BARRIO_MAY":"PALOMAS","COD_DISBAR":"161","NUM_BAR":"1","BARRIO_MT":"PALOMAS","COD_DISB":"16-1","Shape_STAr":"1068837.59185","Shape_STLe":"4623.51429313","id":"161","shape_name":"Palomas","s_var_popdensity":"-0.994276523441505","s_var_carsxperson":"0.733267396802754","comp_score":"-22.8598542162501","comp_score_n":"-22.8598542162501"}},{"type":"Feature","geometry":{"type":"Polygon","coordinates":[[[-3.702913,40.454019,0],[-3.703794,40.45509,0],[-3.704905,40.456439,0],[-3.704986,40.456554,0],[-3.707574,40.456684,0],[-3.708152,40.456714,0],[-3.708725,40.456843,0],[-3.709829,40.457198,0],[-3.710582,40.457643,0],[-3.710616,40.45765,0],[-3.710706,40.457649,0],[-3.710835,40.457618,0],[-3.710936,40.457579,0],[-3.711048,40.457527,0],[-3.711502,40.457494,0],[-3.712196,40.456463,0],[-3.712867,40.455466,0],[-3.713126,40.454896,0],[-3.713022,40.454613,0],[-3.7129,40.454386,0],[-3.712788,40.454178,0],[-3.712678,40.453917,0],[-3.713272,40.453039,0],[-3.711942,40.452396,0],[-3.71173,40.45229,0],[-3.710989,40.451121,0],[-3.710338,40.450093,0],[-3.71029,40.45007,0],[-3.710187,40.450021,0],[-3.70987,40.449518,0],[-3.70897,40.448086,0],[-3.70889,40.447959,0],[-3.708307,40.447091,0],[-3.706779,40.447015,0],[-3.706074,40.446978,0],[-3.703946,40.446863,0],[-3.70392,40.447168,0],[-3.703856,40.447691,0],[-3.703722,40.448649,0],[-3.7036,40.449428,0],[-3.70352,40.449974,0],[-3.703443,40.450487,0],[-3.703358,40.451045,0],[-3.703244,40.451811,0],[-3.703159,40.452379,0],[-3.70299,40.453495,0],[-3.702913,40.454019,0]]]},"properties":{"name":"BELLAS VISTAS","description":"","styleUrl":"#poly-A52714-1200-76","fill-opacity":0.2980392156862745,"fill":"#a52714","stroke-opacity":1,"stroke":"#a52714","stroke-width":1.2,"OBJECTID":"227","CODDIS":"6","NOMDIS":"Tetuán","COD_BAR":"061","NOMBRE":"Bellas Vistas","Shape_Leng":"3433.62540248","COD_DIS_TX":"06","BARRIO_MAY":"BELLAS VISTAS","COD_DISBAR":"61","NUM_BAR":"1","BARRIO_MT":"BELLAS VISTAS","COD_DISB":"6-1","Shape_STAr":"715169.658717","Shape_STLe":"3433.62540248","id":"61","shape_name":"Bellas Vistas","s_var_popdensity":"1.85572267716367","s_var_carsxperson":"-1.06477585888722","comp_score":"36.5572119340083","comp_score_n":"36.5572119340083"}},{"type":"Feature","geometry":{"type":"Polygon","coordinates":[[[-3.663128,40.453162,0],[-3.663301,40.454303,0],[-3.663419,40.455083,0],[-3.663806,40.456816,0],[-3.664355,40.458535,0],[-3.664851,40.459825,0],[-3.664937,40.46003,0],[-3.668287,40.459074,0],[-3.669836,40.458654,0],[-3.670283,40.458544,0],[-3.670818,40.458465,0],[-3.671199,40.458441,0],[-3.6717,40.458454,0],[-3.671952,40.458458,0],[-3.675713,40.45855,0],[-3.676814,40.458604,0],[-3.677773,40.458655,0],[-3.68054,40.458634,0],[-3.681959,40.458593,0],[-3.682902,40.458623,0],[-3.682948,40.458624,0],[-3.685169,40.458768,0],[-3.685566,40.458796,0],[-3.686768,40.45886,0],[-3.688067,40.458933,0],[-3.690027,40.459047,0],[-3.690307,40.456137,0],[-3.690695,40.452129,0],[-3.689246,40.452043,0],[-3.685906,40.451842,0],[-3.681404,40.451683,0],[-3.678769,40.451681,0],[-3.677564,40.451683,0],[-3.67462,40.451657,0],[-3.673845,40.451639,0],[-3.671105,40.452246,0],[-3.670719,40.452334,0],[-3.670236,40.452433,0],[-3.669975,40.452463,0],[-3.669477,40.452472,0],[-3.668948,40.452463,0],[-3.668487,40.452426,0],[-3.668069,40.452389,0],[-3.667454,40.452347,0],[-3.667334,40.452295,0],[-3.666546,40.452321,0],[-3.666331,40.452346,0],[-3.66607,40.452388,0],[-3.665643,40.452475,0],[-3.663128,40.453162,0]]]},"properties":{"name":"HISPANOAMÉRICA","description":"","styleUrl":"#poly-757575-1200-76","fill-opacity":0.2980392156862745,"fill":"#757575","stroke-opacity":1,"stroke":"#757575","stroke-width":1.2,"OBJECTID":"228","CODDIS":"5","NOMDIS":"Chamartín","COD_BAR":"054","NOMBRE":"Hispanoamérica","Shape_Leng":"6079.00588174","COD_DIS_TX":"05","BARRIO_MAY":"HISPANOAMERICA","COD_DISBAR":"54","NUM_BAR":"4","BARRIO_MT":"HISPANOAMÉRICA","COD_DISB":"5-4","Shape_STAr":"1712523.61493","Shape_STLe":"6079.00588174","id":"54","shape_name":"Hispanoamérica","s_var_popdensity":"-0.013208108279905","s_var_carsxperson":"1.30028378031095","comp_score":"-12.4923373783516","comp_score_n":"-12.4923373783516"}},{"type":"Feature","geometry":{"type":"Polygon","coordinates":[[[-3.623424,40.462669,0],[-3.624598,40.462577,0],[-3.629654,40.462639,0],[-3.633266,40.462673,0],[-3.635381,40.462691,0],[-3.636239,40.462687,0],[-3.637269,40.462687,0],[-3.63759,40.462652,0],[-3.63789,40.462601,0],[-3.63814,40.462545,0],[-3.638439,40.462464,0],[-3.638748,40.462359,0],[-3.638903,40.462282,0],[-3.639153,40.462124,0],[-3.639648,40.461781,0],[-3.641482,40.460571,0],[-3.641688,40.460405,0],[-3.641877,40.460213,0],[-3.642096,40.459974,0],[-3.64256,40.459473,0],[-3.643259,40.458657,0],[-3.643775,40.457979,0],[-3.644029,40.457634,0],[-3.644225,40.457468,0],[-3.644495,40.45724,0],[-3.647691,40.457112,0],[-3.649202,40.457137,0],[-3.652509,40.457144,0],[-3.653236,40.457106,0],[-3.653611,40.457071,0],[-3.653908,40.457001,0],[-3.654207,40.456918,0],[-3.652868,40.455444,0],[-3.651307,40.453705,0],[-3.650081,40.45208,0],[-3.649995,40.452041,0],[-3.64993,40.451955,0],[-3.649665,40.4516,0],[-3.649664,40.451599,0],[-3.649326,40.451146,0],[-3.648116,40.449453,0],[-3.647828,40.449533,0],[-3.647825,40.449534,0],[-3.647278,40.449686,0],[-3.646693,40.449801,0],[-3.646057,40.449826,0],[-3.645077,40.449713,0],[-3.643835,40.449517,0],[-3.642754,40.449337,0],[-3.639832,40.448871,0],[-3.637994,40.448611,0],[-3.637307,40.448576,0],[-3.636654,40.44858,0],[-3.63609,40.448621,0],[-3.635734,40.448665,0],[-3.635101,40.448753,0],[-3.634388,40.448871,0],[-3.633493,40.449016,0],[-3.631961,40.449257,0],[-3.630681,40.449393,0],[-3.629442,40.449435,0],[-3.628412,40.44947,0],[-3.627665,40.44949,0],[-3.626288,40.449526,0],[-3.626297,40.449591,0],[-3.626638,40.45193,0],[-3.626565,40.452393,0],[-3.626428,40.452691,0],[-3.626197,40.452965,0],[-3.625827,40.45324,0],[-3.625518,40.453408,0],[-3.62267,40.454451,0],[-3.622394,40.454553,0],[-3.621457,40.454896,0],[-3.620454,40.455263,0],[-3.620145,40.455407,0],[-3.619758,40.455623,0],[-3.6195,40.455796,0],[-3.619295,40.455934,0],[-3.618802,40.456388,0],[-3.61851,40.456745,0],[-3.618469,40.456796,0],[-3.618034,40.457341,0],[-3.617666,40.457802,0],[-3.617391,40.458149,0],[-3.620251,40.45974,0],[-3.620927,40.460142,0],[-3.621514,40.460584,0],[-3.622174,40.461215,0],[-3.622751,40.461846,0],[-3.623424,40.462669,0]]]},"properties":{"name":"PIOVERA","description":"","styleUrl":"#poly-BDBDBD-1200-76","fill-opacity":0.2980392156862745,"fill":"#bdbdbd","stroke-opacity":1,"stroke":"#bdbdbd","stroke-width":1.2,"OBJECTID":"229","CODDIS":"16","NOMDIS":"Hortaleza","COD_BAR":"162","NOMBRE":"Piovera","Shape_Leng":"7833.91163643","COD_DIS_TX":"16","BARRIO_MAY":"PIOVERA","COD_DISBAR":"162","NUM_BAR":"2","BARRIO_MT":"PIOVERA","COD_DISB":"16-2","Shape_STAr":"3139649.51166","Shape_STLe":"7833.91163643","id":"162","shape_name":"Piovera","s_var_popdensity":"-1.13323412222756","s_var_carsxperson":"1.247718468543","comp_score":"-22.275779527032","comp_score_n":"-22.275779527032"}},{"type":"Feature","geometry":{"type":"Polygon","coordinates":[[[-3.660337,40.462186,0],[-3.660431,40.46225,0],[-3.662042,40.463374,0],[-3.663727,40.46189,0],[-3.662876,40.461287,0],[-3.66344,40.460816,0],[-3.663813,40.460564,0],[-3.664235,40.460341,0],[-3.664561,40.460192,0],[-3.664937,40.46003,0],[-3.664851,40.459825,0],[-3.664355,40.458535,0],[-3.663806,40.456816,0],[-3.663419,40.455083,0],[-3.663301,40.454303,0],[-3.663128,40.453162,0],[-3.660698,40.453796,0],[-3.658672,40.454725,0],[-3.656428,40.455844,0],[-3.654207,40.456918,0],[-3.655146,40.45801,0],[-3.655454,40.458369,0],[-3.655872,40.458902,0],[-3.65625,40.459343,0],[-3.656284,40.459431,0],[-3.660337,40.462186,0]]]},"properties":{"name":"COLINA","description":"","styleUrl":"#poly-757575-1200-76","fill-opacity":0.2980392156862745,"fill":"#757575","stroke-opacity":1,"stroke":"#757575","stroke-width":1.2,"OBJECTID":"230","CODDIS":"15","NOMDIS":"Ciudad Lineal","COD_BAR":"157","NOMBRE":"Colina","Shape_Leng":"3175.56791319","COD_DIS_TX":"15","BARRIO_MAY":"COLINA","COD_DISBAR":"157","NUM_BAR":"7","BARRIO_MT":"COLINA","COD_DISB":"15-7","Shape_STAr":"559698.964963","Shape_STLe":"3175.56791319","id":"157","shape_name":"Colina","s_var_popdensity":"-0.560595976299253","s_var_carsxperson":"0.566798899753587","comp_score":"-8.93817813137874","comp_score_n":"-8.93817813137874"}},{"type":"Feature","geometry":{"type":"Polygon","coordinates":[[[-3.704155,40.463638,0],[-3.704168,40.463644,0],[-3.704286,40.463695,0],[-3.704509,40.463771,0],[-3.704627,40.4638,0],[-3.704719,40.463822,0],[-3.705372,40.464018,0],[-3.705392,40.46393,0],[-3.705475,40.463806,0],[-3.705538,40.463736,0],[-3.705594,40.463674,0],[-3.705657,40.463622,0],[-3.705733,40.463597,0],[-3.705841,40.463594,0],[-3.705932,40.463596,0],[-3.70604,40.463611,0],[-3.706205,40.463649,0],[-3.706345,40.463679,0],[-3.706525,40.463687,0],[-3.706684,40.463668,0],[-3.706836,40.463633,0],[-3.706979,40.463587,0],[-3.707125,40.463526,0],[-3.70781,40.462753,0],[-3.708449,40.462031,0],[-3.708603,40.462058,0],[-3.709032,40.461291,0],[-3.709817,40.460087,0],[-3.710514,40.459018,0],[-3.711502,40.457494,0],[-3.711048,40.457527,0],[-3.710936,40.457579,0],[-3.710835,40.457618,0],[-3.710706,40.457649,0],[-3.710616,40.45765,0],[-3.710582,40.457643,0],[-3.709829,40.457198,0],[-3.708725,40.456843,0],[-3.708152,40.456714,0],[-3.707574,40.456684,0],[-3.704986,40.456554,0],[-3.704905,40.456439,0],[-3.703794,40.45509,0],[-3.702913,40.454019,0],[-3.702836,40.454534,0],[-3.702699,40.455087,0],[-3.702294,40.456096,0],[-3.702208,40.45631,0],[-3.701478,40.457502,0],[-3.700702,40.458455,0],[-3.700266,40.458835,0],[-3.699226,40.45974,0],[-3.698391,40.460634,0],[-3.699158,40.460964,0],[-3.699563,40.461167,0],[-3.699996,40.461407,0],[-3.700626,40.461754,0],[-3.701941,40.462484,0],[-3.702241,40.462643,0],[-3.702533,40.462798,0],[-3.703123,40.463115,0],[-3.703849,40.463484,0],[-3.704155,40.463638,0]]]},"properties":{"name":"BERRUGUETE","description":"","styleUrl":"#poly-A52714-1200-76","fill-opacity":0.2980392156862745,"fill":"#a52714","stroke-opacity":1,"stroke":"#a52714","stroke-width":1.2,"OBJECTID":"231","CODDIS":"6","NOMDIS":"Tetuán","COD_BAR":"066","NOMBRE":"Berruguete","Shape_Leng":"3421.08587877","COD_DIS_TX":"06","BARRIO_MAY":"BERRUGUETE","COD_DISBAR":"66","NUM_BAR":"6","BARRIO_MT":"BERRUGUETE","COD_DISB":"6-6","Shape_STAr":"607063.386778","Shape_STLe":"3421.08587877","id":"66","shape_name":"Berruguete","s_var_popdensity":"1.96115407013145","s_var_carsxperson":"-1.1723286891715","comp_score":"38.8524304101813","comp_score_n":"38.8524304101813"}},{"type":"Feature","geometry":{"type":"Polygon","coordinates":[[[-3.582518,40.463799,0],[-3.58343,40.464767,0],[-3.584548,40.465334,0],[-3.588413,40.462686,0],[-3.589654,40.462068,0],[-3.59021,40.461824,0],[-3.592582,40.460772,0],[-3.593257,40.460466,0],[-3.594275,40.460105,0],[-3.597476,40.458688,0],[-3.599808,40.457622,0],[-3.600815,40.456868,0],[-3.603542,40.454451,0],[-3.60466,40.453374,0],[-3.605414,40.452776,0],[-3.6054,40.452768,0],[-3.605258,40.452654,0],[-3.605181,40.452589,0],[-3.605079,40.452489,0],[-3.604972,40.452383,0],[-3.604885,40.452291,0],[-3.604776,40.452167,0],[-3.604677,40.452041,0],[-3.604593,40.451926,0],[-3.604531,40.451831,0],[-3.604488,40.451765,0],[-3.605302,40.451237,0],[-3.606233,40.450624,0],[-3.606861,40.450214,0],[-3.606979,40.450143,0],[-3.607026,40.450114,0],[-3.607757,40.44967,0],[-3.606365,40.449653,0],[-3.605845,40.44966,0],[-3.605456,40.449681,0],[-3.604742,40.449742,0],[-3.603392,40.449888,0],[-3.601023,40.450124,0],[-3.599597,40.450168,0],[-3.597093,40.450163,0],[-3.595591,40.450118,0],[-3.59329,40.450049,0],[-3.59325,40.450048,0],[-3.593247,40.450049,0],[-3.592364,40.450188,0],[-3.591844,40.450282,0],[-3.591159,40.450421,0],[-3.590497,40.450632,0],[-3.590002,40.450833,0],[-3.58946,40.451143,0],[-3.589049,40.451417,0],[-3.588719,40.451654,0],[-3.587983,40.452267,0],[-3.584389,40.455317,0],[-3.580181,40.458763,0],[-3.577913,40.460658,0],[-3.578799,40.46128,0],[-3.579531,40.461808,0],[-3.580563,40.462487,0],[-3.580874,40.46228,0],[-3.582518,40.463799,0]]]},"properties":{"name":"ALAMEDA DE OSUNA","description":"","styleUrl":"#poly-BDBDBD-1200-76","fill-opacity":0.2980392156862745,"fill":"#bdbdbd","stroke-opacity":1,"stroke":"#bdbdbd","stroke-width":1.2,"OBJECTID":"232","CODDIS":"21","NOMDIS":"Barajas","COD_BAR":"211","NOMBRE":"Alameda de Osuna","Shape_Leng":"6601.76635639","COD_DIS_TX":"21","BARRIO_MAY":"ALAMEDA DE OSUNA","COD_DISBAR":"211","NUM_BAR":"1","BARRIO_MT":"ALAMEDA DE OSUNA","COD_DISB":"21-1","Shape_STAr":"2031267.27563","Shape_STLe":"6601.76635639","id":"211","shape_name":"Alameda de Osuna","s_var_popdensity":"-0.729243979723181","s_var_carsxperson":"0.988745333559931","comp_score":"-21.3707294798232","comp_score_n":"-21.3707294798232"}},{"type":"Feature","geometry":{"type":"Polygon","coordinates":[[[-3.690027,40.459047,0],[-3.689885,40.460578,0],[-3.68975,40.461987,0],[-3.689589,40.463418,0],[-3.689344,40.466038,0],[-3.690729,40.465592,0],[-3.690808,40.46558,0],[-3.691634,40.465455,0],[-3.692693,40.465293,0],[-3.693155,40.465169,0],[-3.694444,40.464724,0],[-3.695442,40.464379,0],[-3.69552,40.464349,0],[-3.695673,40.46429,0],[-3.6958,40.46421,0],[-3.695908,40.464126,0],[-3.696025,40.463999,0],[-3.696374,40.463618,0],[-3.697037,40.462897,0],[-3.697066,40.462861,0],[-3.69734,40.462559,0],[-3.697625,40.462218,0],[-3.697806,40.461913,0],[-3.698097,40.46128,0],[-3.698391,40.460634,0],[-3.699226,40.45974,0],[-3.700266,40.458835,0],[-3.700702,40.458455,0],[-3.701478,40.457502,0],[-3.698886,40.456911,0],[-3.698042,40.456721,0],[-3.697621,40.456627,0],[-3.697175,40.456525,0],[-3.695935,40.456458,0],[-3.695224,40.456418,0],[-3.694642,40.456386,0],[-3.692287,40.456257,0],[-3.690307,40.456137,0],[-3.690027,40.459047,0]]]},"properties":{"name":"CASTILLEJOS","description":"","styleUrl":"#poly-FFD600-1200-76","fill-opacity":0.2980392156862745,"fill":"#ffd600","stroke-opacity":1,"stroke":"#ffd600","stroke-width":1.2,"OBJECTID":"233","CODDIS":"6","NOMDIS":"Tetuán","COD_BAR":"063","NOMBRE":"Castillejos","Shape_Leng":"3547.92752664","COD_DIS_TX":"06","BARRIO_MAY":"CASTILLEJOS","COD_DISBAR":"63","NUM_BAR":"3","BARRIO_MT":"CASTILLEJOS","COD_DISB":"6-3","Shape_STAr":"704681.26477","Shape_STLe":"3547.92752664","id":"63","shape_name":"Castillejos","s_var_popdensity":"0.878322270490076","s_var_carsxperson":"1.58779823841551","comp_score":"-4.40129405089596","comp_score_n":"-4.40129405089596"}},{"type":"Feature","geometry":{"type":"Polygon","coordinates":[[[-3.800207,40.465485,0],[-3.800537,40.465524,0],[-3.801069,40.465586,0],[-3.801437,40.463804,0],[-3.8012,40.463651,0],[-3.801085,40.463564,0],[-3.800938,40.463451,0],[-3.800823,40.463355,0],[-3.800707,40.463259,0],[-3.800655,40.463209,0],[-3.800432,40.463003,0],[-3.800258,40.462826,0],[-3.800182,40.462741,0],[-3.800147,40.462702,0],[-3.799987,40.462512,0],[-3.799847,40.462326,0],[-3.799648,40.462035,0],[-3.799475,40.461744,0],[-3.799415,40.461623,0],[-3.799386,40.461563,0],[-3.799301,40.461383,0],[-3.799196,40.461115,0],[-3.799139,40.460937,0],[-3.799116,40.460867,0],[-3.799059,40.460662,0],[-3.79901,40.460436,0],[-3.798975,40.460199,0],[-3.798964,40.46007,0],[-3.798954,40.459941,0],[-3.798946,40.459661,0],[-3.798948,40.45961,0],[-3.798953,40.459468,0],[-3.798966,40.459272,0],[-3.798974,40.459215,0],[-3.798975,40.459206,0],[-3.798893,40.459145,0],[-3.795819,40.457913,0],[-3.795296,40.457004,0],[-3.795601,40.456414,0],[-3.794855,40.456077,0],[-3.794413,40.45562,0],[-3.794099,40.45501,0],[-3.793804,40.45478,0],[-3.79306,40.453927,0],[-3.792966,40.453705,0],[-3.79342,40.453308,0],[-3.792914,40.452481,0],[-3.792419,40.451663,0],[-3.791989,40.450692,0],[-3.791388,40.449436,0],[-3.791174,40.448064,0],[-3.790958,40.4475,0],[-3.790957,40.447499,0],[-3.790336,40.44771,0],[-3.790224,40.446615,0],[-3.790224,40.446613,0],[-3.790219,40.44581,0],[-3.788784,40.445767,0],[-3.79009,40.442362,0],[-3.787281,40.443336,0],[-3.784686,40.444357,0],[-3.779484,40.444214,0],[-3.77866,40.443851,0],[-3.777524,40.443686,0],[-3.775804,40.443771,0],[-3.770846,40.444056,0],[-3.770795,40.444522,0],[-3.76692,40.447822,0],[-3.766297,40.448167,0],[-3.765286,40.448589,0],[-3.762748,40.449551,0],[-3.762562,40.449616,0],[-3.762296,40.449705,0],[-3.762098,40.449755,0],[-3.761863,40.44978,0],[-3.761675,40.449769,0],[-3.761488,40.449739,0],[-3.761427,40.44972,0],[-3.757351,40.451247,0],[-3.7573,40.452163,0],[-3.757215,40.452317,0],[-3.7574,40.453284,0],[-3.757754,40.453649,0],[-3.757939,40.453748,0],[-3.757967,40.453782,0],[-3.758213,40.454032,0],[-3.758416,40.454325,0],[-3.759408,40.456044,0],[-3.762485,40.460184,0],[-3.762202,40.46116,0],[-3.762747,40.461226,0],[-3.771794,40.462275,0],[-3.779002,40.463086,0],[-3.787978,40.464096,0],[-3.79166,40.464509,0],[-3.797853,40.465219,0],[-3.798212,40.46526,0],[-3.799064,40.465356,0],[-3.800207,40.465485,0]]]},"properties":{"name":"ARAVACA","description":"","styleUrl":"#poly-BDBDBD-1200-76","fill-opacity":0.2980392156862745,"fill":"#bdbdbd","stroke-opacity":1,"stroke":"#bdbdbd","stroke-width":1.2,"OBJECTID":"234","CODDIS":"9","NOMDIS":"Moncloa - Aravaca","COD_BAR":"097","NOMBRE":"Aravaca","Shape_Leng":"10869.46795468","COD_DIS_TX":"09","BARRIO_MAY":"ARAVACA","COD_DISBAR":"97","NUM_BAR":"7","BARRIO_MT":"ARAVACA","COD_DISB":"9-7","Shape_STAr":"5834041.44124","Shape_STLe":"10869.4679547","id":"97","shape_name":"Aravaca","s_var_popdensity":"-1.14035508139345","s_var_carsxperson":"0.478624506565657","comp_score":"-18.5348493930694","comp_score_n":"-18.5348493930694"}},{"type":"Feature","geometry":{"type":"Polygon","coordinates":[[[-3.662042,40.463374,0],[-3.662487,40.464063,0],[-3.662937,40.465672,0],[-3.66345,40.467478,0],[-3.664507,40.467315,0],[-3.668407,40.466704,0],[-3.668228,40.46636,0],[-3.667721,40.465381,0],[-3.664937,40.46003,0],[-3.664561,40.460192,0],[-3.664235,40.460341,0],[-3.663813,40.460564,0],[-3.66344,40.460816,0],[-3.662876,40.461287,0],[-3.663727,40.46189,0],[-3.662042,40.463374,0]]]},"properties":{"name":"ATALAYA","description":"","styleUrl":"#poly-BDBDBD-1200-76","fill-opacity":0.2980392156862745,"fill":"#bdbdbd","stroke-opacity":1,"stroke":"#bdbdbd","stroke-width":1.2,"OBJECTID":"235","CODDIS":"15","NOMDIS":"Ciudad Lineal","COD_BAR":"158","NOMBRE":"Atalaya","Shape_Leng":"2240.85086308","COD_DIS_TX":"15","BARRIO_MAY":"ATALAYA","COD_DISBAR":"158","NUM_BAR":"8","BARRIO_MT":"ATALAYA","COD_DISB":"15-8","Shape_STAr":"248882.748259","Shape_STLe":"2240.85086308","id":"158","shape_name":"Atalaya","s_var_popdensity":"-0.990902140516862","s_var_carsxperson":"1.26725511466971","comp_score":"-14.9917464025324","comp_score_n":"-14.9917464025324"}},{"type":"Feature","geometry":{"type":"Polygon","coordinates":[[[-3.676275,40.467704,0],[-3.676465,40.467741,0],[-3.676605,40.467746,0],[-3.676959,40.467766,0],[-3.677275,40.467748,0],[-3.678297,40.467518,0],[-3.679032,40.467491,0],[-3.679049,40.467636,0],[-3.679211,40.467635,0],[-3.683016,40.467336,0],[-3.68357,40.467222,0],[-3.683953,40.467144,0],[-3.684502,40.467031,0],[-3.689344,40.466038,0],[-3.689589,40.463418,0],[-3.68975,40.461987,0],[-3.689885,40.460578,0],[-3.690027,40.459047,0],[-3.688067,40.458933,0],[-3.686768,40.45886,0],[-3.685566,40.458796,0],[-3.685169,40.458768,0],[-3.682948,40.458624,0],[-3.682902,40.458623,0],[-3.681959,40.458593,0],[-3.68054,40.458634,0],[-3.677773,40.458655,0],[-3.676814,40.458604,0],[-3.675713,40.45855,0],[-3.671952,40.458458,0],[-3.6717,40.458454,0],[-3.671199,40.458441,0],[-3.670818,40.458465,0],[-3.670283,40.458544,0],[-3.669836,40.458654,0],[-3.668287,40.459074,0],[-3.664937,40.46003,0],[-3.667721,40.465381,0],[-3.668228,40.46636,0],[-3.668407,40.466704,0],[-3.67163,40.466195,0],[-3.674183,40.467155,0],[-3.674771,40.467255,0],[-3.676275,40.467704,0]]]},"properties":{"name":"NUEVA ESPAÑA","description":"","styleUrl":"#poly-BDBDBD-1200-76","fill-opacity":0.2980392156862745,"fill":"#bdbdbd","stroke-opacity":1,"stroke":"#bdbdbd","stroke-width":1.2,"OBJECTID":"236","CODDIS":"5","NOMDIS":"Chamartín","COD_BAR":"055","NOMBRE":"Nueva España","Shape_Leng":"5591.54147102","COD_DIS_TX":"05","BARRIO_MAY":"NUEVA ESPAÑA","COD_DISBAR":"55","NUM_BAR":"5","BARRIO_MT":"NUEVA ESPAÑA","COD_DISB":"5-5","Shape_STAr":"1790094.3563","Shape_STLe":"5591.54147102","id":"55","shape_name":"Nueva España","s_var_popdensity":"-0.40142067034332","s_var_carsxperson":"1.68660065381213","comp_score":"-17.5390345986381","comp_score_n":"-17.5390345986381"}},{"type":"Feature","geometry":{"type":"Polygon","coordinates":[[[-3.63693,40.468875,0],[-3.637956,40.468973,0],[-3.6382,40.468996,0],[-3.638814,40.469002,0],[-3.64185,40.469034,0],[-3.642508,40.469481,0],[-3.644088,40.469061,0],[-3.645779,40.468612,0],[-3.648704,40.467837,0],[-3.650189,40.467444,0],[-3.650574,40.467343,0],[-3.650837,40.46729,0],[-3.651277,40.467231,0],[-3.651798,40.467166,0],[-3.652373,40.467095,0],[-3.652795,40.467056,0],[-3.6541,40.466909,0],[-3.654818,40.466834,0],[-3.655337,40.466741,0],[-3.655746,40.466648,0],[-3.656151,40.466526,0],[-3.656565,40.466385,0],[-3.656999,40.46619,0],[-3.657409,40.465977,0],[-3.657569,40.465889,0],[-3.65782,40.465721,0],[-3.659548,40.464257,0],[-3.659455,40.464126,0],[-3.659327,40.463882,0],[-3.659233,40.463707,0],[-3.659198,40.463576,0],[-3.659173,40.463418,0],[-3.659171,40.463208,0],[-3.660337,40.462186,0],[-3.656284,40.459431,0],[-3.65625,40.459343,0],[-3.655872,40.458902,0],[-3.655454,40.458369,0],[-3.655146,40.45801,0],[-3.654207,40.456918,0],[-3.653908,40.457001,0],[-3.653611,40.457071,0],[-3.653236,40.457106,0],[-3.652509,40.457144,0],[-3.649202,40.457137,0],[-3.647691,40.457112,0],[-3.644495,40.45724,0],[-3.644225,40.457468,0],[-3.644029,40.457634,0],[-3.643775,40.457979,0],[-3.643259,40.458657,0],[-3.64256,40.459473,0],[-3.642096,40.459974,0],[-3.641877,40.460213,0],[-3.641688,40.460405,0],[-3.641482,40.460571,0],[-3.639648,40.461781,0],[-3.639153,40.462124,0],[-3.638903,40.462282,0],[-3.638748,40.462359,0],[-3.638439,40.462464,0],[-3.63814,40.462545,0],[-3.63789,40.462601,0],[-3.63759,40.462652,0],[-3.637269,40.462687,0],[-3.636239,40.462687,0],[-3.635381,40.462691,0],[-3.633266,40.462673,0],[-3.629654,40.462639,0],[-3.624598,40.462577,0],[-3.623424,40.462669,0],[-3.627686,40.468131,0],[-3.627971,40.468482,0],[-3.628645,40.468372,0],[-3.629431,40.468526,0],[-3.630124,40.468635,0],[-3.631212,40.468742,0],[-3.632931,40.46891,0],[-3.632979,40.468823,0],[-3.633052,40.468811,0],[-3.63319,40.468782,0],[-3.633352,40.468729,0],[-3.633568,40.468665,0],[-3.633708,40.468632,0],[-3.633904,40.468601,0],[-3.634106,40.468593,0],[-3.63693,40.468875,0]]]},"properties":{"name":"CANILLAS","description":"","styleUrl":"#poly-757575-1200-76","fill-opacity":0.2980392156862745,"fill":"#757575","stroke-opacity":1,"stroke":"#757575","stroke-width":1.2,"OBJECTID":"237","CODDIS":"16","NOMDIS":"Hortaleza","COD_BAR":"163","NOMBRE":"Canillas","Shape_Leng":"7568.37673333","COD_DIS_TX":"16","BARRIO_MAY":"CANILLAS","COD_DISBAR":"163","NUM_BAR":"3","BARRIO_MT":"CANILLAS","COD_DISB":"16-3","Shape_STAr":"2522508.91498","Shape_STLe":"7568.37673333","id":"163","shape_name":"Canillas","s_var_popdensity":"-0.22788518009949","s_var_carsxperson":"0.634662254192739","comp_score":"-8.77957913539358","comp_score_n":"-8.77957913539358"}},{"type":"Feature","geometry":{"type":"Polygon","coordinates":[[[-3.71454,40.469632,0],[-3.715702,40.469924,0],[-3.717643,40.470412,0],[-3.719699,40.470929,0],[-3.720072,40.471023,0],[-3.720429,40.471111,0],[-3.728001,40.47296,0],[-3.728531,40.472878,0],[-3.728473,40.472362,0],[-3.727484,40.471252,0],[-3.727427,40.471177,0],[-3.727182,40.470853,0],[-3.727132,40.470829,0],[-3.727056,40.470772,0],[-3.726711,40.470376,0],[-3.72611,40.469685,0],[-3.725937,40.469437,0],[-3.725898,40.469381,0],[-3.725717,40.469179,0],[-3.725092,40.468481,0],[-3.724859,40.468253,0],[-3.724826,40.468221,0],[-3.724702,40.468101,0],[-3.724423,40.467833,0],[-3.72439,40.467784,0],[-3.724365,40.467717,0],[-3.724335,40.467592,0],[-3.724332,40.467577,0],[-3.72432,40.467531,0],[-3.72418,40.466995,0],[-3.723941,40.466074,0],[-3.723866,40.465837,0],[-3.723798,40.465428,0],[-3.723704,40.464471,0],[-3.722482,40.464095,0],[-3.722182,40.464012,0],[-3.721833,40.463947,0],[-3.721559,40.463921,0],[-3.721372,40.463865,0],[-3.721247,40.463799,0],[-3.721159,40.463752,0],[-3.721084,40.463686,0],[-3.721032,40.463572,0],[-3.720981,40.463449,0],[-3.720956,40.463401,0],[-3.720893,40.463345,0],[-3.720717,40.463203,0],[-3.720517,40.463081,0],[-3.720329,40.462977,0],[-3.719881,40.462747,0],[-3.719823,40.462663,0],[-3.719676,40.462471,0],[-3.719631,40.46241,0],[-3.719504,40.462288,0],[-3.719467,40.462224,0],[-3.719315,40.461962,0],[-3.718956,40.461344,0],[-3.718962,40.461253,0],[-3.718964,40.461219,0],[-3.719058,40.461034,0],[-3.719277,40.46082,0],[-3.719515,40.460635,0],[-3.719629,40.460443,0],[-3.719647,40.460333,0],[-3.719645,40.46012,0],[-3.719639,40.460092,0],[-3.719614,40.459973,0],[-3.719558,40.459877,0],[-3.719546,40.459856,0],[-3.71954,40.459851,0],[-3.719439,40.459761,0],[-3.719243,40.459701,0],[-3.716771,40.458944,0],[-3.715888,40.458673,0],[-3.713106,40.457797,0],[-3.711502,40.457494,0],[-3.710514,40.459018,0],[-3.709817,40.460087,0],[-3.709032,40.461291,0],[-3.708603,40.462058,0],[-3.708539,40.462172,0],[-3.70852,40.462217,0],[-3.708484,40.462301,0],[-3.708474,40.462407,0],[-3.708491,40.462505,0],[-3.708511,40.462559,0],[-3.708523,40.462591,0],[-3.709107,40.463486,0],[-3.709269,40.464038,0],[-3.709345,40.464157,0],[-3.709422,40.46428,0],[-3.709801,40.464827,0],[-3.710922,40.466004,0],[-3.711013,40.466067,0],[-3.711171,40.46614,0],[-3.711389,40.466265,0],[-3.712772,40.468013,0],[-3.713278,40.468514,0],[-3.713368,40.468603,0],[-3.71352,40.468762,0],[-3.713646,40.468893,0],[-3.713791,40.469044,0],[-3.714035,40.469321,0],[-3.71421,40.469479,0],[-3.71454,40.469632,0]]]},"properties":{"name":"VALDEZARZA","description":"","styleUrl":"#poly-E65100-1200-76","fill-opacity":0.2980392156862745,"fill":"#e65100","stroke-opacity":1,"stroke":"#e65100","stroke-width":1.2,"OBJECTID":"239","CODDIS":"9","NOMDIS":"Moncloa - Aravaca","COD_BAR":"094","NOMBRE":"Valdezarza","Shape_Leng":"5347.7821719","COD_DIS_TX":"09","BARRIO_MAY":"VALDEZARZA","COD_DISBAR":"94","NUM_BAR":"4","BARRIO_MT":"VALDEZARZA","COD_DISB":"9-4","Shape_STAr":"1397455.73339","Shape_STLe":"5347.78217191","id":"94","shape_name":"Valdezarza","s_var_popdensity":"0.270187416883773","s_var_carsxperson":"-0.133116377436368","comp_score":"3.1215022092084","comp_score_n":"3.1215022092084"}},{"type":"Feature","geometry":{"type":"Polygon","coordinates":[[[-3.694444,40.464724,0],[-3.695397,40.46537,0],[-3.6956,40.465495,0],[-3.69566,40.465547,0],[-3.695664,40.465551,0],[-3.695976,40.465926,0],[-3.696392,40.466439,0],[-3.697311,40.467371,0],[-3.697702,40.467772,0],[-3.697726,40.467797,0],[-3.698131,40.468104,0],[-3.698213,40.468166,0],[-3.698577,40.468426,0],[-3.699238,40.469279,0],[-3.699587,40.469729,0],[-3.700155,40.470039,0],[-3.702142,40.471122,0],[-3.702091,40.473772,0],[-3.703186,40.472748,0],[-3.703192,40.472742,0],[-3.703436,40.472513,0],[-3.703471,40.472484,0],[-3.703748,40.472252,0],[-3.703993,40.472105,0],[-3.704386,40.471947,0],[-3.70461,40.471888,0],[-3.704662,40.471875,0],[-3.704878,40.47184,0],[-3.705213,40.471808,0],[-3.707324,40.471607,0],[-3.707426,40.471598,0],[-3.708546,40.471499,0],[-3.710712,40.471307,0],[-3.711131,40.471216,0],[-3.711392,40.471136,0],[-3.711624,40.471035,0],[-3.711664,40.471018,0],[-3.711949,40.470839,0],[-3.712087,40.470726,0],[-3.712172,40.470657,0],[-3.71237,40.470428,0],[-3.712423,40.47035,0],[-3.712508,40.470222,0],[-3.712603,40.470012,0],[-3.712639,40.469891,0],[-3.712677,40.469739,0],[-3.712703,40.469635,0],[-3.71272,40.469568,0],[-3.712721,40.469565,0],[-3.712744,40.469472,0],[-3.71279,40.46937,0],[-3.712809,40.469328,0],[-3.712874,40.469164,0],[-3.712958,40.468987,0],[-3.713037,40.468871,0],[-3.71306,40.468838,0],[-3.713168,40.468665,0],[-3.713209,40.468608,0],[-3.713278,40.468514,0],[-3.712772,40.468013,0],[-3.711389,40.466265,0],[-3.711171,40.46614,0],[-3.711013,40.466067,0],[-3.710922,40.466004,0],[-3.709801,40.464827,0],[-3.709422,40.46428,0],[-3.709345,40.464157,0],[-3.709269,40.464038,0],[-3.709107,40.463486,0],[-3.708523,40.462591,0],[-3.708511,40.462559,0],[-3.708491,40.462505,0],[-3.708474,40.462407,0],[-3.708484,40.462301,0],[-3.70852,40.462217,0],[-3.708539,40.462172,0],[-3.708603,40.462058,0],[-3.708449,40.462031,0],[-3.70781,40.462753,0],[-3.707125,40.463526,0],[-3.706979,40.463587,0],[-3.706836,40.463633,0],[-3.706684,40.463668,0],[-3.706525,40.463687,0],[-3.706345,40.463679,0],[-3.706205,40.463649,0],[-3.70604,40.463611,0],[-3.705932,40.463596,0],[-3.705841,40.463594,0],[-3.705733,40.463597,0],[-3.705657,40.463622,0],[-3.705594,40.463674,0],[-3.705538,40.463736,0],[-3.705475,40.463806,0],[-3.705392,40.46393,0],[-3.705372,40.464018,0],[-3.704719,40.463822,0],[-3.704627,40.4638,0],[-3.704509,40.463771,0],[-3.704286,40.463695,0],[-3.704168,40.463644,0],[-3.704155,40.463638,0],[-3.703849,40.463484,0],[-3.703123,40.463115,0],[-3.702533,40.462798,0],[-3.702241,40.462643,0],[-3.701941,40.462484,0],[-3.700626,40.461754,0],[-3.699996,40.461407,0],[-3.699563,40.461167,0],[-3.699158,40.460964,0],[-3.698391,40.460634,0],[-3.698097,40.46128,0],[-3.697806,40.461913,0],[-3.697625,40.462218,0],[-3.69734,40.462559,0],[-3.697066,40.462861,0],[-3.697037,40.462897,0],[-3.696374,40.463618,0],[-3.696025,40.463999,0],[-3.695908,40.464126,0],[-3.6958,40.46421,0],[-3.695673,40.46429,0],[-3.69552,40.464349,0],[-3.695442,40.464379,0],[-3.694444,40.464724,0]]]},"properties":{"name":"VALDEACEDERAS","description":"","styleUrl":"#poly-E65100-1200-76","fill-opacity":0.2980392156862745,"fill":"#e65100","stroke-opacity":1,"stroke":"#e65100","stroke-width":1.2,"OBJECTID":"240","CODDIS":"6","NOMDIS":"Tetuán","COD_BAR":"065","NOMBRE":"Valdeacederas","Shape_Leng":"5027.59763808","COD_DIS_TX":"06","BARRIO_MAY":"VALDEACEDERAS","COD_DISBAR":"65","NUM_BAR":"5","BARRIO_MT":"VALDEACEDERAS","COD_DISB":"6-5","Shape_STAr":"1163408.91308","Shape_STLe":"5027.59763808","id":"65","shape_name":"Valdeacederas","s_var_popdensity":"0.354830598897504","s_var_carsxperson":"-0.87365747643895","comp_score":"13.9557880634104","comp_score_n":"13.9557880634104"}},{"type":"Feature","geometry":{"type":"Polygon","coordinates":[[[-3.697636,40.474539,0],[-3.697815,40.474542,0],[-3.697879,40.474548,0],[-3.698,40.474561,0],[-3.698168,40.474593,0],[-3.698369,40.47465,0],[-3.698505,40.474695,0],[-3.698718,40.474785,0],[-3.698881,40.47485,0],[-3.698989,40.474886,0],[-3.699039,40.474903,0],[-3.699229,40.474935,0],[-3.699441,40.474966,0],[-3.699545,40.47497,0],[-3.699546,40.474971,0],[-3.699717,40.474977,0],[-3.699994,40.474975,0],[-3.700286,40.474941,0],[-3.700513,40.474885,0],[-3.700677,40.47483,0],[-3.700724,40.474814,0],[-3.700913,40.474734,0],[-3.701069,40.474636,0],[-3.70116,40.474579,0],[-3.701256,40.47451,0],[-3.701343,40.474446,0],[-3.701396,40.4744,0],[-3.701483,40.474325,0],[-3.701633,40.474187,0],[-3.701821,40.474018,0],[-3.701821,40.474017,0],[-3.702091,40.473772,0],[-3.702142,40.471122,0],[-3.700155,40.470039,0],[-3.699587,40.469729,0],[-3.699238,40.469279,0],[-3.698577,40.468426,0],[-3.698213,40.468166,0],[-3.698131,40.468104,0],[-3.697726,40.467797,0],[-3.697702,40.467772,0],[-3.697311,40.467371,0],[-3.696392,40.466439,0],[-3.695976,40.465926,0],[-3.695664,40.465551,0],[-3.69566,40.465547,0],[-3.6956,40.465495,0],[-3.695397,40.46537,0],[-3.694444,40.464724,0],[-3.693155,40.465169,0],[-3.692693,40.465293,0],[-3.691634,40.465455,0],[-3.690808,40.46558,0],[-3.690729,40.465592,0],[-3.689344,40.466038,0],[-3.689066,40.46714,0],[-3.68855,40.469028,0],[-3.688309,40.469913,0],[-3.687948,40.471243,0],[-3.687546,40.472659,0],[-3.687122,40.474152,0],[-3.688863,40.474429,0],[-3.688954,40.474503,0],[-3.689081,40.47461,0],[-3.68923,40.47469,0],[-3.689441,40.474694,0],[-3.689792,40.474643,0],[-3.690234,40.47456,0],[-3.690718,40.474477,0],[-3.690992,40.474448,0],[-3.691273,40.474473,0],[-3.691527,40.474531,0],[-3.691767,40.474594,0],[-3.692028,40.474662,0],[-3.692338,40.474719,0],[-3.692591,40.474729,0],[-3.692844,40.474722,0],[-3.693153,40.474672,0],[-3.693476,40.47461,0],[-3.693742,40.474566,0],[-3.69403,40.474543,0],[-3.694354,40.474557,0],[-3.694684,40.474582,0],[-3.695037,40.474639,0],[-3.695375,40.474717,0],[-3.695706,40.474774,0],[-3.696001,40.474789,0],[-3.696198,40.474777,0],[-3.696381,40.474745,0],[-3.696538,40.474702,0],[-3.6967,40.474656,0],[-3.696851,40.474614,0],[-3.69704,40.474571,0],[-3.697257,40.474541,0],[-3.697495,40.474535,0],[-3.697636,40.474539,0]]]},"properties":{"name":"ALMENARA","description":"","styleUrl":"#poly-757575-1200-76","fill-opacity":0.2980392156862745,"fill":"#757575","stroke-opacity":1,"stroke":"#757575","stroke-width":1.2,"OBJECTID":"241","CODDIS":"6","NOMDIS":"Tetuán","COD_BAR":"064","NOMBRE":"Almenara","Shape_Leng":"4011.78365095","COD_DIS_TX":"06","BARRIO_MAY":"ALMENARA","COD_DISBAR":"64","NUM_BAR":"4","BARRIO_MT":"ALMENARA","COD_DISB":"6-4","Shape_STAr":"999367.231008","Shape_STLe":"4011.78365096","id":"64","shape_name":"Almenara","s_var_popdensity":"0.373871470604131","s_var_carsxperson":"-0.60367058680777","comp_score":"-7.39922381092179","comp_score_n":"-7.39922381092179"}},{"type":"Feature","geometry":{"type":"Polygon","coordinates":[[[-3.765868,40.473928,0],[-3.765916,40.473939,0],[-3.766431,40.47406,0],[-3.766451,40.474075,0],[-3.76646,40.474078,0],[-3.766473,40.474083,0],[-3.766864,40.474117,0],[-3.76762,40.474187,0],[-3.768094,40.474231,0],[-3.768109,40.474233,0],[-3.768328,40.474255,0],[-3.768555,40.474278,0],[-3.768738,40.474288,0],[-3.768918,40.474306,0],[-3.769051,40.474319,0],[-3.769345,40.474333,0],[-3.769447,40.474346,0],[-3.769583,40.474365,0],[-3.770329,40.474428,0],[-3.770855,40.474478,0],[-3.771062,40.474497,0],[-3.771468,40.474508,0],[-3.771551,40.47451,0],[-3.771712,40.474513,0],[-3.772026,40.474516,0],[-3.772248,40.474519,0],[-3.772351,40.474519,0],[-3.772472,40.474518,0],[-3.772746,40.474523,0],[-3.775685,40.474568,0],[-3.776735,40.474584,0],[-3.77679,40.474584,0],[-3.776869,40.474585,0],[-3.776997,40.474585,0],[-3.777339,40.474586,0],[-3.777747,40.474591,0],[-3.777882,40.474593,0],[-3.778129,40.474595,0],[-3.778217,40.474596,0],[-3.7784,40.474597,0],[-3.778737,40.4746,0],[-3.778842,40.474601,0],[-3.778955,40.474602,0],[-3.779118,40.474603,0],[-3.779904,40.474614,0],[-3.780263,40.474621,0],[-3.780967,40.474634,0],[-3.781944,40.474312,0],[-3.782677,40.474023,0],[-3.782865,40.47395,0],[-3.783228,40.473808,0],[-3.784009,40.473613,0],[-3.785481,40.473246,0],[-3.786042,40.47311,0],[-3.786753,40.472912,0],[-3.787246,40.472778,0],[-3.787457,40.472716,0],[-3.78747,40.472712,0],[-3.787546,40.472691,0],[-3.787663,40.472659,0],[-3.788113,40.472529,0],[-3.788249,40.472489,0],[-3.788499,40.472414,0],[-3.788819,40.472314,0],[-3.789299,40.472158,0],[-3.789906,40.471961,0],[-3.790942,40.471565,0],[-3.790997,40.471539,0],[-3.791006,40.471534,0],[-3.79108,40.471491,0],[-3.7915,40.471245,0],[-3.791716,40.471122,0],[-3.791899,40.471019,0],[-3.792128,40.470915,0],[-3.792173,40.470895,0],[-3.792188,40.470887,0],[-3.792265,40.470849,0],[-3.792301,40.470835,0],[-3.792343,40.470818,0],[-3.792401,40.4708,0],[-3.792443,40.470787,0],[-3.7925,40.47077,0],[-3.793323,40.470504,0],[-3.793379,40.470484,0],[-3.793394,40.470479,0],[-3.794359,40.470164,0],[-3.794457,40.470135,0],[-3.794592,40.470096,0],[-3.795001,40.469998,0],[-3.795147,40.469964,0],[-3.795273,40.469935,0],[-3.795429,40.469898,0],[-3.795507,40.469878,0],[-3.795524,40.469873,0],[-3.795626,40.469854,0],[-3.795635,40.469852,0],[-3.7961,40.469765,0],[-3.796261,40.469731,0],[-3.796814,40.469629,0],[-3.797645,40.469476,0],[-3.798338,40.469437,0],[-3.798888,40.469405,0],[-3.79916,40.469389,0],[-3.799234,40.469384,0],[-3.799364,40.469377,0],[-3.799386,40.469375,0],[-3.799407,40.469372,0],[-3.800004,40.469259,0],[-3.800137,40.469215,0],[-3.800179,40.469202,0],[-3.800206,40.469137,0],[-3.800363,40.469094,0],[-3.801093,40.468893,0],[-3.801447,40.46878,0],[-3.801504,40.468762,0],[-3.801719,40.468696,0],[-3.801818,40.468648,0],[-3.801938,40.46859,0],[-3.802082,40.468516,0],[-3.801228,40.467694,0],[-3.800974,40.46745,0],[-3.800405,40.466893,0],[-3.800241,40.466737,0],[-3.800099,40.466602,0],[-3.800066,40.466548,0],[-3.80002,40.466475,0],[-3.800024,40.466411,0],[-3.800028,40.46635,0],[-3.80009,40.466053,0],[-3.800207,40.465485,0],[-3.799064,40.465356,0],[-3.798212,40.46526,0],[-3.797853,40.465219,0],[-3.79166,40.464509,0],[-3.787978,40.464096,0],[-3.779002,40.463086,0],[-3.771794,40.462275,0],[-3.762747,40.461226,0],[-3.762684,40.461421,0],[-3.762028,40.463465,0],[-3.762576,40.465094,0],[-3.763135,40.466756,0],[-3.763941,40.46903,0],[-3.764603,40.470785,0],[-3.764771,40.471195,0],[-3.765868,40.473928,0]]]},"properties":{"name":"VALDEMARÍN","description":"","styleUrl":"#poly-757575-1200-76","fill-opacity":0.2980392156862745,"fill":"#757575","stroke-opacity":1,"stroke":"#757575","stroke-width":1.2,"OBJECTID":"242","CODDIS":"9","NOMDIS":"Moncloa - Aravaca","COD_BAR":"095","NOMBRE":"Valdemarín","Shape_Leng":"8289.75749118","COD_DIS_TX":"09","BARRIO_MAY":"VALDEMARIN","COD_DISBAR":"95","NUM_BAR":"5","BARRIO_MT":"VALDEMARÍN","COD_DISB":"9-5","Shape_STAr":"3302462.34272","Shape_STLe":"8289.75749118","id":"95","shape_name":"Valdemarín","s_var_popdensity":"-1.34954331990467","s_var_carsxperson":"0.183182332893742","comp_score":"-14.555279764617","comp_score_n":"-14.555279764617"}},{"type":"Feature","geometry":{"type":"Polygon","coordinates":[[[-3.574636,40.471649,0],[-3.574381,40.472815,0],[-3.57427,40.473359,0],[-3.574238,40.473565,0],[-3.574225,40.473772,0],[-3.574227,40.473958,0],[-3.574247,40.474161,0],[-3.57431,40.474458,0],[-3.57438,40.474657,0],[-3.574476,40.474862,0],[-3.574593,40.475062,0],[-3.574699,40.475227,0],[-3.575037,40.475631,0],[-3.576177,40.476712,0],[-3.577833,40.478204,0],[-3.578312,40.478579,0],[-3.578497,40.478711,0],[-3.578744,40.47887,0],[-3.579127,40.47909,0],[-3.579461,40.479244,0],[-3.579794,40.479375,0],[-3.580128,40.479489,0],[-3.580544,40.479595,0],[-3.580555,40.479194,0],[-3.580868,40.478837,0],[-3.581385,40.478536,0],[-3.581896,40.47708,0],[-3.582029,40.476734,0],[-3.582084,40.476591,0],[-3.582108,40.476506,0],[-3.582217,40.476125,0],[-3.582241,40.476041,0],[-3.582268,40.475913,0],[-3.582353,40.475514,0],[-3.582361,40.47524,0],[-3.582363,40.475099,0],[-3.582366,40.474958,0],[-3.582366,40.474953,0],[-3.582365,40.474951,0],[-3.582365,40.474944,0],[-3.582346,40.474788,0],[-3.582298,40.474376,0],[-3.582142,40.473708,0],[-3.582131,40.473657,0],[-3.582062,40.473366,0],[-3.581857,40.472502,0],[-3.581504,40.47065,0],[-3.581461,40.469664,0],[-3.58142,40.469494,0],[-3.581395,40.469267,0],[-3.581568,40.468794,0],[-3.582251,40.46769,0],[-3.58155,40.467452,0],[-3.581184,40.467561,0],[-3.580932,40.467653,0],[-3.580663,40.46777,0],[-3.580453,40.467919,0],[-3.580311,40.468075,0],[-3.579272,40.469871,0],[-3.578047,40.470612,0],[-3.576836,40.471604,0],[-3.576372,40.471413,0],[-3.576137,40.471335,0],[-3.576019,40.471323,0],[-3.575832,40.471347,0],[-3.575553,40.471391,0],[-3.575285,40.471468,0],[-3.574636,40.471649,0]]]},"properties":{"name":"CASCO HISTÓRICO DE BARAJAS","description":"","styleUrl":"#poly-757575-1200-76","fill-opacity":0.2980392156862745,"fill":"#757575","stroke-opacity":1,"stroke":"#757575","stroke-width":1.2,"OBJECTID":"243","CODDIS":"21","NOMDIS":"Barajas","COD_BAR":"213","NOMBRE":"Casco Histórico de Barajas","Shape_Leng":"3388.64757052","COD_DIS_TX":"21","BARRIO_MAY":"CASCO HISTORICO DE BARAJAS","COD_DISBAR":"213","NUM_BAR":"3","BARRIO_MT":"CASCO HISTÓRICO DE BARAJAS","COD_DISB":"21-3","Shape_STAr":"549393.831216","Shape_STLe":"3388.64757052","id":"213","shape_name":"Casco Histórico de Barajas","s_var_popdensity":"-0.420148760022616","s_var_carsxperson":"0.192553711088635","comp_score":"-8.0139264709134","comp_score_n":"-8.0139264709134"}},{"type":"Feature","geometry":{"type":"Polygon","coordinates":[[[-3.751512,40.478419,0],[-3.75151,40.478459,0],[-3.753559,40.47824,0],[-3.753554,40.47821,0],[-3.753541,40.478146,0],[-3.754085,40.478099,0],[-3.754369,40.478069,0],[-3.754449,40.478061,0],[-3.754499,40.478188,0],[-3.754488,40.47831,0],[-3.754487,40.478323,0],[-3.754485,40.47852,0],[-3.754414,40.478657,0],[-3.75434,40.478857,0],[-3.754328,40.478908,0],[-3.754286,40.479092,0],[-3.754249,40.479258,0],[-3.754245,40.479377,0],[-3.754259,40.479382,0],[-3.754312,40.479403,0],[-3.754348,40.479408,0],[-3.754365,40.479411,0],[-3.754391,40.479415,0],[-3.754417,40.479419,0],[-3.754447,40.479429,0],[-3.754466,40.479435,0],[-3.754471,40.47944,0],[-3.754486,40.479455,0],[-3.754507,40.479464,0],[-3.754531,40.479474,0],[-3.754591,40.479493,0],[-3.754633,40.479506,0],[-3.754801,40.47955,0],[-3.75489,40.479594,0],[-3.754948,40.479619,0],[-3.755048,40.479662,0],[-3.755081,40.479671,0],[-3.755117,40.479681,0],[-3.755169,40.479687,0],[-3.755314,40.479675,0],[-3.755354,40.479675,0],[-3.755411,40.479692,0],[-3.755471,40.479711,0],[-3.75549,40.479714,0],[-3.755519,40.479718,0],[-3.755529,40.479718,0],[-3.755549,40.479718,0],[-3.75559,40.479719,0],[-3.7556,40.479719,0],[-3.755614,40.479717,0],[-3.755668,40.479711,0],[-3.755764,40.479697,0],[-3.755777,40.479695,0],[-3.755833,40.479684,0],[-3.755854,40.479674,0],[-3.755878,40.479662,0],[-3.755908,40.47963,0],[-3.755912,40.479601,0],[-3.755911,40.479524,0],[-3.75591,40.47951,0],[-3.755966,40.47947,0],[-3.756043,40.479449,0],[-3.756055,40.479446,0],[-3.756104,40.479448,0],[-3.756134,40.479449,0],[-3.756196,40.479467,0],[-3.756228,40.47948,0],[-3.756241,40.479485,0],[-3.756374,40.479597,0],[-3.756512,40.479715,0],[-3.756564,40.479727,0],[-3.756659,40.479727,0],[-3.75675,40.479715,0],[-3.756769,40.479712,0],[-3.756839,40.479715,0],[-3.756871,40.479717,0],[-3.756943,40.479718,0],[-3.757034,40.479734,0],[-3.757055,40.479751,0],[-3.757059,40.479754,0],[-3.757083,40.479761,0],[-3.75712,40.479771,0],[-3.757138,40.479774,0],[-3.757185,40.479781,0],[-3.757344,40.479765,0],[-3.757349,40.479765,0],[-3.757421,40.479748,0],[-3.757575,40.479712,0],[-3.757453,40.479306,0],[-3.757473,40.479131,0],[-3.7575,40.479036,0],[-3.757511,40.478999,0],[-3.757597,40.478861,0],[-3.757697,40.478701,0],[-3.757734,40.478618,0],[-3.757763,40.478552,0],[-3.757766,40.478536,0],[-3.757802,40.478368,0],[-3.758155,40.474651,0],[-3.758185,40.474558,0],[-3.758204,40.474503,0],[-3.758258,40.474406,0],[-3.758275,40.474376,0],[-3.758304,40.474341,0],[-3.758367,40.474268,0],[-3.758399,40.474244,0],[-3.758456,40.474202,0],[-3.758562,40.474149,0],[-3.758572,40.474144,0],[-3.758692,40.474103,0],[-3.758851,40.474084,0],[-3.758986,40.474082,0],[-3.759174,40.474103,0],[-3.759189,40.474105,0],[-3.759104,40.474066,0],[-3.758595,40.473834,0],[-3.758452,40.47375,0],[-3.758372,40.47367,0],[-3.758291,40.473534,0],[-3.758262,40.473353,0],[-3.758288,40.472569,0],[-3.758391,40.47256,0],[-3.758425,40.472556,0],[-3.758613,40.472566,0],[-3.758714,40.47261,0],[-3.758773,40.472627,0],[-3.7588,40.472635,0],[-3.75886,40.472634,0],[-3.758895,40.472634,0],[-3.75901,40.472609,0],[-3.759046,40.472598,0],[-3.759099,40.472583,0],[-3.759175,40.472553,0],[-3.75923,40.472531,0],[-3.759332,40.472483,0],[-3.759434,40.472473,0],[-3.759474,40.472457,0],[-3.759499,40.472447,0],[-3.759505,40.472442,0],[-3.759601,40.472365,0],[-3.759663,40.472337,0],[-3.759728,40.472307,0],[-3.759838,40.472287,0],[-3.759871,40.472281,0],[-3.759903,40.47228,0],[-3.759962,40.472276,0],[-3.760096,40.472298,0],[-3.760211,40.472304,0],[-3.760241,40.472305,0],[-3.760251,40.472307,0],[-3.76039,40.472328,0],[-3.760481,40.472329,0],[-3.760808,40.472313,0],[-3.761065,40.472309,0],[-3.761561,40.472301,0],[-3.761972,40.472294,0],[-3.762269,40.472288,0],[-3.762411,40.472289,0],[-3.762513,40.472305,0],[-3.76259,40.472318,0],[-3.762773,40.472359,0],[-3.763031,40.472416,0],[-3.763135,40.472422,0],[-3.763211,40.472427,0],[-3.763363,40.472424,0],[-3.763414,40.472423,0],[-3.763476,40.472438,0],[-3.763595,40.472517,0],[-3.76355,40.473391,0],[-3.763633,40.473402,0],[-3.765868,40.473928,0],[-3.764771,40.471195,0],[-3.764603,40.470785,0],[-3.763941,40.46903,0],[-3.763135,40.466756,0],[-3.762576,40.465094,0],[-3.762028,40.463465,0],[-3.762684,40.461421,0],[-3.762747,40.461226,0],[-3.762202,40.46116,0],[-3.762485,40.460184,0],[-3.759408,40.456044,0],[-3.758416,40.454325,0],[-3.758213,40.454032,0],[-3.757967,40.453782,0],[-3.757939,40.453748,0],[-3.757754,40.453649,0],[-3.7574,40.453284,0],[-3.757215,40.452317,0],[-3.7573,40.452163,0],[-3.757351,40.451247,0],[-3.761427,40.44972,0],[-3.761488,40.449739,0],[-3.761675,40.449769,0],[-3.761863,40.44978,0],[-3.762098,40.449755,0],[-3.762296,40.449705,0],[-3.762562,40.449616,0],[-3.762748,40.449551,0],[-3.762624,40.449439,0],[-3.762382,40.449254,0],[-3.762061,40.449076,0],[-3.761398,40.448756,0],[-3.759189,40.447768,0],[-3.757691,40.447107,0],[-3.756157,40.446411,0],[-3.754787,40.445799,0],[-3.753453,40.445207,0],[-3.750658,40.443951,0],[-3.749683,40.443516,0],[-3.749098,40.443221,0],[-3.748682,40.442961,0],[-3.745802,40.440837,0],[-3.743563,40.439155,0],[-3.742867,40.438633,0],[-3.742339,40.438236,0],[-3.741772,40.437753,0],[-3.741299,40.437238,0],[-3.740425,40.43613,0],[-3.740142,40.435806,0],[-3.739845,40.435468,0],[-3.739484,40.435156,0],[-3.738919,40.434802,0],[-3.738309,40.43455,0],[-3.737675,40.434419,0],[-3.73716,40.434361,0],[-3.735977,40.434284,0],[-3.735353,40.434248,0],[-3.734552,40.434209,0],[-3.734233,40.434208,0],[-3.733954,40.434243,0],[-3.733365,40.43437,0],[-3.730971,40.434993,0],[-3.727997,40.4357,0],[-3.726409,40.436084,0],[-3.725058,40.436651,0],[-3.723155,40.43743,0],[-3.7217,40.436671,0],[-3.71984,40.43574,0],[-3.718271,40.435542,0],[-3.718123,40.436371,0],[-3.718075,40.436639,0],[-3.717634,40.439233,0],[-3.717608,40.439431,0],[-3.7176,40.439499,0],[-3.717596,40.439637,0],[-3.717617,40.439856,0],[-3.71764,40.439937,0],[-3.717652,40.439979,0],[-3.717883,40.44043,0],[-3.718158,40.440968,0],[-3.719165,40.44285,0],[-3.719589,40.443465,0],[-3.719789,40.443756,0],[-3.719926,40.444943,0],[-3.719921,40.444993,0],[-3.719916,40.445034,0],[-3.719886,40.445094,0],[-3.719855,40.445141,0],[-3.719781,40.44521,0],[-3.719583,40.445395,0],[-3.718988,40.44594,0],[-3.718191,40.446669,0],[-3.718,40.446696,0],[-3.717668,40.446727,0],[-3.717437,40.446714,0],[-3.71727,40.44668,0],[-3.717122,40.446631,0],[-3.71571,40.446094,0],[-3.71552,40.446019,0],[-3.714751,40.445772,0],[-3.712289,40.446396,0],[-3.710446,40.446863,0],[-3.709209,40.447134,0],[-3.708307,40.447091,0],[-3.70889,40.447959,0],[-3.70897,40.448086,0],[-3.70987,40.449518,0],[-3.710187,40.450021,0],[-3.71029,40.45007,0],[-3.710338,40.450093,0],[-3.710989,40.451121,0],[-3.71173,40.45229,0],[-3.711942,40.452396,0],[-3.713272,40.453039,0],[-3.712678,40.453917,0],[-3.712788,40.454178,0],[-3.7129,40.454386,0],[-3.713022,40.454613,0],[-3.713126,40.454896,0],[-3.712867,40.455466,0],[-3.712196,40.456463,0],[-3.711502,40.457494,0],[-3.713106,40.457797,0],[-3.715888,40.458673,0],[-3.716771,40.458944,0],[-3.719243,40.459701,0],[-3.719439,40.459761,0],[-3.71954,40.459851,0],[-3.719546,40.459856,0],[-3.719558,40.459877,0],[-3.719614,40.459973,0],[-3.719639,40.460092,0],[-3.719645,40.46012,0],[-3.719647,40.460333,0],[-3.719629,40.460443,0],[-3.719515,40.460635,0],[-3.719277,40.46082,0],[-3.719058,40.461034,0],[-3.718964,40.461219,0],[-3.718962,40.461253,0],[-3.718956,40.461344,0],[-3.719315,40.461962,0],[-3.719467,40.462224,0],[-3.719504,40.462288,0],[-3.719631,40.46241,0],[-3.719676,40.462471,0],[-3.719823,40.462663,0],[-3.719881,40.462747,0],[-3.720329,40.462977,0],[-3.720517,40.463081,0],[-3.720717,40.463203,0],[-3.720893,40.463345,0],[-3.720956,40.463401,0],[-3.720981,40.463449,0],[-3.721032,40.463572,0],[-3.721084,40.463686,0],[-3.721159,40.463752,0],[-3.721247,40.463799,0],[-3.721372,40.463865,0],[-3.721559,40.463921,0],[-3.721833,40.463947,0],[-3.722182,40.464012,0],[-3.722482,40.464095,0],[-3.723704,40.464471,0],[-3.723798,40.465428,0],[-3.723866,40.465837,0],[-3.723941,40.466074,0],[-3.72418,40.466995,0],[-3.72432,40.467531,0],[-3.724332,40.467577,0],[-3.724335,40.467592,0],[-3.724365,40.467717,0],[-3.72439,40.467784,0],[-3.724423,40.467833,0],[-3.724702,40.468101,0],[-3.724826,40.468221,0],[-3.724859,40.468253,0],[-3.725092,40.468481,0],[-3.725717,40.469179,0],[-3.725898,40.469381,0],[-3.725937,40.469437,0],[-3.72611,40.469685,0],[-3.726711,40.470376,0],[-3.727056,40.470772,0],[-3.727132,40.470829,0],[-3.727182,40.470853,0],[-3.727427,40.471177,0],[-3.727484,40.471252,0],[-3.728473,40.472362,0],[-3.728531,40.472878,0],[-3.729249,40.472779,0],[-3.729587,40.472732,0],[-3.730387,40.472659,0],[-3.731388,40.47263,0],[-3.731932,40.472645,0],[-3.732233,40.472653,0],[-3.732418,40.472658,0],[-3.733207,40.472706,0],[-3.733416,40.472729,0],[-3.733563,40.472745,0],[-3.733944,40.472792,0],[-3.734366,40.472858,0],[-3.734632,40.4729,0],[-3.734896,40.472954,0],[-3.735667,40.47311,0],[-3.735953,40.473177,0],[-3.737561,40.473557,0],[-3.739373,40.47398,0],[-3.740286,40.474194,0],[-3.740833,40.474302,0],[-3.741304,40.474358,0],[-3.741417,40.474364,0],[-3.741471,40.474367,0],[-3.742258,40.474407,0],[-3.743227,40.474427,0],[-3.743646,40.474435,0],[-3.744687,40.474452,0],[-3.745702,40.474467,0],[-3.746261,40.474472,0],[-3.746617,40.47448,0],[-3.747294,40.474482,0],[-3.747468,40.474476,0],[-3.747888,40.474419,0],[-3.748137,40.474381,0],[-3.748353,40.474345,0],[-3.748605,40.474283,0],[-3.748852,40.474194,0],[-3.749002,40.474131,0],[-3.749191,40.474042,0],[-3.749318,40.473975,0],[-3.749439,40.473902,0],[-3.749571,40.473819,0],[-3.749718,40.473712,0],[-3.749846,40.473608,0],[-3.749961,40.473504,0],[-3.750054,40.473411,0],[-3.750185,40.473264,0],[-3.75027,40.473155,0],[-3.750375,40.473004,0],[-3.750469,40.472843,0],[-3.750566,40.472619,0],[-3.750662,40.472315,0],[-3.750688,40.472077,0],[-3.75069,40.471842,0],[-3.750658,40.471554,0],[-3.750426,40.470581,0],[-3.750362,40.470313,0],[-3.750316,40.470118,0],[-3.750587,40.470652,0],[-3.750717,40.471078,0],[-3.751347,40.473134,0],[-3.751471,40.473656,0],[-3.751499,40.473807,0],[-3.751521,40.473925,0],[-3.751558,40.474138,0],[-3.751627,40.474543,0],[-3.751748,40.47561,0],[-3.751787,40.476173,0],[-3.751759,40.476599,0],[-3.751724,40.476855,0],[-3.751512,40.478419,0]]]},"properties":{"name":"CIUDAD UNIVERSITARIA","description":"","styleUrl":"#poly-BDBDBD-1200-76","fill-opacity":0.2980392156862745,"fill":"#bdbdbd","stroke-opacity":1,"stroke":"#bdbdbd","stroke-width":1.2,"OBJECTID":"244","CODDIS":"9","NOMDIS":"Moncloa - Aravaca","COD_BAR":"093","NOMBRE":"Ciudad Universitaria","Shape_Leng":"19475.73451612","COD_DIS_TX":"09","BARRIO_MAY":"CIUDAD UNIVERSITARIA","COD_DISBAR":"93","NUM_BAR":"3","BARRIO_MT":"CIUDAD UNIVERSITARIA","COD_DISB":"9-3","Shape_STAr":"14250853.2398","Shape_STLe":"19475.7345161","id":"93","shape_name":"Ciudad Universitaria","s_var_popdensity":"-1.43351694212068","s_var_carsxperson":"1.24454560093572","comp_score":"-28.2476834526909","comp_score_n":"-28.2476834526909"}},{"type":"Feature","geometry":{"type":"Polygon","coordinates":[[[-3.80104,40.469448,0],[-3.801822,40.469672,0],[-3.802093,40.469748,0],[-3.802359,40.469823,0],[-3.802628,40.469899,0],[-3.802867,40.469968,0],[-3.80307,40.470026,0],[-3.803801,40.470235,0],[-3.805056,40.470595,0],[-3.805545,40.470735,0],[-3.806057,40.470881,0],[-3.810254,40.472077,0],[-3.810727,40.472212,0],[-3.811942,40.472557,0],[-3.812334,40.472665,0],[-3.812388,40.47268,0],[-3.812488,40.472708,0],[-3.812546,40.472725,0],[-3.812582,40.472736,0],[-3.812652,40.472756,0],[-3.812758,40.472785,0],[-3.812917,40.472829,0],[-3.813088,40.472878,0],[-3.81325,40.472923,0],[-3.813523,40.473001,0],[-3.81364,40.473035,0],[-3.81374,40.473064,0],[-3.814141,40.473179,0],[-3.81445,40.473267,0],[-3.814564,40.4733,0],[-3.814733,40.473348,0],[-3.815635,40.473606,0],[-3.815875,40.473674,0],[-3.815979,40.473703,0],[-3.816148,40.47375,0],[-3.816458,40.473841,0],[-3.816812,40.473943,0],[-3.817316,40.474087,0],[-3.817491,40.474134,0],[-3.817604,40.474164,0],[-3.817655,40.474179,0],[-3.817841,40.474233,0],[-3.818302,40.474366,0],[-3.818712,40.474483,0],[-3.81888,40.474531,0],[-3.819166,40.474612,0],[-3.819247,40.474636,0],[-3.819328,40.474659,0],[-3.819709,40.474767,0],[-3.8201,40.474876,0],[-3.820215,40.474909,0],[-3.820217,40.474909,0],[-3.820567,40.475008,0],[-3.820868,40.475094,0],[-3.821248,40.475204,0],[-3.821738,40.475343,0],[-3.821932,40.475399,0],[-3.822502,40.475563,0],[-3.822696,40.475618,0],[-3.822957,40.475692,0],[-3.823324,40.475798,0],[-3.823383,40.475815,0],[-3.823507,40.47585,0],[-3.823827,40.47594,0],[-3.824568,40.476151,0],[-3.82469,40.476186,0],[-3.825186,40.476328,0],[-3.825678,40.476467,0],[-3.826126,40.476595,0],[-3.826504,40.476702,0],[-3.826593,40.476727,0],[-3.826701,40.476758,0],[-3.827112,40.476875,0],[-3.827516,40.47699,0],[-3.827744,40.477054,0],[-3.827823,40.477076,0],[-3.828201,40.47718,0],[-3.828472,40.477258,0],[-3.828482,40.477261,0],[-3.828526,40.477274,0],[-3.828705,40.477327,0],[-3.828731,40.477334,0],[-3.828863,40.477371,0],[-3.829246,40.477478,0],[-3.829272,40.477486,0],[-3.829575,40.477571,0],[-3.829785,40.477631,0],[-3.829965,40.477684,0],[-3.830251,40.477763,0],[-3.830575,40.477858,0],[-3.830689,40.477891,0],[-3.83088,40.477945,0],[-3.831255,40.478052,0],[-3.831729,40.478186,0],[-3.831839,40.478218,0],[-3.832234,40.478334,0],[-3.83267,40.478452,0],[-3.832718,40.478466,0],[-3.832728,40.478469,0],[-3.83276,40.478478,0],[-3.833081,40.478562,0],[-3.833369,40.478645,0],[-3.8336,40.478712,0],[-3.834123,40.478864,0],[-3.834213,40.478889,0],[-3.834668,40.47902,0],[-3.83489,40.479083,0],[-3.835192,40.479168,0],[-3.835741,40.479324,0],[-3.83665,40.479581,0],[-3.836748,40.479087,0],[-3.836773,40.478924,0],[-3.836805,40.47875,0],[-3.836852,40.478511,0],[-3.83692,40.478184,0],[-3.83695,40.477995,0],[-3.836995,40.477748,0],[-3.837065,40.477378,0],[-3.837142,40.477062,0],[-3.837171,40.476938,0],[-3.837197,40.476818,0],[-3.837215,40.476711,0],[-3.837225,40.476651,0],[-3.837247,40.476538,0],[-3.837295,40.476284,0],[-3.837306,40.476228,0],[-3.837308,40.476216,0],[-3.837315,40.476176,0],[-3.837335,40.476062,0],[-3.837349,40.475987,0],[-3.83739,40.475789,0],[-3.837398,40.475744,0],[-3.836726,40.475123,0],[-3.836115,40.474894,0],[-3.836233,40.474717,0],[-3.836594,40.474165,0],[-3.83687,40.473742,0],[-3.837383,40.472962,0],[-3.837343,40.472948,0],[-3.837527,40.472585,0],[-3.838134,40.470925,0],[-3.838257,40.467767,0],[-3.836915,40.466976,0],[-3.835637,40.465837,0],[-3.834353,40.464417,0],[-3.830922,40.465934,0],[-3.828975,40.466314,0],[-3.827122,40.466007,0],[-3.82588,40.465397,0],[-3.824777,40.464841,0],[-3.823617,40.464707,0],[-3.822226,40.46477,0],[-3.820983,40.46452,0],[-3.81987,40.464425,0],[-3.818807,40.464521,0],[-3.817407,40.464486,0],[-3.815172,40.463801,0],[-3.812894,40.463758,0],[-3.810116,40.464292,0],[-3.807329,40.463482,0],[-3.804136,40.463031,0],[-3.802474,40.462082,0],[-3.800557,40.460368,0],[-3.798975,40.459206,0],[-3.798974,40.459215,0],[-3.798966,40.459272,0],[-3.798953,40.459468,0],[-3.798948,40.45961,0],[-3.798946,40.459661,0],[-3.798954,40.459941,0],[-3.798964,40.46007,0],[-3.798975,40.460199,0],[-3.79901,40.460436,0],[-3.799059,40.460662,0],[-3.799116,40.460867,0],[-3.799139,40.460937,0],[-3.799196,40.461115,0],[-3.799301,40.461383,0],[-3.799386,40.461563,0],[-3.799415,40.461623,0],[-3.799475,40.461744,0],[-3.799648,40.462035,0],[-3.799847,40.462326,0],[-3.799987,40.462512,0],[-3.800147,40.462702,0],[-3.800182,40.462741,0],[-3.800258,40.462826,0],[-3.800432,40.463003,0],[-3.800655,40.463209,0],[-3.800707,40.463259,0],[-3.800823,40.463355,0],[-3.800938,40.463451,0],[-3.801085,40.463564,0],[-3.8012,40.463651,0],[-3.801437,40.463804,0],[-3.801069,40.465586,0],[-3.800537,40.465524,0],[-3.800207,40.465485,0],[-3.80009,40.466053,0],[-3.800028,40.46635,0],[-3.800024,40.466411,0],[-3.80002,40.466475,0],[-3.800066,40.466548,0],[-3.800099,40.466602,0],[-3.800241,40.466737,0],[-3.800405,40.466893,0],[-3.800974,40.46745,0],[-3.801228,40.467694,0],[-3.802082,40.468516,0],[-3.801938,40.46859,0],[-3.801818,40.468648,0],[-3.801719,40.468696,0],[-3.801504,40.468762,0],[-3.801447,40.46878,0],[-3.801093,40.468893,0],[-3.800363,40.469094,0],[-3.800206,40.469137,0],[-3.800179,40.469202,0],[-3.80104,40.469448,0]]]},"properties":{"name":"EL PLANTÍO","description":"","styleUrl":"#poly-BDBDBD-1200-76","fill-opacity":0.2980392156862745,"fill":"#bdbdbd","stroke-opacity":1,"stroke":"#bdbdbd","stroke-width":1.2,"OBJECTID":"245","CODDIS":"9","NOMDIS":"Moncloa - Aravaca","COD_BAR":"096","NOMBRE":"El Plantío","Shape_Leng":"9950.43889734","COD_DIS_TX":"09","BARRIO_MAY":"EL PLANTIO","COD_DISBAR":"96","NUM_BAR":"6","BARRIO_MT":"EL PLANTÍO","COD_DISB":"9-6","Shape_STAr":"3528175.0947","Shape_STLe":"9950.43889734","id":"96","shape_name":"El Plantío","s_var_popdensity":"-1.45705503911443","s_var_carsxperson":"2.89546840202847","comp_score":"-38.9296190343886","comp_score_n":"-38.9296190343886"}},{"type":"Feature","geometry":{"type":"Polygon","coordinates":[[[-3.632138,40.472486,0],[-3.634016,40.474023,0],[-3.637343,40.476392,0],[-3.637944,40.476825,0],[-3.639916,40.478245,0],[-3.641404,40.479311,0],[-3.641992,40.479753,0],[-3.642692,40.479882,0],[-3.64398,40.480125,0],[-3.644965,40.48031,0],[-3.646786,40.480651,0],[-3.64855,40.480977,0],[-3.650019,40.48126,0],[-3.650041,40.481238,0],[-3.653708,40.477486,0],[-3.654153,40.477019,0],[-3.65434,40.476815,0],[-3.655141,40.475547,0],[-3.655411,40.475115,0],[-3.655426,40.475092,0],[-3.655528,40.474864,0],[-3.655579,40.47475,0],[-3.655838,40.474044,0],[-3.656053,40.473606,0],[-3.656368,40.473085,0],[-3.656575,40.472782,0],[-3.65774,40.471022,0],[-3.657982,40.471,0],[-3.658373,40.471025,0],[-3.658489,40.471052,0],[-3.661308,40.468664,0],[-3.662133,40.467965,0],[-3.662481,40.467776,0],[-3.662904,40.467604,0],[-3.66345,40.467478,0],[-3.662937,40.465672,0],[-3.662487,40.464063,0],[-3.662042,40.463374,0],[-3.660431,40.46225,0],[-3.660337,40.462186,0],[-3.659171,40.463208,0],[-3.659173,40.463418,0],[-3.659198,40.463576,0],[-3.659233,40.463707,0],[-3.659327,40.463882,0],[-3.659455,40.464126,0],[-3.659548,40.464257,0],[-3.65782,40.465721,0],[-3.657569,40.465889,0],[-3.657409,40.465977,0],[-3.656999,40.46619,0],[-3.656565,40.466385,0],[-3.656151,40.466526,0],[-3.655746,40.466648,0],[-3.655337,40.466741,0],[-3.654818,40.466834,0],[-3.6541,40.466909,0],[-3.652795,40.467056,0],[-3.652373,40.467095,0],[-3.651798,40.467166,0],[-3.651277,40.467231,0],[-3.650837,40.46729,0],[-3.650574,40.467343,0],[-3.650189,40.467444,0],[-3.648704,40.467837,0],[-3.645779,40.468612,0],[-3.644088,40.469061,0],[-3.642508,40.469481,0],[-3.64185,40.469034,0],[-3.638814,40.469002,0],[-3.6382,40.468996,0],[-3.637956,40.468973,0],[-3.63693,40.468875,0],[-3.634106,40.468593,0],[-3.633904,40.468601,0],[-3.633708,40.468632,0],[-3.633568,40.468665,0],[-3.633352,40.468729,0],[-3.63319,40.468782,0],[-3.633052,40.468811,0],[-3.632979,40.468823,0],[-3.632931,40.46891,0],[-3.631212,40.468742,0],[-3.630124,40.468635,0],[-3.629431,40.468526,0],[-3.628645,40.468372,0],[-3.627971,40.468482,0],[-3.628677,40.469295,0],[-3.62935,40.46999,0],[-3.630527,40.471103,0],[-3.632138,40.472486,0]]]},"properties":{"name":"PINAR DEL REY","description":"","styleUrl":"#poly-FFD600-1200-76","fill-opacity":0.2980392156862745,"fill":"#ffd600","stroke-opacity":1,"stroke":"#ffd600","stroke-width":1.2,"OBJECTID":"246","CODDIS":"16","NOMDIS":"Hortaleza","COD_BAR":"164","NOMBRE":"Pinar del Rey","Shape_Leng":"8208.58870022","COD_DIS_TX":"16","BARRIO_MAY":"PINAR DEL REY","COD_DISBAR":"164","NUM_BAR":"4","BARRIO_MT":"PINAR DEL REY","COD_DISB":"16-4","Shape_STAr":"2664766.71518","Shape_STLe":"8208.58870022","id":"164","shape_name":"Pinar del Rey","s_var_popdensity":"0.0815292061743101","s_var_carsxperson":"0.0884266413665918","comp_score":"1.50344662216954","comp_score_n":"1.50344662216954"}},{"type":"Feature","geometry":{"type":"Polygon","coordinates":[[[-3.650019,40.48126,0],[-3.650451,40.481336,0],[-3.655222,40.482201,0],[-3.65588,40.48232,0],[-3.657846,40.482677,0],[-3.659347,40.482911,0],[-3.659587,40.482795,0],[-3.661006,40.482109,0],[-3.66118,40.482007,0],[-3.663422,40.479842,0],[-3.664876,40.478367,0],[-3.665228,40.477956,0],[-3.665525,40.477475,0],[-3.665527,40.477473,0],[-3.665642,40.477147,0],[-3.665675,40.477051,0],[-3.665759,40.47679,0],[-3.665732,40.476362,0],[-3.665556,40.475345,0],[-3.665439,40.474819,0],[-3.665434,40.474801,0],[-3.665425,40.474766,0],[-3.665158,40.473804,0],[-3.664643,40.47195,0],[-3.66345,40.467478,0],[-3.662904,40.467604,0],[-3.662481,40.467776,0],[-3.662133,40.467965,0],[-3.661308,40.468664,0],[-3.658489,40.471052,0],[-3.658373,40.471025,0],[-3.657982,40.471,0],[-3.65774,40.471022,0],[-3.656575,40.472782,0],[-3.656368,40.473085,0],[-3.656053,40.473606,0],[-3.655838,40.474044,0],[-3.655579,40.47475,0],[-3.655528,40.474864,0],[-3.655426,40.475092,0],[-3.655411,40.475115,0],[-3.655141,40.475547,0],[-3.65434,40.476815,0],[-3.654153,40.477019,0],[-3.653708,40.477486,0],[-3.650041,40.481238,0],[-3.650019,40.48126,0]]]},"properties":{"name":"APÓSTOL SANTIAGO","description":"","styleUrl":"#poly-BDBDBD-1200-76","fill-opacity":0.2980392156862745,"fill":"#bdbdbd","stroke-opacity":1,"stroke":"#bdbdbd","stroke-width":1.2,"OBJECTID":"247","CODDIS":"16","NOMDIS":"Hortaleza","COD_BAR":"165","NOMBRE":"Apóstol Santiago","Shape_Leng":"4724.24833028","COD_DIS_TX":"16","BARRIO_MAY":"APOSTOL SANTIAGO","COD_DISBAR":"165","NUM_BAR":"5","BARRIO_MT":"APÓSTOL SANTIAGO","COD_DISB":"16-5","Shape_STAr":"1205069.87543","Shape_STLe":"4724.24833028","id":"165","shape_name":"Apóstol Santiago","s_var_popdensity":"-0.472241940608302","s_var_carsxperson":"0.615534360385481","comp_score":"-19.4614564165718","comp_score_n":"-19.4614564165718"}},{"type":"Feature","geometry":{"type":"Polygon","coordinates":[[[-3.673616,40.482705,0],[-3.673525,40.483418,0],[-3.673461,40.484056,0],[-3.674468,40.484024,0],[-3.674948,40.484011,0],[-3.675916,40.48399,0],[-3.676363,40.483974,0],[-3.676639,40.483964,0],[-3.677286,40.483936,0],[-3.677343,40.483933,0],[-3.677395,40.483931,0],[-3.677777,40.48391,0],[-3.678002,40.483894,0],[-3.678028,40.483893,0],[-3.678174,40.483879,0],[-3.678294,40.483868,0],[-3.678351,40.483861,0],[-3.678522,40.483841,0],[-3.678679,40.483819,0],[-3.678994,40.483772,0],[-3.679356,40.483707,0],[-3.680065,40.483549,0],[-3.680225,40.483511,0],[-3.680473,40.483453,0],[-3.680798,40.483364,0],[-3.680941,40.483325,0],[-3.681156,40.483265,0],[-3.681427,40.483189,0],[-3.681909,40.483053,0],[-3.682156,40.482984,0],[-3.683329,40.482579,0],[-3.683621,40.482485,0],[-3.683943,40.4824,0],[-3.684254,40.482333,0],[-3.684527,40.482291,0],[-3.684717,40.482282,0],[-3.684826,40.482276,0],[-3.684867,40.482274,0],[-3.685097,40.482286,0],[-3.685228,40.482293,0],[-3.685152,40.48215,0],[-3.685111,40.481986,0],[-3.6851,40.481945,0],[-3.685079,40.481697,0],[-3.685108,40.481431,0],[-3.685141,40.481237,0],[-3.685257,40.480759,0],[-3.68532,40.480523,0],[-3.685618,40.479593,0],[-3.686399,40.476689,0],[-3.687096,40.474248,0],[-3.687122,40.474152,0],[-3.687546,40.472659,0],[-3.687948,40.471243,0],[-3.688309,40.469913,0],[-3.68855,40.469028,0],[-3.689066,40.46714,0],[-3.689344,40.466038,0],[-3.684502,40.467031,0],[-3.683953,40.467144,0],[-3.68357,40.467222,0],[-3.683016,40.467336,0],[-3.679211,40.467635,0],[-3.679049,40.467636,0],[-3.679032,40.467491,0],[-3.678297,40.467518,0],[-3.677275,40.467748,0],[-3.676959,40.467766,0],[-3.676605,40.467746,0],[-3.676465,40.467741,0],[-3.676275,40.467704,0],[-3.674771,40.467255,0],[-3.674183,40.467155,0],[-3.67163,40.466195,0],[-3.668407,40.466704,0],[-3.671106,40.470249,0],[-3.671999,40.471422,0],[-3.673248,40.473062,0],[-3.673565,40.473747,0],[-3.673743,40.474133,0],[-3.674083,40.475146,0],[-3.674182,40.475448,0],[-3.674226,40.475581,0],[-3.674333,40.476112,0],[-3.674367,40.476416,0],[-3.674367,40.476418,0],[-3.674389,40.476605,0],[-3.674433,40.477205,0],[-3.674438,40.477785,0],[-3.674391,40.478358,0],[-3.674359,40.478734,0],[-3.674232,40.479373,0],[-3.6742,40.479566,0],[-3.674167,40.47976,0],[-3.674078,40.480238,0],[-3.67388,40.4812,0],[-3.67371,40.482052,0],[-3.673682,40.482191,0],[-3.673616,40.482705,0]]]},"properties":{"name":"CASTILLA","description":"","styleUrl":"#poly-FFD600-1200-76","fill-opacity":0.2980392156862745,"fill":"#ffd600","stroke-opacity":1,"stroke":"#ffd600","stroke-width":1.2,"OBJECTID":"248","CODDIS":"5","NOMDIS":"Chamartín","COD_BAR":"056","NOMBRE":"Castilla","Shape_Leng":"6783.48023554","COD_DIS_TX":"05","BARRIO_MAY":"CASTILLA","COD_DISBAR":"56","NUM_BAR":"6","BARRIO_MT":"CASTILLA","COD_DISB":"5-6","Shape_STAr":"2161263.41933","Shape_STLe":"6783.48023554","id":"56","shape_name":"Castilla","s_var_popdensity":"-0.87796336435051","s_var_carsxperson":"1.08593868345692","comp_score":"0.728214771885511","comp_score_n":"0.728214771885511"}},{"type":"Feature","geometry":{"type":"Polygon","coordinates":[[[-3.659347,40.482911,0],[-3.663728,40.483618,0],[-3.664004,40.483662,0],[-3.664696,40.483764,0],[-3.664724,40.483768,0],[-3.666118,40.483974,0],[-3.666267,40.483991,0],[-3.667211,40.484101,0],[-3.669046,40.484179,0],[-3.670268,40.484183,0],[-3.671087,40.484145,0],[-3.671345,40.484132,0],[-3.673461,40.484056,0],[-3.673525,40.483418,0],[-3.673616,40.482705,0],[-3.673682,40.482191,0],[-3.67371,40.482052,0],[-3.67388,40.4812,0],[-3.674078,40.480238,0],[-3.674167,40.47976,0],[-3.6742,40.479566,0],[-3.674232,40.479373,0],[-3.674359,40.478734,0],[-3.674391,40.478358,0],[-3.674438,40.477785,0],[-3.674433,40.477205,0],[-3.674389,40.476605,0],[-3.674367,40.476418,0],[-3.674367,40.476416,0],[-3.674333,40.476112,0],[-3.674226,40.475581,0],[-3.674182,40.475448,0],[-3.674083,40.475146,0],[-3.673743,40.474133,0],[-3.673565,40.473747,0],[-3.673248,40.473062,0],[-3.671999,40.471422,0],[-3.671106,40.470249,0],[-3.668407,40.466704,0],[-3.664507,40.467315,0],[-3.66345,40.467478,0],[-3.664643,40.47195,0],[-3.665158,40.473804,0],[-3.665425,40.474766,0],[-3.665434,40.474801,0],[-3.665439,40.474819,0],[-3.665556,40.475345,0],[-3.665732,40.476362,0],[-3.665759,40.47679,0],[-3.665675,40.477051,0],[-3.665642,40.477147,0],[-3.665527,40.477473,0],[-3.665525,40.477475,0],[-3.665228,40.477956,0],[-3.664876,40.478367,0],[-3.663422,40.479842,0],[-3.66118,40.482007,0],[-3.661006,40.482109,0],[-3.659587,40.482795,0],[-3.659347,40.482911,0]]]},"properties":{"name":"COSTILLARES","description":"","styleUrl":"#poly-BDBDBD-1200-76","fill-opacity":0.2980392156862745,"fill":"#bdbdbd","stroke-opacity":1,"stroke":"#bdbdbd","stroke-width":1.2,"OBJECTID":"249","CODDIS":"15","NOMDIS":"Ciudad Lineal","COD_BAR":"159","NOMBRE":"Costillares","Shape_Leng":"5635.57542347","COD_DIS_TX":"15","BARRIO_MAY":"COSTILLARES","COD_DISBAR":"159","NUM_BAR":"9","BARRIO_MT":"COSTILLARES","COD_DISB":"15-9","Shape_STAr":"1427246.84756","Shape_STLe":"5635.57542347","id":"159","shape_name":"Costillares","s_var_popdensity":"-0.262375012940428","s_var_carsxperson":"1.33339841364562","comp_score":"-23.4730174148945","comp_score_n":"-23.4730174148945"}},{"type":"Feature","geometry":{"type":"Polygon","coordinates":[[[-3.70545,40.482639,0],[-3.705494,40.482715,0],[-3.705538,40.482786,0],[-3.705589,40.482852,0],[-3.705647,40.482934,0],[-3.705727,40.483037,0],[-3.705836,40.483157,0],[-3.705901,40.483223,0],[-3.70592,40.483243,0],[-3.705981,40.48331,0],[-3.706083,40.483402,0],[-3.706242,40.483527,0],[-3.70643,40.483658,0],[-3.706567,40.483745,0],[-3.706856,40.483935,0],[-3.707263,40.484217,0],[-3.707588,40.484443,0],[-3.707818,40.484603,0],[-3.708252,40.484902,0],[-3.708881,40.485314,0],[-3.709311,40.485579,0],[-3.709419,40.485507,0],[-3.709535,40.485429,0],[-3.70965,40.485359,0],[-3.709786,40.485281,0],[-3.710209,40.485058,0],[-3.711993,40.483872,0],[-3.712018,40.483856,0],[-3.712084,40.483814,0],[-3.712145,40.483781,0],[-3.712188,40.483758,0],[-3.712283,40.483699,0],[-3.712399,40.483644,0],[-3.71251,40.483591,0],[-3.712574,40.48356,0],[-3.7126,40.483549,0],[-3.712626,40.483538,0],[-3.712785,40.483476,0],[-3.712821,40.483462,0],[-3.712881,40.483439,0],[-3.712949,40.483416,0],[-3.712964,40.483411,0],[-3.713088,40.483374,0],[-3.71315,40.483357,0],[-3.713272,40.483324,0],[-3.713435,40.483285,0],[-3.713551,40.483258,0],[-3.713667,40.483231,0],[-3.713794,40.483201,0],[-3.713909,40.483177,0],[-3.714046,40.483148,0],[-3.714145,40.483129,0],[-3.714228,40.483113,0],[-3.714003,40.482677,0],[-3.713906,40.482489,0],[-3.713744,40.482531,0],[-3.713726,40.482536,0],[-3.71367,40.482418,0],[-3.713417,40.481881,0],[-3.713347,40.481902,0],[-3.71264,40.480363,0],[-3.713217,40.480194,0],[-3.713829,40.479955,0],[-3.714509,40.479694,0],[-3.715172,40.479476,0],[-3.715228,40.479453,0],[-3.715321,40.479415,0],[-3.715713,40.479252,0],[-3.716072,40.479096,0],[-3.716482,40.478873,0],[-3.716407,40.478806,0],[-3.716303,40.477059,0],[-3.716253,40.476866,0],[-3.715882,40.47581,0],[-3.715519,40.474643,0],[-3.71541,40.474318,0],[-3.715099,40.473389,0],[-3.715094,40.473366,0],[-3.715067,40.47325,0],[-3.715056,40.473208,0],[-3.715009,40.473017,0],[-3.714923,40.472567,0],[-3.714875,40.472277,0],[-3.714703,40.47127,0],[-3.714512,40.470149,0],[-3.714434,40.469853,0],[-3.71454,40.469632,0],[-3.71421,40.469479,0],[-3.714035,40.469321,0],[-3.713791,40.469044,0],[-3.713646,40.468893,0],[-3.71352,40.468762,0],[-3.713368,40.468603,0],[-3.713278,40.468514,0],[-3.713209,40.468608,0],[-3.713168,40.468665,0],[-3.71306,40.468838,0],[-3.713037,40.468871,0],[-3.712958,40.468987,0],[-3.712874,40.469164,0],[-3.712809,40.469328,0],[-3.71279,40.46937,0],[-3.712744,40.469472,0],[-3.712721,40.469565,0],[-3.71272,40.469568,0],[-3.712703,40.469635,0],[-3.712677,40.469739,0],[-3.712639,40.469891,0],[-3.712603,40.470012,0],[-3.712508,40.470222,0],[-3.712423,40.47035,0],[-3.71237,40.470428,0],[-3.712172,40.470657,0],[-3.712087,40.470726,0],[-3.711949,40.470839,0],[-3.711664,40.471018,0],[-3.711624,40.471035,0],[-3.711392,40.471136,0],[-3.711131,40.471216,0],[-3.710712,40.471307,0],[-3.708546,40.471499,0],[-3.707426,40.471598,0],[-3.707324,40.471607,0],[-3.705213,40.471808,0],[-3.704878,40.47184,0],[-3.704662,40.471875,0],[-3.70461,40.471888,0],[-3.704386,40.471947,0],[-3.703993,40.472105,0],[-3.703748,40.472252,0],[-3.703471,40.472484,0],[-3.703436,40.472513,0],[-3.703192,40.472742,0],[-3.703186,40.472748,0],[-3.702091,40.473772,0],[-3.702252,40.473972,0],[-3.702315,40.47405,0],[-3.702549,40.474662,0],[-3.702846,40.475499,0],[-3.70336,40.476946,0],[-3.703701,40.477854,0],[-3.704217,40.479402,0],[-3.704732,40.480805,0],[-3.705144,40.48193,0],[-3.705414,40.482557,0],[-3.70545,40.482639,0]]]},"properties":{"name":"PILAR","description":"","styleUrl":"#poly-E65100-1200-76","fill-opacity":0.2980392156862745,"fill":"#e65100","stroke-opacity":1,"stroke":"#e65100","stroke-width":1.2,"OBJECTID":"250","CODDIS":"8","NOMDIS":"Fuencarral - El Pardo","COD_BAR":"084","NOMBRE":"Pilar","Shape_Leng":"5160.91105299","COD_DIS_TX":"08","BARRIO_MAY":"PILAR","COD_DISBAR":"84","NUM_BAR":"4","BARRIO_MT":"PILAR","COD_DISB":"8-4","Shape_STAr":"1363211.52237","Shape_STLe":"5160.91105299","id":"84","shape_name":"Pilar","s_var_popdensity":"1.23012063850125","s_var_carsxperson":"0.190959266339027","comp_score":"12.2203011078857","comp_score_n":"12.2203011078857"}},{"type":"Feature","geometry":{"type":"Polygon","coordinates":[[[-3.725292,40.485542,0],[-3.727582,40.485551,0],[-3.727771,40.485584,0],[-3.727853,40.485611,0],[-3.728992,40.485993,0],[-3.731767,40.486884,0],[-3.732036,40.48697,0],[-3.735951,40.484921,0],[-3.735967,40.483909,0],[-3.736005,40.483689,0],[-3.736017,40.483622,0],[-3.736071,40.483438,0],[-3.736095,40.483356,0],[-3.736146,40.483151,0],[-3.736223,40.482874,0],[-3.736282,40.482658,0],[-3.736352,40.482362,0],[-3.736405,40.482198,0],[-3.736468,40.482004,0],[-3.736572,40.481676,0],[-3.736663,40.48143,0],[-3.73672,40.481295,0],[-3.736741,40.481245,0],[-3.736786,40.481151,0],[-3.736859,40.480999,0],[-3.736918,40.480894,0],[-3.736964,40.480814,0],[-3.737069,40.48064,0],[-3.737162,40.480496,0],[-3.73727,40.480346,0],[-3.737432,40.480124,0],[-3.737511,40.480027,0],[-3.737648,40.479886,0],[-3.737713,40.47985,0],[-3.737812,40.479814,0],[-3.737924,40.479793,0],[-3.738042,40.479792,0],[-3.73895,40.478841,0],[-3.739295,40.47848,0],[-3.739194,40.478294,0],[-3.73916,40.478209,0],[-3.738805,40.477138,0],[-3.738723,40.477062,0],[-3.738323,40.476112,0],[-3.738393,40.476091,0],[-3.737569,40.474393,0],[-3.736613,40.474291,0],[-3.736515,40.474271,0],[-3.736435,40.474245,0],[-3.736355,40.474212,0],[-3.736302,40.474185,0],[-3.736266,40.474158,0],[-3.736203,40.474098,0],[-3.736176,40.474064,0],[-3.736158,40.474024,0],[-3.73573,40.473227,0],[-3.735667,40.47311,0],[-3.734896,40.472954,0],[-3.734632,40.4729,0],[-3.734366,40.472858,0],[-3.733944,40.472792,0],[-3.733563,40.472745,0],[-3.733416,40.472729,0],[-3.733207,40.472706,0],[-3.732418,40.472658,0],[-3.732233,40.472653,0],[-3.731932,40.472645,0],[-3.731388,40.47263,0],[-3.730387,40.472659,0],[-3.729587,40.472732,0],[-3.729249,40.472779,0],[-3.728531,40.472878,0],[-3.728001,40.47296,0],[-3.720429,40.471111,0],[-3.720072,40.471023,0],[-3.719699,40.470929,0],[-3.717643,40.470412,0],[-3.715702,40.469924,0],[-3.71454,40.469632,0],[-3.714434,40.469853,0],[-3.714512,40.470149,0],[-3.714703,40.47127,0],[-3.714875,40.472277,0],[-3.714923,40.472567,0],[-3.715009,40.473017,0],[-3.715056,40.473208,0],[-3.715067,40.47325,0],[-3.715094,40.473366,0],[-3.715099,40.473389,0],[-3.71541,40.474318,0],[-3.715519,40.474643,0],[-3.715882,40.47581,0],[-3.716253,40.476866,0],[-3.716303,40.477059,0],[-3.716407,40.478806,0],[-3.716482,40.478873,0],[-3.716072,40.479096,0],[-3.715713,40.479252,0],[-3.715321,40.479415,0],[-3.715228,40.479453,0],[-3.715172,40.479476,0],[-3.714509,40.479694,0],[-3.713829,40.479955,0],[-3.713217,40.480194,0],[-3.71264,40.480363,0],[-3.713347,40.481902,0],[-3.713417,40.481881,0],[-3.71367,40.482418,0],[-3.713726,40.482536,0],[-3.713744,40.482531,0],[-3.713906,40.482489,0],[-3.714003,40.482677,0],[-3.714228,40.483113,0],[-3.714406,40.483082,0],[-3.714959,40.483507,0],[-3.715232,40.483717,0],[-3.715273,40.483749,0],[-3.715392,40.483842,0],[-3.715586,40.484018,0],[-3.715632,40.484061,0],[-3.715712,40.484138,0],[-3.715763,40.484187,0],[-3.715826,40.484248,0],[-3.715995,40.484442,0],[-3.716114,40.484594,0],[-3.716201,40.484715,0],[-3.716244,40.484789,0],[-3.716268,40.484831,0],[-3.716332,40.484946,0],[-3.716349,40.484976,0],[-3.716417,40.485127,0],[-3.716464,40.485253,0],[-3.716505,40.485389,0],[-3.71654,40.485505,0],[-3.716594,40.485757,0],[-3.718988,40.48566,0],[-3.719849,40.485625,0],[-3.720132,40.485614,0],[-3.722708,40.485532,0],[-3.725292,40.485542,0]]]},"properties":{"name":"PEÑAGRANDE","description":"","styleUrl":"#poly-757575-1200-76","fill-opacity":0.2980392156862745,"fill":"#757575","stroke-opacity":1,"stroke":"#757575","stroke-width":1.2,"OBJECTID":"251","CODDIS":"8","NOMDIS":"Fuencarral - El Pardo","COD_BAR":"083","NOMBRE":"Peñagrande","Shape_Leng":"7271.45604131","COD_DIS_TX":"08","BARRIO_MAY":"PEÑAGRANDE","COD_DISBAR":"83","NUM_BAR":"3","BARRIO_MT":"PEÑAGRANDE","COD_DISB":"8-3","Shape_STAr":"2887271.92863","Shape_STLe":"7271.4560413","id":"83","shape_name":"Peñagrande","s_var_popdensity":"-0.262097422373328","s_var_carsxperson":"0.665205052970441","comp_score":"-12.2614107693911","comp_score_n":"-12.2614107693911"}},{"type":"Feature","geometry":{"type":"Polygon","coordinates":[[[-3.685228,40.482293,0],[-3.685373,40.482459,0],[-3.685589,40.482628,0],[-3.685801,40.48275,0],[-3.686061,40.48285,0],[-3.686452,40.482955,0],[-3.6874,40.483172,0],[-3.688392,40.48344,0],[-3.689204,40.48376,0],[-3.689431,40.48385,0],[-3.689881,40.484034,0],[-3.689978,40.484073,0],[-3.690023,40.484092,0],[-3.690519,40.484292,0],[-3.690834,40.48442,0],[-3.691335,40.484622,0],[-3.691797,40.484808,0],[-3.692558,40.485108,0],[-3.69282,40.48521,0],[-3.693169,40.485348,0],[-3.693287,40.485395,0],[-3.693547,40.485496,0],[-3.693745,40.485574,0],[-3.694157,40.485733,0],[-3.694459,40.485852,0],[-3.694844,40.486005,0],[-3.695102,40.486126,0],[-3.6953,40.486227,0],[-3.695794,40.486492,0],[-3.696274,40.486826,0],[-3.696627,40.487119,0],[-3.697017,40.487502,0],[-3.697137,40.487636,0],[-3.697352,40.4879,0],[-3.697494,40.48812,0],[-3.697622,40.488327,0],[-3.697765,40.488602,0],[-3.697866,40.488827,0],[-3.697972,40.489117,0],[-3.698092,40.489483,0],[-3.698246,40.49009,0],[-3.698814,40.489927,0],[-3.700937,40.489296,0],[-3.701167,40.489199,0],[-3.701348,40.489117,0],[-3.701535,40.489025,0],[-3.701654,40.488952,0],[-3.701822,40.488841,0],[-3.701972,40.488748,0],[-3.702419,40.488458,0],[-3.702703,40.488269,0],[-3.702882,40.488168,0],[-3.703192,40.488023,0],[-3.703371,40.487947,0],[-3.703583,40.487871,0],[-3.704178,40.487692,0],[-3.704267,40.487665,0],[-3.704699,40.487533,0],[-3.707382,40.486755,0],[-3.707708,40.486641,0],[-3.707993,40.486514,0],[-3.708155,40.486426,0],[-3.708285,40.48635,0],[-3.708423,40.486268,0],[-3.708553,40.486179,0],[-3.708667,40.486104,0],[-3.708716,40.48606,0],[-3.708934,40.485865,0],[-3.709311,40.485579,0],[-3.708881,40.485314,0],[-3.708252,40.484902,0],[-3.707818,40.484603,0],[-3.707588,40.484443,0],[-3.707263,40.484217,0],[-3.706856,40.483935,0],[-3.706567,40.483745,0],[-3.70643,40.483658,0],[-3.706242,40.483527,0],[-3.706083,40.483402,0],[-3.705981,40.48331,0],[-3.70592,40.483243,0],[-3.705901,40.483223,0],[-3.705836,40.483157,0],[-3.705727,40.483037,0],[-3.705647,40.482934,0],[-3.705589,40.482852,0],[-3.705538,40.482786,0],[-3.705494,40.482715,0],[-3.70545,40.482639,0],[-3.705414,40.482557,0],[-3.705144,40.48193,0],[-3.704732,40.480805,0],[-3.704217,40.479402,0],[-3.703701,40.477854,0],[-3.70336,40.476946,0],[-3.702846,40.475499,0],[-3.702549,40.474662,0],[-3.702315,40.47405,0],[-3.702252,40.473972,0],[-3.702091,40.473772,0],[-3.701821,40.474017,0],[-3.701821,40.474018,0],[-3.701633,40.474187,0],[-3.701483,40.474325,0],[-3.701396,40.4744,0],[-3.701343,40.474446,0],[-3.701256,40.47451,0],[-3.70116,40.474579,0],[-3.701069,40.474636,0],[-3.700913,40.474734,0],[-3.700724,40.474814,0],[-3.700677,40.47483,0],[-3.700513,40.474885,0],[-3.700286,40.474941,0],[-3.699994,40.474975,0],[-3.699717,40.474977,0],[-3.699546,40.474971,0],[-3.699545,40.47497,0],[-3.699441,40.474966,0],[-3.699229,40.474935,0],[-3.699039,40.474903,0],[-3.698989,40.474886,0],[-3.698881,40.47485,0],[-3.698718,40.474785,0],[-3.698505,40.474695,0],[-3.698369,40.47465,0],[-3.698168,40.474593,0],[-3.698,40.474561,0],[-3.697879,40.474548,0],[-3.697815,40.474542,0],[-3.697636,40.474539,0],[-3.697495,40.474535,0],[-3.697257,40.474541,0],[-3.69704,40.474571,0],[-3.696851,40.474614,0],[-3.6967,40.474656,0],[-3.696538,40.474702,0],[-3.696381,40.474745,0],[-3.696198,40.474777,0],[-3.696001,40.474789,0],[-3.695706,40.474774,0],[-3.695375,40.474717,0],[-3.695037,40.474639,0],[-3.694684,40.474582,0],[-3.694354,40.474557,0],[-3.69403,40.474543,0],[-3.693742,40.474566,0],[-3.693476,40.47461,0],[-3.693153,40.474672,0],[-3.692844,40.474722,0],[-3.692591,40.474729,0],[-3.692338,40.474719,0],[-3.692028,40.474662,0],[-3.691767,40.474594,0],[-3.691527,40.474531,0],[-3.691273,40.474473,0],[-3.690992,40.474448,0],[-3.690718,40.474477,0],[-3.690234,40.47456,0],[-3.689792,40.474643,0],[-3.689441,40.474694,0],[-3.68923,40.47469,0],[-3.689081,40.47461,0],[-3.688954,40.474503,0],[-3.688863,40.474429,0],[-3.687122,40.474152,0],[-3.687096,40.474248,0],[-3.686399,40.476689,0],[-3.685618,40.479593,0],[-3.68532,40.480523,0],[-3.685257,40.480759,0],[-3.685141,40.481237,0],[-3.685108,40.481431,0],[-3.685079,40.481697,0],[-3.6851,40.481945,0],[-3.685111,40.481986,0],[-3.685152,40.48215,0],[-3.685228,40.482293,0]]]},"properties":{"name":"LA PAZ","description":"","styleUrl":"#poly-BDBDBD-1200-76","fill-opacity":0.2980392156862745,"fill":"#bdbdbd","stroke-opacity":1,"stroke":"#bdbdbd","stroke-width":1.2,"OBJECTID":"252","CODDIS":"8","NOMDIS":"Fuencarral - El Pardo","COD_BAR":"085","NOMBRE":"La Paz","Shape_Leng":"6331.49177142","COD_DIS_TX":"08","BARRIO_MAY":"LA PAZ","COD_DISBAR":"85","NUM_BAR":"5","BARRIO_MT":"LA PAZ","COD_DISB":"8-5","Shape_STAr":"2154754.78051","Shape_STLe":"6331.49177142","id":"85","shape_name":"La Paz","s_var_popdensity":"-0.296510134160818","s_var_carsxperson":"1.9832188168096","comp_score":"-19.1651746734113","comp_score_n":"-19.1651746734113"}},{"type":"Feature","geometry":{"type":"Polygon","coordinates":[[[-3.737507,40.489565,0],[-3.737687,40.489648,0],[-3.737979,40.489867,0],[-3.738076,40.489908,0],[-3.739981,40.490553,0],[-3.740388,40.490173,0],[-3.741082,40.489528,0],[-3.741086,40.489529,0],[-3.741146,40.489472,0],[-3.741154,40.489475,0],[-3.741181,40.489449,0],[-3.741297,40.489337,0],[-3.741475,40.489166,0],[-3.741645,40.489004,0],[-3.741924,40.488743,0],[-3.742407,40.488511,0],[-3.742556,40.487879,0],[-3.743708,40.486144,0],[-3.744186,40.485682,0],[-3.744395,40.485486,0],[-3.745491,40.483589,0],[-3.745048,40.482863,0],[-3.745019,40.482817,0],[-3.744917,40.482687,0],[-3.744459,40.482443,0],[-3.744304,40.48236,0],[-3.743672,40.482022,0],[-3.742804,40.481574,0],[-3.74191,40.481162,0],[-3.741585,40.481009,0],[-3.74173,40.48092,0],[-3.741783,40.480888,0],[-3.741895,40.480817,0],[-3.742006,40.480748,0],[-3.742203,40.480624,0],[-3.742505,40.480434,0],[-3.742614,40.480365,0],[-3.742742,40.480284,0],[-3.742835,40.480225,0],[-3.742924,40.480169,0],[-3.743372,40.4799,0],[-3.743505,40.479819,0],[-3.743581,40.479769,0],[-3.743783,40.479634,0],[-3.743888,40.479563,0],[-3.744141,40.479402,0],[-3.744237,40.479341,0],[-3.744361,40.479262,0],[-3.744473,40.479191,0],[-3.744506,40.47917,0],[-3.744644,40.479087,0],[-3.744662,40.479076,0],[-3.744666,40.479073,0],[-3.744676,40.479067,0],[-3.744699,40.479053,0],[-3.744739,40.479027,0],[-3.744768,40.479008,0],[-3.745109,40.478789,0],[-3.74515,40.478767,0],[-3.745285,40.478682,0],[-3.745489,40.478557,0],[-3.7456,40.478486,0],[-3.745746,40.478393,0],[-3.745849,40.478327,0],[-3.745911,40.478287,0],[-3.746045,40.478206,0],[-3.746171,40.478128,0],[-3.74632,40.478036,0],[-3.74635,40.478017,0],[-3.7464,40.477986,0],[-3.74645,40.477955,0],[-3.746477,40.477939,0],[-3.746527,40.477909,0],[-3.746607,40.477859,0],[-3.746682,40.477809,0],[-3.746772,40.47775,0],[-3.746918,40.477869,0],[-3.746927,40.47788,0],[-3.747023,40.477947,0],[-3.747125,40.478011,0],[-3.747234,40.478074,0],[-3.747277,40.478099,0],[-3.747312,40.478116,0],[-3.747387,40.478152,0],[-3.747651,40.478254,0],[-3.747733,40.47828,0],[-3.747786,40.478297,0],[-3.747966,40.47834,0],[-3.748097,40.478368,0],[-3.748246,40.478385,0],[-3.74857,40.478411,0],[-3.749092,40.478428,0],[-3.749785,40.47843,0],[-3.751512,40.478419,0],[-3.751724,40.476855,0],[-3.751759,40.476599,0],[-3.751787,40.476173,0],[-3.751748,40.47561,0],[-3.751627,40.474543,0],[-3.751558,40.474138,0],[-3.751521,40.473925,0],[-3.751499,40.473807,0],[-3.751471,40.473656,0],[-3.751347,40.473134,0],[-3.750717,40.471078,0],[-3.750587,40.470652,0],[-3.750316,40.470118,0],[-3.750362,40.470313,0],[-3.750426,40.470581,0],[-3.750658,40.471554,0],[-3.75069,40.471842,0],[-3.750688,40.472077,0],[-3.750662,40.472315,0],[-3.750566,40.472619,0],[-3.750469,40.472843,0],[-3.750375,40.473004,0],[-3.75027,40.473155,0],[-3.750185,40.473264,0],[-3.750054,40.473411,0],[-3.749961,40.473504,0],[-3.749846,40.473608,0],[-3.749718,40.473712,0],[-3.749571,40.473819,0],[-3.749439,40.473902,0],[-3.749318,40.473975,0],[-3.749191,40.474042,0],[-3.749002,40.474131,0],[-3.748852,40.474194,0],[-3.748605,40.474283,0],[-3.748353,40.474345,0],[-3.748137,40.474381,0],[-3.747888,40.474419,0],[-3.747468,40.474476,0],[-3.747294,40.474482,0],[-3.746617,40.47448,0],[-3.746261,40.474472,0],[-3.745702,40.474467,0],[-3.744687,40.474452,0],[-3.743646,40.474435,0],[-3.743227,40.474427,0],[-3.742258,40.474407,0],[-3.741471,40.474367,0],[-3.741417,40.474364,0],[-3.741304,40.474358,0],[-3.740833,40.474302,0],[-3.740286,40.474194,0],[-3.739373,40.47398,0],[-3.737561,40.473557,0],[-3.735953,40.473177,0],[-3.735667,40.47311,0],[-3.73573,40.473227,0],[-3.736158,40.474024,0],[-3.736176,40.474064,0],[-3.736203,40.474098,0],[-3.736266,40.474158,0],[-3.736302,40.474185,0],[-3.736355,40.474212,0],[-3.736435,40.474245,0],[-3.736515,40.474271,0],[-3.736613,40.474291,0],[-3.737569,40.474393,0],[-3.738393,40.476091,0],[-3.738323,40.476112,0],[-3.738723,40.477062,0],[-3.738805,40.477138,0],[-3.73916,40.478209,0],[-3.739194,40.478294,0],[-3.739295,40.47848,0],[-3.73895,40.478841,0],[-3.738042,40.479792,0],[-3.737924,40.479793,0],[-3.737812,40.479814,0],[-3.737713,40.47985,0],[-3.737648,40.479886,0],[-3.737511,40.480027,0],[-3.737432,40.480124,0],[-3.73727,40.480346,0],[-3.737162,40.480496,0],[-3.737069,40.48064,0],[-3.736964,40.480814,0],[-3.736918,40.480894,0],[-3.736859,40.480999,0],[-3.736786,40.481151,0],[-3.736741,40.481245,0],[-3.73672,40.481295,0],[-3.736663,40.48143,0],[-3.736572,40.481676,0],[-3.736468,40.482004,0],[-3.736405,40.482198,0],[-3.736352,40.482362,0],[-3.736282,40.482658,0],[-3.736223,40.482874,0],[-3.736146,40.483151,0],[-3.736095,40.483356,0],[-3.736071,40.483438,0],[-3.736017,40.483622,0],[-3.736005,40.483689,0],[-3.735967,40.483909,0],[-3.735951,40.484921,0],[-3.732036,40.48697,0],[-3.732139,40.486952,0],[-3.732253,40.486942,0],[-3.732333,40.486942,0],[-3.732407,40.486963,0],[-3.732441,40.486993,0],[-3.732521,40.487057,0],[-3.732561,40.487088,0],[-3.732636,40.487161,0],[-3.732745,40.487238,0],[-3.732836,40.487294,0],[-3.733013,40.487371,0],[-3.733298,40.487478,0],[-3.733555,40.487606,0],[-3.733824,40.487758,0],[-3.734238,40.487892,0],[-3.734461,40.488049,0],[-3.734698,40.488373,0],[-3.734921,40.488614,0],[-3.735074,40.488718,0],[-3.735309,40.488811,0],[-3.735614,40.488956,0],[-3.735904,40.489018,0],[-3.73618,40.48909,0],[-3.736415,40.489151,0],[-3.736595,40.489213,0],[-3.736733,40.489286,0],[-3.736844,40.489338,0],[-3.737162,40.489451,0],[-3.737507,40.489565,0]]]},"properties":{"name":"FUENTELARREINA","description":"","styleUrl":"#poly-757575-1200-76","fill-opacity":0.2980392156862745,"fill":"#757575","stroke-opacity":1,"stroke":"#757575","stroke-width":1.2,"OBJECTID":"253","CODDIS":"8","NOMDIS":"Fuencarral - El Pardo","COD_BAR":"082","NOMBRE":"Fuentelarreina","Shape_Leng":"7691.86516056","COD_DIS_TX":"08","BARRIO_MAY":"FUENTELARREINA","COD_DISBAR":"82","NUM_BAR":"2","BARRIO_MT":"FUENTELARREINA","COD_DISB":"8-2","Shape_STAr":"1382643.6267","Shape_STLe":"7691.86516055","id":"82","shape_name":"Fuentelarreina","s_var_popdensity":"-1.3248585678302","s_var_carsxperson":"1.34430069537623","comp_score":"-7.41750281029162","comp_score_n":"-7.41750281029162"}},{"type":"Feature","geometry":{"type":"Polygon","coordinates":[[[-3.581568,40.468794,0],[-3.581395,40.469267,0],[-3.58142,40.469494,0],[-3.581461,40.469664,0],[-3.581504,40.47065,0],[-3.581857,40.472502,0],[-3.582062,40.473366,0],[-3.582131,40.473657,0],[-3.582142,40.473708,0],[-3.582298,40.474376,0],[-3.582346,40.474788,0],[-3.582365,40.474944,0],[-3.582365,40.474951,0],[-3.582366,40.474953,0],[-3.582366,40.474958,0],[-3.582363,40.475099,0],[-3.582361,40.47524,0],[-3.582353,40.475514,0],[-3.582268,40.475913,0],[-3.582241,40.476041,0],[-3.582217,40.476125,0],[-3.582108,40.476506,0],[-3.582084,40.476591,0],[-3.582029,40.476734,0],[-3.581896,40.47708,0],[-3.581385,40.478536,0],[-3.580868,40.478837,0],[-3.580555,40.479194,0],[-3.580544,40.479595,0],[-3.580964,40.479688,0],[-3.581447,40.479763,0],[-3.581896,40.479806,0],[-3.582886,40.479859,0],[-3.584066,40.479876,0],[-3.586211,40.479872,0],[-3.591617,40.479854,0],[-3.597225,40.479832,0],[-3.601768,40.479827,0],[-3.601783,40.481045,0],[-3.601751,40.482576,0],[-3.601704,40.484359,0],[-3.601712,40.485018,0],[-3.604463,40.485012,0],[-3.614888,40.484959,0],[-3.615541,40.484956,0],[-3.616472,40.483991,0],[-3.616612,40.483868,0],[-3.616749,40.483758,0],[-3.616888,40.483632,0],[-3.617638,40.48284,0],[-3.6182,40.482269,0],[-3.625833,40.482225,0],[-3.625653,40.48157,0],[-3.625744,40.477222,0],[-3.625747,40.477066,0],[-3.625761,40.476965,0],[-3.625882,40.47657,0],[-3.625787,40.476489,0],[-3.625716,40.476421,0],[-3.625686,40.476332,0],[-3.625713,40.476241,0],[-3.625782,40.476169,0],[-3.625906,40.476086,0],[-3.625806,40.47554,0],[-3.625805,40.475447,0],[-3.625802,40.475341,0],[-3.625798,40.475252,0],[-3.625777,40.475174,0],[-3.625719,40.475083,0],[-3.625633,40.475007,0],[-3.62549,40.474916,0],[-3.625369,40.474837,0],[-3.625344,40.474732,0],[-3.625343,40.474693,0],[-3.625318,40.474647,0],[-3.625265,40.474599,0],[-3.625225,40.474582,0],[-3.625156,40.474562,0],[-3.625112,40.474533,0],[-3.624895,40.473789,0],[-3.624831,40.473623,0],[-3.624739,40.473408,0],[-3.624699,40.473363,0],[-3.624614,40.473296,0],[-3.624581,40.473246,0],[-3.624591,40.473164,0],[-3.624572,40.473081,0],[-3.624523,40.473013,0],[-3.624449,40.472962,0],[-3.624366,40.47294,0],[-3.624273,40.4729,0],[-3.624123,40.47253,0],[-3.623699,40.472462,0],[-3.623645,40.472453,0],[-3.623569,40.472442,0],[-3.623051,40.472366,0],[-3.62292,40.472347,0],[-3.621798,40.472298,0],[-3.620935,40.472256,0],[-3.620713,40.472245,0],[-3.620366,40.472229,0],[-3.619735,40.472198,0],[-3.617459,40.472123,0],[-3.616108,40.472079,0],[-3.615392,40.472055,0],[-3.609161,40.471871,0],[-3.608516,40.471833,0],[-3.607924,40.471768,0],[-3.607358,40.471695,0],[-3.606819,40.471568,0],[-3.606011,40.471346,0],[-3.602637,40.470227,0],[-3.601436,40.469864,0],[-3.600322,40.46961,0],[-3.599639,40.469456,0],[-3.599057,40.469344,0],[-3.598087,40.469184,0],[-3.59657,40.468986,0],[-3.594463,40.468833,0],[-3.593333,40.468797,0],[-3.592338,40.468775,0],[-3.59137,40.46876,0],[-3.590007,40.468712,0],[-3.588757,40.46866,0],[-3.585306,40.468545,0],[-3.585195,40.46854,0],[-3.584742,40.46852,0],[-3.584399,40.468482,0],[-3.584163,40.468429,0],[-3.58389,40.468333,0],[-3.583325,40.468128,0],[-3.582251,40.46769,0],[-3.581568,40.468794,0]]]},"properties":{"name":"TIMÓN","description":"","styleUrl":"#poly-BDBDBD-1200-76","fill-opacity":0.2980392156862745,"fill":"#bdbdbd","stroke-opacity":1,"stroke":"#bdbdbd","stroke-width":1.2,"OBJECTID":"254","CODDIS":"21","NOMDIS":"Barajas","COD_BAR":"214","NOMBRE":"Timón","Shape_Leng":"10723.32145988","COD_DIS_TX":"21","BARRIO_MAY":"TIMON","COD_DISBAR":"214","NUM_BAR":"4","BARRIO_MT":"TIMÓN","COD_DISB":"21-4","Shape_STAr":"4798439.21996","Shape_STLe":"10723.3214599","id":"214","shape_name":"Timón","s_var_popdensity":"-1.32117055920255","s_var_carsxperson":"-0.469859515171413","comp_score":"-19.945608646476","comp_score_n":"-19.945608646476"}},{"type":"Feature","geometry":{"type":"Polygon","coordinates":[[[-3.561755,40.511157,0],[-3.564996,40.512056,0],[-3.567287,40.512164,0],[-3.572048,40.512405,0],[-3.57588,40.510414,0],[-3.577951,40.510371,0],[-3.582904,40.508457,0],[-3.584716,40.50672,0],[-3.58683,40.505379,0],[-3.58912,40.504515,0],[-3.593231,40.501532,0],[-3.593231,40.501531,0],[-3.593268,40.501407,0],[-3.59356,40.501447,0],[-3.593701,40.501464,0],[-3.593734,40.501464,0],[-3.593788,40.501461,0],[-3.593819,40.501458,0],[-3.593845,40.501454,0],[-3.593888,40.501447,0],[-3.593961,40.50143,0],[-3.594062,40.501404,0],[-3.594099,40.501392,0],[-3.594114,40.501385,0],[-3.594129,40.501375,0],[-3.594141,40.501366,0],[-3.594153,40.501355,0],[-3.594184,40.501315,0],[-3.594202,40.501291,0],[-3.594221,40.501269,0],[-3.594233,40.501258,0],[-3.594246,40.501249,0],[-3.594253,40.501245,0],[-3.594265,40.501241,0],[-3.594284,40.501237,0],[-3.594304,40.501233,0],[-3.594323,40.501231,0],[-3.594502,40.501227,0],[-3.59454,40.501224,0],[-3.594594,40.501215,0],[-3.594648,40.501205,0],[-3.594703,40.501194,0],[-3.594772,40.501178,0],[-3.59479,40.501175,0],[-3.594818,40.501173,0],[-3.594839,40.501174,0],[-3.594849,40.501174,0],[-3.594864,40.501176,0],[-3.594874,40.501178,0],[-3.59489,40.501182,0],[-3.59494,40.501199,0],[-3.595011,40.501223,0],[-3.595103,40.501253,0],[-3.595188,40.501277,0],[-3.595239,40.501289,0],[-3.595316,40.501302,0],[-3.595407,40.501315,0],[-3.595481,40.501321,0],[-3.595578,40.501326,0],[-3.595661,40.501326,0],[-3.595713,40.501324,0],[-3.595738,40.501322,0],[-3.595763,40.501318,0],[-3.595798,40.501313,0],[-3.595849,40.501302,0],[-3.595901,40.50129,0],[-3.59601,40.501258,0],[-3.596189,40.501205,0],[-3.596212,40.5012,0],[-3.59624,40.501195,0],[-3.596278,40.501191,0],[-3.596318,40.501189,0],[-3.596536,40.501185,0],[-3.596708,40.501185,0],[-3.596748,40.501186,0],[-3.59693,40.501206,0],[-3.596976,40.50121,0],[-3.597031,40.501213,0],[-3.597257,40.501213,0],[-3.597305,40.501217,0],[-3.597465,40.501234,0],[-3.597554,40.50124,0],[-3.597597,40.501241,0],[-3.597716,40.501235,0],[-3.597747,40.501235,0],[-3.597795,40.501236,0],[-3.597858,40.501239,0],[-3.597902,40.501243,0],[-3.598005,40.501254,0],[-3.5981,40.501264,0],[-3.598185,40.501274,0],[-3.598294,40.501291,0],[-3.59834,40.5013,0],[-3.598379,40.501309,0],[-3.598412,40.501319,0],[-3.59847,40.501339,0],[-3.598485,40.501345,0],[-3.598508,40.501356,0],[-3.598624,40.501415,0],[-3.598638,40.501421,0],[-3.598652,40.501424,0],[-3.598669,40.501428,0],[-3.598684,40.501429,0],[-3.598722,40.501429,0],[-3.598793,40.501427,0],[-3.59886,40.501423,0],[-3.598912,40.501439,0],[-3.599013,40.501503,0],[-3.599097,40.501554,0],[-3.59922,40.501604,0],[-3.599299,40.501633,0],[-3.599319,40.501642,0],[-3.599333,40.50165,0],[-3.599353,40.501663,0],[-3.599386,40.501685,0],[-3.599395,40.501691,0],[-3.599405,40.501696,0],[-3.59942,40.5017,0],[-3.599434,40.501703,0],[-3.599446,40.501705,0],[-3.599464,40.501707,0],[-3.59948,40.501706,0],[-3.599492,40.501705,0],[-3.599509,40.501704,0],[-3.59953,40.501701,0],[-3.599552,40.501697,0],[-3.599578,40.501692,0],[-3.599611,40.501682,0],[-3.599632,40.501676,0],[-3.599652,40.501669,0],[-3.599736,40.50163,0],[-3.599818,40.501636,0],[-3.600016,40.501748,0],[-3.600035,40.501757,0],[-3.600059,40.501767,0],[-3.600088,40.501778,0],[-3.600105,40.501783,0],[-3.600124,40.501787,0],[-3.60014,40.50179,0],[-3.600166,40.501793,0],[-3.60019,40.501794,0],[-3.60021,40.501794,0],[-3.600233,40.501792,0],[-3.600262,40.501786,0],[-3.600286,40.50178,0],[-3.600381,40.50175,0],[-3.600613,40.501682,0],[-3.600637,40.501675,0],[-3.600683,40.501665,0],[-3.600723,40.501658,0],[-3.600749,40.501655,0],[-3.600787,40.501651,0],[-3.600818,40.501652,0],[-3.600854,40.501655,0],[-3.60088,40.501659,0],[-3.600903,40.501662,0],[-3.600935,40.501668,0],[-3.600967,40.501675,0],[-3.601008,40.501686,0],[-3.601043,40.501695,0],[-3.601075,40.501702,0],[-3.601105,40.501708,0],[-3.601133,40.501713,0],[-3.60116,40.501718,0],[-3.601194,40.501721,0],[-3.601218,40.501723,0],[-3.601243,40.501724,0],[-3.601267,40.501725,0],[-3.601289,40.501724,0],[-3.601308,40.501722,0],[-3.601324,40.501719,0],[-3.601342,40.501713,0],[-3.601363,40.501704,0],[-3.601391,40.501688,0],[-3.601429,40.501661,0],[-3.601476,40.501621,0],[-3.601586,40.501509,0],[-3.601615,40.501487,0],[-3.601646,40.501469,0],[-3.601664,40.501461,0],[-3.601682,40.501455,0],[-3.601708,40.501449,0],[-3.601736,40.501445,0],[-3.601774,40.501445,0],[-3.601818,40.501449,0],[-3.601885,40.501461,0],[-3.601901,40.501465,0],[-3.601921,40.500391,0],[-3.601925,40.499362,0],[-3.601917,40.498702,0],[-3.601902,40.498199,0],[-3.601887,40.497811,0],[-3.601868,40.497374,0],[-3.601843,40.496875,0],[-3.60182,40.496386,0],[-3.601797,40.495928,0],[-3.601784,40.495222,0],[-3.601765,40.494607,0],[-3.601773,40.493999,0],[-3.601777,40.493681,0],[-3.601776,40.49353,0],[-3.601775,40.493367,0],[-3.601785,40.49288,0],[-3.601825,40.491752,0],[-3.601837,40.491329,0],[-3.60185,40.490891,0],[-3.601857,40.490591,0],[-3.601862,40.490383,0],[-3.601866,40.490157,0],[-3.601866,40.489924,0],[-3.601862,40.489821,0],[-3.601866,40.489731,0],[-3.601863,40.489558,0],[-3.60186,40.48931,0],[-3.60185,40.48894,0],[-3.601814,40.487923,0],[-3.60177,40.487373,0],[-3.60174,40.486661,0],[-3.601736,40.486172,0],[-3.601721,40.485454,0],[-3.601712,40.485018,0],[-3.601704,40.484359,0],[-3.601751,40.482576,0],[-3.601783,40.481045,0],[-3.601768,40.479827,0],[-3.597225,40.479832,0],[-3.591617,40.479854,0],[-3.586211,40.479872,0],[-3.584066,40.479876,0],[-3.582886,40.479859,0],[-3.581896,40.479806,0],[-3.581447,40.479763,0],[-3.580964,40.479688,0],[-3.580544,40.479595,0],[-3.580128,40.479489,0],[-3.579794,40.479375,0],[-3.579461,40.479244,0],[-3.579127,40.47909,0],[-3.578744,40.47887,0],[-3.578497,40.478711,0],[-3.578312,40.478579,0],[-3.577833,40.478204,0],[-3.576177,40.476712,0],[-3.575037,40.475631,0],[-3.574699,40.475227,0],[-3.574593,40.475062,0],[-3.574476,40.474862,0],[-3.57438,40.474657,0],[-3.57431,40.474458,0],[-3.574247,40.474161,0],[-3.574227,40.473958,0],[-3.574225,40.473772,0],[-3.574238,40.473565,0],[-3.57427,40.473359,0],[-3.574381,40.472815,0],[-3.574636,40.471649,0],[-3.575285,40.471468,0],[-3.575553,40.471391,0],[-3.575832,40.471347,0],[-3.576019,40.471323,0],[-3.576137,40.471335,0],[-3.576372,40.471413,0],[-3.576836,40.471604,0],[-3.578047,40.470612,0],[-3.579272,40.469871,0],[-3.580311,40.468075,0],[-3.580453,40.467919,0],[-3.580663,40.46777,0],[-3.580932,40.467653,0],[-3.581184,40.467561,0],[-3.58155,40.467452,0],[-3.582251,40.46769,0],[-3.582252,40.467687,0],[-3.582502,40.467059,0],[-3.582871,40.46656,0],[-3.583154,40.466273,0],[-3.583552,40.465991,0],[-3.584548,40.465334,0],[-3.58343,40.464767,0],[-3.582518,40.463799,0],[-3.580874,40.46228,0],[-3.580563,40.462487,0],[-3.579531,40.461808,0],[-3.578799,40.46128,0],[-3.577913,40.460658,0],[-3.580181,40.458763,0],[-3.584389,40.455317,0],[-3.587983,40.452267,0],[-3.588719,40.451654,0],[-3.589049,40.451417,0],[-3.58946,40.451143,0],[-3.590002,40.450833,0],[-3.590497,40.450632,0],[-3.591159,40.450421,0],[-3.591844,40.450282,0],[-3.592364,40.450188,0],[-3.593247,40.450049,0],[-3.587448,40.449944,0],[-3.58342,40.449899,0],[-3.582283,40.449901,0],[-3.581378,40.449915,0],[-3.579888,40.449931,0],[-3.577143,40.449872,0],[-3.575133,40.449826,0],[-3.573733,40.449797,0],[-3.570568,40.449755,0],[-3.565693,40.449665,0],[-3.561764,40.449572,0],[-3.558307,40.449494,0],[-3.557028,40.449428,0],[-3.555617,40.449335,0],[-3.55346,40.449115,0],[-3.550935,40.448821,0],[-3.547319,40.448426,0],[-3.542721,40.447896,0],[-3.539683,40.447557,0],[-3.537619,40.447306,0],[-3.537041,40.447192,0],[-3.536453,40.447051,0],[-3.535325,40.446739,0],[-3.535023,40.446668,0],[-3.534708,40.446606,0],[-3.534421,40.446571,0],[-3.534195,40.446559,0],[-3.533955,40.446558,0],[-3.533657,40.446573,0],[-3.533091,40.446644,0],[-3.531693,40.446993,0],[-3.531684,40.446996,0],[-3.531342,40.447083,0],[-3.531549,40.447306,0],[-3.531811,40.447598,0],[-3.531967,40.447808,0],[-3.532157,40.448111,0],[-3.53232,40.448386,0],[-3.532561,40.448826,0],[-3.532793,40.449196,0],[-3.53297,40.449546,0],[-3.53308,40.449806,0],[-3.533209,40.450119,0],[-3.533329,40.450371,0],[-3.533446,40.450575,0],[-3.533545,40.450708,0],[-3.533894,40.451107,0],[-3.534177,40.451455,0],[-3.534365,40.451694,0],[-3.534441,40.451806,0],[-3.534492,40.451914,0],[-3.534538,40.452044,0],[-3.534563,40.452156,0],[-3.534568,40.452273,0],[-3.534553,40.452399,0],[-3.534519,40.452486,0],[-3.534384,40.45267,0],[-3.534226,40.452867,0],[-3.534001,40.453153,0],[-3.533556,40.45362,0],[-3.533163,40.454034,0],[-3.532954,40.454222,0],[-3.532822,40.454323,0],[-3.532659,40.454428,0],[-3.532556,40.454484,0],[-3.532397,40.454564,0],[-3.532279,40.454616,0],[-3.532156,40.454662,0],[-3.532063,40.454694,0],[-3.531958,40.454724,0],[-3.531867,40.45474,0],[-3.531778,40.454745,0],[-3.531535,40.454742,0],[-3.531339,40.45474,0],[-3.53123,40.454736,0],[-3.531152,40.454726,0],[-3.531069,40.454709,0],[-3.531008,40.454694,0],[-3.530913,40.454656,0],[-3.530834,40.454619,0],[-3.530533,40.454467,0],[-3.530476,40.454442,0],[-3.530401,40.454418,0],[-3.530242,40.454378,0],[-3.53012,40.454358,0],[-3.530019,40.454347,0],[-3.529895,40.454335,0],[-3.529804,40.454331,0],[-3.529434,40.454331,0],[-3.529089,40.454344,0],[-3.528773,40.454371,0],[-3.528444,40.454406,0],[-3.528238,40.454437,0],[-3.528068,40.454466,0],[-3.527916,40.454503,0],[-3.527786,40.454541,0],[-3.527621,40.454594,0],[-3.527472,40.454647,0],[-3.527333,40.454707,0],[-3.527193,40.454769,0],[-3.527092,40.454819,0],[-3.52687,40.45495,0],[-3.526784,40.455008,0],[-3.526734,40.455047,0],[-3.526685,40.455095,0],[-3.526617,40.455175,0],[-3.526547,40.455272,0],[-3.526489,40.455374,0],[-3.526465,40.455429,0],[-3.526451,40.455483,0],[-3.526447,40.455555,0],[-3.526456,40.455654,0],[-3.526469,40.455725,0],[-3.52649,40.455795,0],[-3.526561,40.455976,0],[-3.526634,40.456123,0],[-3.526726,40.456279,0],[-3.526919,40.456552,0],[-3.527024,40.45668,0],[-3.527167,40.456828,0],[-3.527409,40.457042,0],[-3.527561,40.457165,0],[-3.527752,40.457327,0],[-3.52815,40.457646,0],[-3.528653,40.458055,0],[-3.529027,40.458377,0],[-3.529056,40.458454,0],[-3.529173,40.458842,0],[-3.52929,40.459211,0],[-3.529401,40.459614,0],[-3.529505,40.460054,0],[-3.529562,40.460424,0],[-3.529554,40.46074,0],[-3.529511,40.461032,0],[-3.529446,40.461347,0],[-3.529336,40.461717,0],[-3.529224,40.462042,0],[-3.529069,40.462546,0],[-3.528962,40.462961,0],[-3.528831,40.463301,0],[-3.528689,40.463589,0],[-3.528524,40.463848,0],[-3.52826,40.464225,0],[-3.528037,40.464514,0],[-3.527792,40.464821,0],[-3.527663,40.464964,0],[-3.527465,40.465152,0],[-3.527148,40.465445,0],[-3.526891,40.465677,0],[-3.526615,40.465889,0],[-3.526458,40.466023,0],[-3.526335,40.46614,0],[-3.526117,40.466374,0],[-3.525906,40.466624,0],[-3.525625,40.466996,0],[-3.525441,40.467189,0],[-3.525296,40.467349,0],[-3.525189,40.467479,0],[-3.525123,40.467595,0],[-3.525073,40.467716,0],[-3.525031,40.467858,0],[-3.524964,40.468194,0],[-3.524928,40.468509,0],[-3.524911,40.468765,0],[-3.524916,40.468886,0],[-3.524928,40.468964,0],[-3.524948,40.469048,0],[-3.524971,40.469114,0],[-3.525004,40.46918,0],[-3.525053,40.46925,0],[-3.525108,40.469313,0],[-3.525205,40.469411,0],[-3.525369,40.469543,0],[-3.525589,40.469705,0],[-3.525794,40.469843,0],[-3.52602,40.469982,0],[-3.526301,40.47014,0],[-3.526639,40.470303,0],[-3.526823,40.470383,0],[-3.526951,40.470425,0],[-3.527122,40.470465,0],[-3.527351,40.470505,0],[-3.527643,40.470549,0],[-3.528145,40.470625,0],[-3.528535,40.470695,0],[-3.528849,40.470765,0],[-3.529192,40.470843,0],[-3.529591,40.470938,0],[-3.530022,40.471044,0],[-3.530438,40.47115,0],[-3.53084,40.471282,0],[-3.531173,40.471292,0],[-3.531712,40.471316,0],[-3.532435,40.471363,0],[-3.532654,40.471381,0],[-3.532878,40.471422,0],[-3.533086,40.471475,0],[-3.533254,40.471538,0],[-3.53344,40.471617,0],[-3.533548,40.471677,0],[-3.533708,40.47178,0],[-3.533871,40.47191,0],[-3.533948,40.472001,0],[-3.534011,40.472094,0],[-3.534124,40.472269,0],[-3.534181,40.4724,0],[-3.534257,40.472608,0],[-3.534307,40.472794,0],[-3.534345,40.472953,0],[-3.534358,40.473175,0],[-3.534406,40.473767,0],[-3.534419,40.474311,0],[-3.534467,40.475012,0],[-3.534485,40.47562,0],[-3.534546,40.476492,0],[-3.534576,40.476946,0],[-3.534627,40.477312,0],[-3.534635,40.477348,0],[-3.534654,40.477479,0],[-3.534723,40.477756,0],[-3.534756,40.477896,0],[-3.534787,40.478111,0],[-3.5348,40.478291,0],[-3.534793,40.478398,0],[-3.534772,40.47849,0],[-3.534751,40.478583,0],[-3.534744,40.478639,0],[-3.534743,40.478731,0],[-3.534761,40.478835,0],[-3.534772,40.4789,0],[-3.534794,40.478967,0],[-3.534894,40.479169,0],[-3.534926,40.47924,0],[-3.534933,40.479296,0],[-3.534926,40.479345,0],[-3.5349,40.479442,0],[-3.534856,40.479594,0],[-3.534842,40.479681,0],[-3.534845,40.479739,0],[-3.534883,40.479931,0],[-3.53503,40.480398,0],[-3.535108,40.480668,0],[-3.53537,40.481292,0],[-3.535577,40.481767,0],[-3.535807,40.482233,0],[-3.535862,40.482312,0],[-3.536014,40.482489,0],[-3.536829,40.483536,0],[-3.537075,40.483914,0],[-3.537208,40.484188,0],[-3.537256,40.484302,0],[-3.537283,40.484393,0],[-3.537304,40.484524,0],[-3.537308,40.484664,0],[-3.537299,40.484812,0],[-3.537242,40.485167,0],[-3.537162,40.485512,0],[-3.53711,40.485685,0],[-3.537018,40.485929,0],[-3.536935,40.48613,0],[-3.53692,40.486185,0],[-3.536908,40.486267,0],[-3.536921,40.486341,0],[-3.536933,40.486388,0],[-3.536947,40.486436,0],[-3.536985,40.486489,0],[-3.537035,40.486546,0],[-3.537135,40.486636,0],[-3.537258,40.486737,0],[-3.537396,40.486828,0],[-3.537549,40.48692,0],[-3.538177,40.487247,0],[-3.538659,40.487477,0],[-3.539392,40.487847,0],[-3.539463,40.487883,0],[-3.53987,40.488096,0],[-3.540009,40.488162,0],[-3.540146,40.488212,0],[-3.54048,40.488315,0],[-3.540771,40.488399,0],[-3.540825,40.48842,0],[-3.540878,40.488449,0],[-3.540915,40.488486,0],[-3.540949,40.488525,0],[-3.540989,40.488587,0],[-3.541018,40.488646,0],[-3.541043,40.488717,0],[-3.541058,40.488791,0],[-3.541091,40.489062,0],[-3.541119,40.489309,0],[-3.541164,40.489659,0],[-3.541218,40.490147,0],[-3.541234,40.490545,0],[-3.54122,40.491042,0],[-3.541225,40.491335,0],[-3.541244,40.491507,0],[-3.541261,40.491601,0],[-3.541308,40.491711,0],[-3.541363,40.491819,0],[-3.541467,40.491959,0],[-3.541609,40.49217,0],[-3.541673,40.492298,0],[-3.541719,40.492446,0],[-3.541754,40.492581,0],[-3.541792,40.492767,0],[-3.541799,40.492909,0],[-3.541801,40.493102,0],[-3.541776,40.49331,0],[-3.541719,40.493691,0],[-3.541702,40.493804,0],[-3.541704,40.493899,0],[-3.541723,40.49398,0],[-3.541778,40.494088,0],[-3.541862,40.494184,0],[-3.541974,40.494279,0],[-3.542109,40.494374,0],[-3.542252,40.49447,0],[-3.542477,40.494602,0],[-3.54272,40.494748,0],[-3.542991,40.494906,0],[-3.543318,40.49513,0],[-3.543652,40.495362,0],[-3.543971,40.495581,0],[-3.54405,40.495623,0],[-3.544164,40.495678,0],[-3.544328,40.495746,0],[-3.544496,40.495798,0],[-3.544647,40.495848,0],[-3.545232,40.49601,0],[-3.545546,40.496121,0],[-3.545907,40.496278,0],[-3.546501,40.496566,0],[-3.546856,40.496723,0],[-3.54723,40.496847,0],[-3.547518,40.496927,0],[-3.547926,40.497037,0],[-3.54972,40.497586,0],[-3.550237,40.497775,0],[-3.550626,40.497941,0],[-3.551094,40.498175,0],[-3.551794,40.498613,0],[-3.552001,40.498756,0],[-3.552408,40.499007,0],[-3.552758,40.499276,0],[-3.552842,40.499345,0],[-3.552945,40.499451,0],[-3.553032,40.499554,0],[-3.553168,40.499731,0],[-3.553228,40.499831,0],[-3.553279,40.499929,0],[-3.553305,40.499993,0],[-3.553321,40.500062,0],[-3.553378,40.500557,0],[-3.553404,40.500954,0],[-3.553436,40.501125,0],[-3.553471,40.501261,0],[-3.553513,40.50146,0],[-3.553551,40.501614,0],[-3.553585,40.501783,0],[-3.553606,40.501948,0],[-3.553598,40.502032,0],[-3.553559,40.502165,0],[-3.553406,40.50246,0],[-3.555213,40.503154,0],[-3.554947,40.505459,0],[-3.555129,40.508567,0],[-3.554259,40.511336,0],[-3.558383,40.511256,0],[-3.561668,40.510687,0],[-3.561755,40.511157,0]]]},"properties":{"name":"AEROPUERTO","description":"","styleUrl":"#poly-FFD600-1200-76","fill-opacity":0.2980392156862745,"fill":"#ffd600","stroke-opacity":1,"stroke":"#ffd600","stroke-width":1.2,"OBJECTID":"255","CODDIS":"21","NOMDIS":"Barajas","COD_BAR":"212","NOMBRE":"Aeropuerto","Shape_Leng":"28381.70053827","COD_DIS_TX":"21","BARRIO_MAY":"AEROPUERTO","COD_DISBAR":"212","NUM_BAR":"2","BARRIO_MT":"AEROPUERTO","COD_DISB":"21-2","Shape_STAr":"29664865.4328","Shape_STLe":"28381.7005383","id":"212","shape_name":"Aeropuerto","s_var_popdensity":"-1.52289706840693","s_var_carsxperson":"-0.72485298496323","comp_score":"0.821519613714871","comp_score_n":"0.821519613714871"}},{"type":"Feature","geometry":{"type":"Polygon","coordinates":[[[-3.652381,40.511438,0],[-3.654533,40.512788,0],[-3.65617,40.513097,0],[-3.657614,40.511719,0],[-3.657615,40.511718,0],[-3.657752,40.511467,0],[-3.657867,40.511229,0],[-3.657954,40.511018,0],[-3.658011,40.510868,0],[-3.658074,40.510678,0],[-3.65814,40.510446,0],[-3.658175,40.510303,0],[-3.658217,40.510096,0],[-3.658243,40.50992,0],[-3.658267,40.509757,0],[-3.658282,40.509596,0],[-3.658296,40.509455,0],[-3.658298,40.509377,0],[-3.6583,40.509317,0],[-3.658305,40.509126,0],[-3.658308,40.508983,0],[-3.658302,40.50876,0],[-3.6583,40.508581,0],[-3.658291,40.508385,0],[-3.658281,40.508187,0],[-3.658268,40.507998,0],[-3.65825,40.507764,0],[-3.658238,40.507572,0],[-3.658225,40.507398,0],[-3.6582,40.50699,0],[-3.658174,40.506584,0],[-3.65816,40.506186,0],[-3.658154,40.505825,0],[-3.658163,40.505493,0],[-3.658192,40.505217,0],[-3.658236,40.504957,0],[-3.658328,40.504605,0],[-3.658392,40.5044,0],[-3.658462,40.50422,0],[-3.658557,40.504015,0],[-3.65864,40.503849,0],[-3.658734,40.503673,0],[-3.658827,40.503514,0],[-3.658933,40.503349,0],[-3.659112,40.503093,0],[-3.659205,40.502966,0],[-3.659576,40.502488,0],[-3.66005,40.501912,0],[-3.660415,40.501474,0],[-3.661078,40.500697,0],[-3.661523,40.500184,0],[-3.661777,40.4999,0],[-3.662267,40.499372,0],[-3.662886,40.498787,0],[-3.663465,40.498289,0],[-3.664116,40.497751,0],[-3.664865,40.497132,0],[-3.666011,40.496205,0],[-3.6665,40.495812,0],[-3.666987,40.495424,0],[-3.667115,40.495322,0],[-3.66758,40.494954,0],[-3.667893,40.494707,0],[-3.668539,40.494201,0],[-3.669246,40.493647,0],[-3.67002,40.493028,0],[-3.670193,40.492894,0],[-3.670475,40.492658,0],[-3.670651,40.492508,0],[-3.670987,40.4922,0],[-3.671184,40.491996,0],[-3.67144,40.491716,0],[-3.671632,40.49148,0],[-3.671805,40.49125,0],[-3.67196,40.491024,0],[-3.672106,40.490786,0],[-3.67222,40.490577,0],[-3.672349,40.490319,0],[-3.672465,40.49007,0],[-3.672601,40.489731,0],[-3.672708,40.489419,0],[-3.672795,40.489137,0],[-3.672837,40.488998,0],[-3.672893,40.488765,0],[-3.672982,40.488374,0],[-3.673063,40.487941,0],[-3.673139,40.48742,0],[-3.673168,40.487203,0],[-3.67322,40.486738,0],[-3.673327,40.485606,0],[-3.673353,40.485251,0],[-3.673418,40.484551,0],[-3.673461,40.484056,0],[-3.671345,40.484132,0],[-3.671087,40.484145,0],[-3.670268,40.484183,0],[-3.669046,40.484179,0],[-3.667211,40.484101,0],[-3.666267,40.483991,0],[-3.666118,40.483974,0],[-3.664724,40.483768,0],[-3.664696,40.483764,0],[-3.664004,40.483662,0],[-3.663728,40.483618,0],[-3.659347,40.482911,0],[-3.657846,40.482677,0],[-3.65588,40.48232,0],[-3.655222,40.482201,0],[-3.650451,40.481336,0],[-3.650019,40.48126,0],[-3.64855,40.480977,0],[-3.646786,40.480651,0],[-3.644965,40.48031,0],[-3.64398,40.480125,0],[-3.642692,40.479882,0],[-3.641992,40.479753,0],[-3.641404,40.479311,0],[-3.639916,40.478245,0],[-3.637944,40.476825,0],[-3.637343,40.476392,0],[-3.634016,40.474023,0],[-3.632138,40.472486,0],[-3.630527,40.471103,0],[-3.62935,40.46999,0],[-3.628677,40.469295,0],[-3.627971,40.468482,0],[-3.62442,40.468705,0],[-3.624502,40.469026,0],[-3.62455,40.469156,0],[-3.624592,40.469279,0],[-3.624628,40.469426,0],[-3.624652,40.469546,0],[-3.624676,40.469695,0],[-3.624682,40.469811,0],[-3.624685,40.469918,0],[-3.624681,40.470042,0],[-3.624675,40.470154,0],[-3.624668,40.470232,0],[-3.624649,40.470341,0],[-3.624624,40.470479,0],[-3.624587,40.470599,0],[-3.624548,40.470721,0],[-3.624497,40.470851,0],[-3.624431,40.471,0],[-3.624367,40.47113,0],[-3.624281,40.471274,0],[-3.624212,40.471379,0],[-3.624133,40.471475,0],[-3.624068,40.471553,0],[-3.62385,40.471817,0],[-3.623989,40.4722,0],[-3.624123,40.47253,0],[-3.624273,40.4729,0],[-3.624366,40.47294,0],[-3.624449,40.472962,0],[-3.624523,40.473013,0],[-3.624572,40.473081,0],[-3.624591,40.473164,0],[-3.624581,40.473246,0],[-3.624614,40.473296,0],[-3.624699,40.473363,0],[-3.624739,40.473408,0],[-3.624831,40.473623,0],[-3.624895,40.473789,0],[-3.625112,40.474533,0],[-3.625156,40.474562,0],[-3.625225,40.474582,0],[-3.625265,40.474599,0],[-3.625318,40.474647,0],[-3.625343,40.474693,0],[-3.625344,40.474732,0],[-3.625369,40.474837,0],[-3.62549,40.474916,0],[-3.625633,40.475007,0],[-3.625719,40.475083,0],[-3.625777,40.475174,0],[-3.625798,40.475252,0],[-3.625802,40.475341,0],[-3.625805,40.475447,0],[-3.625806,40.47554,0],[-3.625906,40.476086,0],[-3.625782,40.476169,0],[-3.625713,40.476241,0],[-3.625686,40.476332,0],[-3.625716,40.476421,0],[-3.625787,40.476489,0],[-3.625882,40.47657,0],[-3.625761,40.476965,0],[-3.625747,40.477066,0],[-3.625744,40.477222,0],[-3.625653,40.48157,0],[-3.625833,40.482225,0],[-3.6182,40.482269,0],[-3.617638,40.48284,0],[-3.616888,40.483632,0],[-3.616749,40.483758,0],[-3.616612,40.483868,0],[-3.616472,40.483991,0],[-3.615541,40.484956,0],[-3.614888,40.484959,0],[-3.611543,40.484977,0],[-3.604463,40.485012,0],[-3.601712,40.485018,0],[-3.601721,40.485454,0],[-3.601736,40.486172,0],[-3.60174,40.486661,0],[-3.60177,40.487373,0],[-3.601814,40.487923,0],[-3.60185,40.48894,0],[-3.60186,40.48931,0],[-3.601863,40.489558,0],[-3.601866,40.489731,0],[-3.601862,40.489821,0],[-3.601866,40.489924,0],[-3.601866,40.490157,0],[-3.601862,40.490383,0],[-3.601857,40.490591,0],[-3.60185,40.490891,0],[-3.601837,40.491329,0],[-3.601825,40.491752,0],[-3.601785,40.49288,0],[-3.601775,40.493367,0],[-3.601776,40.49353,0],[-3.601777,40.493681,0],[-3.601773,40.493999,0],[-3.601765,40.494607,0],[-3.601784,40.495222,0],[-3.601797,40.495928,0],[-3.60182,40.496386,0],[-3.601843,40.496875,0],[-3.601868,40.497374,0],[-3.601887,40.497811,0],[-3.601902,40.498199,0],[-3.601917,40.498702,0],[-3.601925,40.499362,0],[-3.601921,40.500391,0],[-3.601901,40.501465,0],[-3.601944,40.501476,0],[-3.602005,40.501488,0],[-3.602032,40.501491,0],[-3.602057,40.501488,0],[-3.602079,40.501482,0],[-3.602097,40.501476,0],[-3.602115,40.501467,0],[-3.602139,40.501449,0],[-3.602152,40.501435,0],[-3.60217,40.501409,0],[-3.602183,40.501383,0],[-3.602192,40.501352,0],[-3.602209,40.501303,0],[-3.602213,40.501298,0],[-3.602221,40.501289,0],[-3.602228,40.501281,0],[-3.602234,40.501278,0],[-3.602242,40.501274,0],[-3.602252,40.50127,0],[-3.602263,40.501267,0],[-3.602276,40.501265,0],[-3.602288,40.501264,0],[-3.602304,40.501264,0],[-3.60234,40.501268,0],[-3.602415,40.501277,0],[-3.602837,40.501334,0],[-3.602803,40.501447,0],[-3.602804,40.501447,0],[-3.603185,40.501668,0],[-3.603349,40.501762,0],[-3.604654,40.503023,0],[-3.604644,40.503032,0],[-3.604794,40.503118,0],[-3.604959,40.50325,0],[-3.605256,40.503481,0],[-3.605414,40.50362,0],[-3.605553,40.503774,0],[-3.605654,40.503882,0],[-3.60577,40.504008,0],[-3.605857,40.504105,0],[-3.605928,40.504203,0],[-3.605967,40.504311,0],[-3.606012,40.504486,0],[-3.60604,40.504633,0],[-3.606075,40.504808,0],[-3.606117,40.505043,0],[-3.606183,40.505306,0],[-3.606229,40.505491,0],[-3.606232,40.505498,0],[-3.606273,40.50555,0],[-3.606335,40.505617,0],[-3.60642,40.505711,0],[-3.606513,40.505797,0],[-3.606625,40.505887,0],[-3.60679,40.506003,0],[-3.60696,40.506103,0],[-3.607141,40.506177,0],[-3.607542,40.506325,0],[-3.607817,40.506449,0],[-3.60802,40.506549,0],[-3.608238,40.506666,0],[-3.608528,40.506838,0],[-3.608806,40.507014,0],[-3.609126,40.507233,0],[-3.609374,40.507392,0],[-3.609593,40.507562,0],[-3.609921,40.507825,0],[-3.610111,40.508006,0],[-3.610261,40.508164,0],[-3.610433,40.508314,0],[-3.610644,40.508508,0],[-3.610827,40.508679,0],[-3.61101,40.508806,0],[-3.611077,40.508855,0],[-3.611202,40.508921,0],[-3.611299,40.508949,0],[-3.611389,40.508951,0],[-3.61145,40.50895,0],[-3.611529,40.508955,0],[-3.611696,40.508976,0],[-3.61182,40.50899,0],[-3.612089,40.509042,0],[-3.612254,40.509072,0],[-3.612394,40.509106,0],[-3.612513,40.509144,0],[-3.612655,40.509203,0],[-3.612844,40.509283,0],[-3.612962,40.509334,0],[-3.613112,40.509411,0],[-3.613283,40.509515,0],[-3.613432,40.509596,0],[-3.613588,40.509707,0],[-3.613735,40.509808,0],[-3.613918,40.509938,0],[-3.61401,40.510007,0],[-3.614098,40.510088,0],[-3.614144,40.510136,0],[-3.614179,40.510183,0],[-3.614213,40.510233,0],[-3.61424,40.510301,0],[-3.61426,40.51038,0],[-3.614256,40.510456,0],[-3.614219,40.510637,0],[-3.614223,40.510679,0],[-3.61425,40.510703,0],[-3.614273,40.51072,0],[-3.614317,40.510742,0],[-3.61438,40.510765,0],[-3.614503,40.510804,0],[-3.614663,40.510851,0],[-3.614845,40.510905,0],[-3.614969,40.510949,0],[-3.615096,40.510978,0],[-3.615233,40.51099,0],[-3.615372,40.510973,0],[-3.615562,40.510956,0],[-3.61577,40.510928,0],[-3.615943,40.510881,0],[-3.616126,40.510836,0],[-3.616514,40.510736,0],[-3.616878,40.510614,0],[-3.617293,40.510501,0],[-3.617639,40.51035,0],[-3.617814,40.510272,0],[-3.61795,40.510202,0],[-3.618074,40.510159,0],[-3.618211,40.510121,0],[-3.618392,40.5101,0],[-3.618559,40.510108,0],[-3.618716,40.51013,0],[-3.618876,40.510158,0],[-3.619053,40.510191,0],[-3.619331,40.510236,0],[-3.619583,40.510267,0],[-3.619781,40.510271,0],[-3.620026,40.510267,0],[-3.620331,40.510239,0],[-3.620831,40.510185,0],[-3.621072,40.510156,0],[-3.621248,40.510112,0],[-3.62139,40.510038,0],[-3.621522,40.509954,0],[-3.621651,40.509846,0],[-3.621851,40.509681,0],[-3.62199,40.509535,0],[-3.62215,40.509397,0],[-3.62229,40.509304,0],[-3.622487,40.509211,0],[-3.622735,40.509126,0],[-3.622931,40.509064,0],[-3.623131,40.509039,0],[-3.623316,40.509032,0],[-3.623452,40.509045,0],[-3.623569,40.509067,0],[-3.623756,40.509119,0],[-3.624014,40.509223,0],[-3.624234,40.509305,0],[-3.624421,40.509356,0],[-3.624609,40.509385,0],[-3.62477,40.509385,0],[-3.624887,40.509416,0],[-3.625026,40.509452,0],[-3.625105,40.509472,0],[-3.625169,40.509472,0],[-3.625245,40.50946,0],[-3.625337,40.50945,0],[-3.625491,40.509418,0],[-3.625626,40.509402,0],[-3.625717,40.509397,0],[-3.625814,40.509395,0],[-3.625959,40.50938,0],[-3.626093,40.509335,0],[-3.626276,40.509281,0],[-3.626496,40.509211,0],[-3.626722,40.509125,0],[-3.626897,40.509047,0],[-3.627194,40.508918,0],[-3.627462,40.508817,0],[-3.627611,40.508753,0],[-3.627802,40.508648,0],[-3.628138,40.508507,0],[-3.628326,40.508443,0],[-3.6285,40.508407,0],[-3.628659,40.508382,0],[-3.628927,40.508358,0],[-3.629147,40.508355,0],[-3.629278,40.508366,0],[-3.629452,40.508387,0],[-3.629699,40.508424,0],[-3.629982,40.508456,0],[-3.630212,40.508469,0],[-3.630341,40.508475,0],[-3.630541,40.508475,0],[-3.630773,40.508476,0],[-3.630984,40.508476,0],[-3.631177,40.50847,0],[-3.631327,40.508449,0],[-3.631471,40.508415,0],[-3.631586,40.508375,0],[-3.631691,40.508334,0],[-3.631943,40.508215,0],[-3.632122,40.50814,0],[-3.632273,40.508074,0],[-3.632458,40.507976,0],[-3.632641,40.507869,0],[-3.632771,40.5078,0],[-3.632834,40.507772,0],[-3.632889,40.507741,0],[-3.632957,40.507713,0],[-3.63305,40.507682,0],[-3.633134,40.507666,0],[-3.63319,40.507664,0],[-3.633259,40.507671,0],[-3.633276,40.507651,0],[-3.633647,40.507817,0],[-3.639554,40.507881,0],[-3.641101,40.508002,0],[-3.641082,40.508053,0],[-3.641188,40.508084,0],[-3.641277,40.508114,0],[-3.641351,40.508137,0],[-3.64146,40.50815,0],[-3.641611,40.50816,0],[-3.641755,40.50817,0],[-3.641915,40.508187,0],[-3.642028,40.508201,0],[-3.642105,40.508212,0],[-3.642182,40.508212,0],[-3.642257,40.508206,0],[-3.64234,40.508195,0],[-3.642411,40.508182,0],[-3.642498,40.508163,0],[-3.642705,40.508109,0],[-3.643061,40.508009,0],[-3.643257,40.507948,0],[-3.643366,40.507933,0],[-3.643455,40.507942,0],[-3.643621,40.507971,0],[-3.64387,40.508008,0],[-3.644144,40.508057,0],[-3.644343,40.508113,0],[-3.644375,40.508057,0],[-3.644841,40.507882,0],[-3.644998,40.507963,0],[-3.645533,40.508221,0],[-3.645611,40.508263,0],[-3.645706,40.50832,0],[-3.645772,40.508363,0],[-3.645848,40.508421,0],[-3.645936,40.508498,0],[-3.646025,40.508582,0],[-3.646245,40.508787,0],[-3.646377,40.508908,0],[-3.646632,40.509145,0],[-3.646828,40.50933,0],[-3.647144,40.509643,0],[-3.647487,40.510028,0],[-3.64773,40.51024,0],[-3.647768,40.51027,0],[-3.647822,40.510313,0],[-3.647895,40.510358,0],[-3.647949,40.510391,0],[-3.648015,40.510426,0],[-3.6481,40.510465,0],[-3.648207,40.510509,0],[-3.648457,40.510607,0],[-3.648629,40.510672,0],[-3.648773,40.510727,0],[-3.648879,40.510761,0],[-3.648971,40.510784,0],[-3.649034,40.510794,0],[-3.649104,40.510802,0],[-3.649214,40.510814,0],[-3.649575,40.510848,0],[-3.64986,40.510877,0],[-3.650384,40.510929,0],[-3.650854,40.510974,0],[-3.651588,40.511048,0],[-3.651684,40.51106,0],[-3.651783,40.511079,0],[-3.651985,40.511112,0],[-3.652105,40.511125,0],[-3.6522,40.51113,0],[-3.652265,40.511131,0],[-3.652338,40.511129,0],[-3.652448,40.511122,0],[-3.652381,40.511438,0]]]},"properties":{"name":"VALDEFUENTES","description":"","styleUrl":"#poly-FFD600-1200-76","fill-opacity":0.2980392156862745,"fill":"#ffd600","stroke-opacity":1,"stroke":"#ffd600","stroke-width":1.2,"OBJECTID":"256","CODDIS":"16","NOMDIS":"Hortaleza","COD_BAR":"166","NOMBRE":"Valdefuentes","Shape_Leng":"19611.72010842","COD_DIS_TX":"16","BARRIO_MAY":"VALDEFUENTES","COD_DISBAR":"166","NUM_BAR":"6","BARRIO_MT":"VALDEFUENTES","COD_DISB":"16-6","Shape_STAr":"17025263.0124","Shape_STLe":"19611.7201084","id":"166","shape_name":"Valdefuentes","s_var_popdensity":"-1.19321217792762","s_var_carsxperson":"-0.787909408031228","comp_score":"-2.59464112755628","comp_score_n":"-2.59464112755628"}},{"type":"Feature","geometry":{"type":"Polygon","coordinates":[[[-3.726552,40.508137,0],[-3.726645,40.508201,0],[-3.726749,40.508258,0],[-3.726909,40.508323,0],[-3.727098,40.508377,0],[-3.728372,40.508627,0],[-3.730075,40.508961,0],[-3.731089,40.509163,0],[-3.731849,40.509315,0],[-3.731977,40.509344,0],[-3.7321,40.509379,0],[-3.732308,40.509452,0],[-3.732445,40.509514,0],[-3.732645,40.509631,0],[-3.736486,40.51222,0],[-3.736652,40.512316,0],[-3.736928,40.512441,0],[-3.737978,40.512817,0],[-3.739141,40.513226,0],[-3.739418,40.513308,0],[-3.739683,40.512871,0],[-3.740648,40.511256,0],[-3.740739,40.511103,0],[-3.740766,40.511059,0],[-3.7408,40.511002,0],[-3.740838,40.51094,0],[-3.740861,40.510901,0],[-3.740879,40.510871,0],[-3.740923,40.510797,0],[-3.740949,40.510754,0],[-3.740958,40.510739,0],[-3.740966,40.510728,0],[-3.740988,40.51069,0],[-3.741011,40.510653,0],[-3.741035,40.510613,0],[-3.741063,40.510566,0],[-3.741073,40.510549,0],[-3.741091,40.51052,0],[-3.74112,40.510473,0],[-3.741149,40.510425,0],[-3.741173,40.510385,0],[-3.741199,40.510341,0],[-3.741256,40.510245,0],[-3.741273,40.510216,0],[-3.741294,40.51018,0],[-3.741338,40.510107,0],[-3.741346,40.510093,0],[-3.741359,40.510072,0],[-3.741377,40.510041,0],[-3.741398,40.510005,0],[-3.741415,40.509977,0],[-3.741486,40.509857,0],[-3.741508,40.509821,0],[-3.741531,40.509782,0],[-3.741552,40.509746,0],[-3.741628,40.509618,0],[-3.741652,40.509577,0],[-3.741678,40.509535,0],[-3.7417,40.509499,0],[-3.741727,40.509455,0],[-3.741746,40.509423,0],[-3.741757,40.509404,0],[-3.74177,40.509382,0],[-3.741797,40.509336,0],[-3.741814,40.509308,0],[-3.741834,40.509277,0],[-3.741854,40.509242,0],[-3.741874,40.509209,0],[-3.741901,40.509166,0],[-3.741923,40.509129,0],[-3.741941,40.509099,0],[-3.74196,40.509067,0],[-3.741982,40.50903,0],[-3.742027,40.508959,0],[-3.741372,40.50876,0],[-3.741281,40.508732,0],[-3.741135,40.508687,0],[-3.740932,40.508625,0],[-3.739936,40.508321,0],[-3.739728,40.508258,0],[-3.739503,40.508189,0],[-3.739214,40.508101,0],[-3.739075,40.508058,0],[-3.738966,40.508023,0],[-3.738807,40.507981,0],[-3.738679,40.507939,0],[-3.738562,40.507902,0],[-3.738406,40.507854,0],[-3.738301,40.50782,0],[-3.738219,40.507796,0],[-3.738101,40.507762,0],[-3.737972,40.507724,0],[-3.73784,40.507682,0],[-3.737781,40.507664,0],[-3.737608,40.507613,0],[-3.73743,40.507561,0],[-3.737296,40.507521,0],[-3.737143,40.507475,0],[-3.73709,40.50746,0],[-3.736989,40.507433,0],[-3.736847,40.50739,0],[-3.736773,40.507369,0],[-3.736621,40.507325,0],[-3.736485,40.507286,0],[-3.736372,40.507252,0],[-3.736123,40.507179,0],[-3.73588,40.507108,0],[-3.7357,40.507056,0],[-3.735504,40.507002,0],[-3.735334,40.506956,0],[-3.73524,40.506929,0],[-3.735101,40.50689,0],[-3.734966,40.506852,0],[-3.734828,40.50707,0],[-3.734798,40.507115,0],[-3.734772,40.507156,0],[-3.734745,40.507198,0],[-3.734719,40.507239,0],[-3.734696,40.507274,0],[-3.734654,40.50734,0],[-3.734622,40.507389,0],[-3.734581,40.507454,0],[-3.734557,40.50749,0],[-3.734521,40.507547,0],[-3.734488,40.507599,0],[-3.734448,40.507661,0],[-3.734407,40.507724,0],[-3.734094,40.507621,0],[-3.734021,40.507597,0],[-3.733914,40.507561,0],[-3.733874,40.507547,0],[-3.733698,40.507488,0],[-3.733595,40.507453,0],[-3.733469,40.50741,0],[-3.733428,40.507396,0],[-3.733274,40.50738,0],[-3.732993,40.507268,0],[-3.732921,40.507144,0],[-3.732889,40.507097,0],[-3.73299,40.506971,0],[-3.733092,40.506363,0],[-3.732799,40.506293,0],[-3.732733,40.505869,0],[-3.73273,40.505848,0],[-3.732724,40.505802,0],[-3.732717,40.505752,0],[-3.732715,40.505742,0],[-3.732546,40.505295,0],[-3.732543,40.505282,0],[-3.732535,40.50524,0],[-3.732525,40.505191,0],[-3.732518,40.505157,0],[-3.732516,40.505145,0],[-3.732507,40.505101,0],[-3.732499,40.505061,0],[-3.732491,40.505023,0],[-3.732485,40.50499,0],[-3.732478,40.504956,0],[-3.732471,40.504923,0],[-3.732463,40.504882,0],[-3.732454,40.504834,0],[-3.732452,40.504825,0],[-3.732442,40.504778,0],[-3.732431,40.504723,0],[-3.732421,40.504671,0],[-3.732416,40.504642,0],[-3.732411,40.504605,0],[-3.732407,40.504576,0],[-3.732402,40.504548,0],[-3.732398,40.504521,0],[-3.732393,40.504484,0],[-3.732389,40.504458,0],[-3.732384,40.504428,0],[-3.732381,40.5044,0],[-3.732376,40.504364,0],[-3.73237,40.504322,0],[-3.732364,40.504276,0],[-3.732358,40.504226,0],[-3.73231,40.503866,0],[-3.732698,40.503435,0],[-3.73306,40.503176,0],[-3.733651,40.502749,0],[-3.733974,40.502515,0],[-3.734516,40.50212,0],[-3.734859,40.501206,0],[-3.735409,40.499733,0],[-3.73588,40.498467,0],[-3.736169,40.497698,0],[-3.736183,40.497662,0],[-3.736222,40.497559,0],[-3.736328,40.497271,0],[-3.736441,40.497026,0],[-3.736463,40.496983,0],[-3.736527,40.496856,0],[-3.736576,40.496758,0],[-3.736664,40.496582,0],[-3.736767,40.496372,0],[-3.736863,40.496179,0],[-3.736941,40.496026,0],[-3.737126,40.495662,0],[-3.737172,40.495567,0],[-3.737233,40.495441,0],[-3.737358,40.495193,0],[-3.737413,40.495082,0],[-3.737467,40.494972,0],[-3.73752,40.494864,0],[-3.737586,40.49473,0],[-3.737659,40.494583,0],[-3.737725,40.494449,0],[-3.737777,40.494345,0],[-3.737828,40.494241,0],[-3.73788,40.494135,0],[-3.737927,40.49404,0],[-3.737927,40.494039,0],[-3.738001,40.493889,0],[-3.738024,40.493842,0],[-3.738031,40.493829,0],[-3.738038,40.493815,0],[-3.738045,40.493801,0],[-3.738061,40.49377,0],[-3.738206,40.49348,0],[-3.738219,40.493455,0],[-3.738357,40.493168,0],[-3.738417,40.493051,0],[-3.738595,40.492691,0],[-3.738742,40.492393,0],[-3.739046,40.491783,0],[-3.739385,40.491105,0],[-3.739981,40.490553,0],[-3.738076,40.489908,0],[-3.737979,40.489867,0],[-3.737687,40.489648,0],[-3.737507,40.489565,0],[-3.737162,40.489451,0],[-3.736844,40.489338,0],[-3.736733,40.489286,0],[-3.736595,40.489213,0],[-3.736415,40.489151,0],[-3.73618,40.48909,0],[-3.735904,40.489018,0],[-3.735614,40.488956,0],[-3.735309,40.488811,0],[-3.735074,40.488718,0],[-3.734921,40.488614,0],[-3.734698,40.488373,0],[-3.734461,40.488049,0],[-3.734238,40.487892,0],[-3.733824,40.487758,0],[-3.733555,40.487606,0],[-3.733298,40.487478,0],[-3.733013,40.487371,0],[-3.732836,40.487294,0],[-3.732745,40.487238,0],[-3.732636,40.487161,0],[-3.732561,40.487088,0],[-3.732521,40.487057,0],[-3.732441,40.486993,0],[-3.732407,40.486963,0],[-3.732333,40.486942,0],[-3.732253,40.486942,0],[-3.732139,40.486952,0],[-3.732036,40.48697,0],[-3.731767,40.486884,0],[-3.728992,40.485993,0],[-3.727853,40.485611,0],[-3.727771,40.485584,0],[-3.727582,40.485551,0],[-3.725292,40.485542,0],[-3.722708,40.485532,0],[-3.720132,40.485614,0],[-3.719849,40.485625,0],[-3.718988,40.48566,0],[-3.716594,40.485757,0],[-3.71654,40.485505,0],[-3.716505,40.485389,0],[-3.716464,40.485253,0],[-3.716417,40.485127,0],[-3.716349,40.484976,0],[-3.716332,40.484946,0],[-3.716268,40.484831,0],[-3.716244,40.484789,0],[-3.716201,40.484715,0],[-3.716114,40.484594,0],[-3.715995,40.484442,0],[-3.715826,40.484248,0],[-3.715763,40.484187,0],[-3.715712,40.484138,0],[-3.715632,40.484061,0],[-3.715586,40.484018,0],[-3.715392,40.483842,0],[-3.715273,40.483749,0],[-3.715232,40.483717,0],[-3.714959,40.483507,0],[-3.714406,40.483082,0],[-3.714228,40.483113,0],[-3.714145,40.483129,0],[-3.714046,40.483148,0],[-3.713909,40.483177,0],[-3.713794,40.483201,0],[-3.713667,40.483231,0],[-3.713551,40.483258,0],[-3.713435,40.483285,0],[-3.713272,40.483324,0],[-3.71315,40.483357,0],[-3.713088,40.483374,0],[-3.712964,40.483411,0],[-3.712949,40.483416,0],[-3.712881,40.483439,0],[-3.712821,40.483462,0],[-3.712785,40.483476,0],[-3.712626,40.483538,0],[-3.7126,40.483549,0],[-3.712574,40.48356,0],[-3.71251,40.483591,0],[-3.712399,40.483644,0],[-3.712283,40.483699,0],[-3.712188,40.483758,0],[-3.712145,40.483781,0],[-3.712084,40.483814,0],[-3.712018,40.483856,0],[-3.711993,40.483872,0],[-3.710209,40.485058,0],[-3.709786,40.485281,0],[-3.70965,40.485359,0],[-3.709535,40.485429,0],[-3.709419,40.485507,0],[-3.709311,40.485579,0],[-3.708934,40.485865,0],[-3.708716,40.48606,0],[-3.708667,40.486104,0],[-3.708553,40.486179,0],[-3.708423,40.486268,0],[-3.708285,40.48635,0],[-3.708155,40.486426,0],[-3.707993,40.486514,0],[-3.707708,40.486641,0],[-3.707382,40.486755,0],[-3.704699,40.487533,0],[-3.704267,40.487665,0],[-3.704178,40.487692,0],[-3.703583,40.487871,0],[-3.703371,40.487947,0],[-3.703192,40.488023,0],[-3.702882,40.488168,0],[-3.702703,40.488269,0],[-3.702419,40.488458,0],[-3.701972,40.488748,0],[-3.701822,40.488841,0],[-3.701654,40.488952,0],[-3.701535,40.489025,0],[-3.701348,40.489117,0],[-3.701167,40.489199,0],[-3.700937,40.489296,0],[-3.698814,40.489927,0],[-3.698246,40.49009,0],[-3.698389,40.490844,0],[-3.698454,40.491229,0],[-3.698548,40.491796,0],[-3.698599,40.492011,0],[-3.698662,40.492208,0],[-3.698768,40.492467,0],[-3.698872,40.492669,0],[-3.699016,40.492905,0],[-3.699216,40.493174,0],[-3.699445,40.49344,0],[-3.699839,40.493869,0],[-3.700059,40.494105,0],[-3.700286,40.494354,0],[-3.700428,40.494536,0],[-3.700591,40.494794,0],[-3.700698,40.494997,0],[-3.700775,40.495179,0],[-3.700819,40.495309,0],[-3.700868,40.49549,0],[-3.700906,40.495715,0],[-3.70093,40.495988,0],[-3.700926,40.496204,0],[-3.700892,40.496432,0],[-3.700849,40.496641,0],[-3.700766,40.496892,0],[-3.700672,40.497116,0],[-3.700526,40.497379,0],[-3.70035,40.497646,0],[-3.700155,40.497934,0],[-3.699927,40.498247,0],[-3.699692,40.498515,0],[-3.699461,40.498733,0],[-3.699245,40.498917,0],[-3.698814,40.499208,0],[-3.698442,40.499445,0],[-3.69808,40.499674,0],[-3.697664,40.49997,0],[-3.697351,40.500219,0],[-3.697149,40.500406,0],[-3.696918,40.500648,0],[-3.696526,40.501095,0],[-3.696189,40.501515,0],[-3.697032,40.502088,0],[-3.697396,40.502366,0],[-3.697664,40.502661,0],[-3.698252,40.503683,0],[-3.699092,40.503427,0],[-3.699874,40.503292,0],[-3.700495,40.503259,0],[-3.701343,40.503257,0],[-3.702483,40.503311,0],[-3.70471,40.503439,0],[-3.706871,40.503548,0],[-3.709685,40.503702,0],[-3.710899,40.503768,0],[-3.711165,40.503774,0],[-3.7114,40.503753,0],[-3.711653,40.503719,0],[-3.711936,40.503649,0],[-3.712203,40.503549,0],[-3.712672,40.503303,0],[-3.713176,40.503228,0],[-3.713677,40.503277,0],[-3.713817,40.503307,0],[-3.714159,40.503398,0],[-3.714507,40.503534,0],[-3.714897,40.503677,0],[-3.71514,40.503769,0],[-3.715472,40.503882,0],[-3.717077,40.504383,0],[-3.717581,40.504566,0],[-3.718149,40.504791,0],[-3.719084,40.505183,0],[-3.71992,40.505598,0],[-3.720496,40.505909,0],[-3.720896,40.506102,0],[-3.721129,40.506193,0],[-3.72134,40.506257,0],[-3.721654,40.506325,0],[-3.72197,40.506394,0],[-3.722766,40.506557,0],[-3.723075,40.50661,0],[-3.72339,40.506643,0],[-3.72413,40.506703,0],[-3.72427,40.506717,0],[-3.724395,40.506746,0],[-3.724505,40.506789,0],[-3.72462,40.506844,0],[-3.725886,40.50758,0],[-3.725967,40.507629,0],[-3.726098,40.507734,0],[-3.726552,40.508137,0]]]},"properties":{"name":"MIRASIERRA","description":"","styleUrl":"#poly-BDBDBD-1200-76","fill-opacity":0.2980392156862745,"fill":"#bdbdbd","stroke-opacity":1,"stroke":"#bdbdbd","stroke-width":1.2,"OBJECTID":"257","CODDIS":"8","NOMDIS":"Fuencarral - El Pardo","COD_BAR":"087","NOMBRE":"Mirasierra","Shape_Leng":"13146.62548557","COD_DIS_TX":"08","BARRIO_MAY":"MIRASIERRA","COD_DISBAR":"87","NUM_BAR":"7","BARRIO_MT":"MIRASIERRA","COD_DISB":"8-7","Shape_STAr":"6992795.51725","Shape_STLe":"13146.6254856","id":"87","shape_name":"Mirasierra","s_var_popdensity":"-1.10758165044942","s_var_carsxperson":"0.109527819472681","comp_score":"-17.1072266883828","comp_score_n":"-17.1072266883828"}},{"type":"Feature","geometry":{"type":"Polygon","coordinates":[[[-3.658599,40.511669,0],[-3.659158,40.513593,0],[-3.661467,40.517266,0],[-3.66287,40.520033,0],[-3.663348,40.51984,0],[-3.664086,40.519573,0],[-3.665607,40.519027,0],[-3.666014,40.51886,0],[-3.666328,40.518703,0],[-3.666589,40.518552,0],[-3.667056,40.518251,0],[-3.6676,40.517861,0],[-3.667987,40.517577,0],[-3.668322,40.517345,0],[-3.668579,40.517181,0],[-3.668956,40.516962,0],[-3.669348,40.516762,0],[-3.669747,40.516595,0],[-3.67021,40.516422,0],[-3.671398,40.515952,0],[-3.673541,40.514996,0],[-3.674647,40.514508,0],[-3.674982,40.514358,0],[-3.67519,40.514278,0],[-3.675384,40.51421,0],[-3.675656,40.514128,0],[-3.677649,40.513657,0],[-3.677915,40.51359,0],[-3.67902,40.513279,0],[-3.682299,40.512509,0],[-3.682715,40.512411,0],[-3.683209,40.512267,0],[-3.68347,40.512174,0],[-3.68371,40.512062,0],[-3.683933,40.511938,0],[-3.684081,40.511833,0],[-3.684275,40.511688,0],[-3.684777,40.511278,0],[-3.685532,40.51065,0],[-3.685655,40.510584,0],[-3.685762,40.510538,0],[-3.685859,40.510513,0],[-3.685948,40.510498,0],[-3.686043,40.510492,0],[-3.686156,40.510492,0],[-3.686254,40.510503,0],[-3.686364,40.510523,0],[-3.687025,40.510683,0],[-3.688103,40.510159,0],[-3.688493,40.509971,0],[-3.688602,40.509904,0],[-3.688948,40.509691,0],[-3.688971,40.509677,0],[-3.689509,40.509307,0],[-3.689656,40.509172,0],[-3.689691,40.509139,0],[-3.689863,40.508982,0],[-3.689946,40.508906,0],[-3.69047,40.50831,0],[-3.690798,40.507937,0],[-3.691119,40.507563,0],[-3.692281,40.506175,0],[-3.692443,40.505981,0],[-3.69262,40.505768,0],[-3.693857,40.504282,0],[-3.696189,40.501515,0],[-3.696526,40.501095,0],[-3.696918,40.500648,0],[-3.697149,40.500406,0],[-3.697351,40.500219,0],[-3.697664,40.49997,0],[-3.69808,40.499674,0],[-3.698442,40.499445,0],[-3.698814,40.499208,0],[-3.699245,40.498917,0],[-3.699461,40.498733,0],[-3.699692,40.498515,0],[-3.699927,40.498247,0],[-3.700155,40.497934,0],[-3.70035,40.497646,0],[-3.700526,40.497379,0],[-3.700672,40.497116,0],[-3.700766,40.496892,0],[-3.700849,40.496641,0],[-3.700892,40.496432,0],[-3.700926,40.496204,0],[-3.70093,40.495988,0],[-3.700906,40.495715,0],[-3.700868,40.49549,0],[-3.700819,40.495309,0],[-3.700775,40.495179,0],[-3.700698,40.494997,0],[-3.700591,40.494794,0],[-3.700428,40.494536,0],[-3.700286,40.494354,0],[-3.700059,40.494105,0],[-3.699839,40.493869,0],[-3.699445,40.49344,0],[-3.699216,40.493174,0],[-3.699016,40.492905,0],[-3.698872,40.492669,0],[-3.698768,40.492467,0],[-3.698662,40.492208,0],[-3.698599,40.492011,0],[-3.698548,40.491796,0],[-3.698454,40.491229,0],[-3.698389,40.490844,0],[-3.698246,40.49009,0],[-3.698092,40.489483,0],[-3.697972,40.489117,0],[-3.697866,40.488827,0],[-3.697765,40.488602,0],[-3.697622,40.488327,0],[-3.697494,40.48812,0],[-3.697352,40.4879,0],[-3.697137,40.487636,0],[-3.697017,40.487502,0],[-3.696627,40.487119,0],[-3.696274,40.486826,0],[-3.695794,40.486492,0],[-3.6953,40.486227,0],[-3.695102,40.486126,0],[-3.694844,40.486005,0],[-3.694459,40.485852,0],[-3.694157,40.485733,0],[-3.693745,40.485574,0],[-3.693547,40.485496,0],[-3.693287,40.485395,0],[-3.693169,40.485348,0],[-3.69282,40.48521,0],[-3.692558,40.485108,0],[-3.691797,40.484808,0],[-3.691335,40.484622,0],[-3.690834,40.48442,0],[-3.690519,40.484292,0],[-3.690023,40.484092,0],[-3.689978,40.484073,0],[-3.689881,40.484034,0],[-3.689431,40.48385,0],[-3.689204,40.48376,0],[-3.688392,40.48344,0],[-3.6874,40.483172,0],[-3.686452,40.482955,0],[-3.686061,40.48285,0],[-3.685801,40.48275,0],[-3.685589,40.482628,0],[-3.685373,40.482459,0],[-3.685228,40.482293,0],[-3.685097,40.482286,0],[-3.684867,40.482274,0],[-3.684826,40.482276,0],[-3.684717,40.482282,0],[-3.684527,40.482291,0],[-3.684254,40.482333,0],[-3.683943,40.4824,0],[-3.683621,40.482485,0],[-3.683329,40.482579,0],[-3.682156,40.482984,0],[-3.681909,40.483053,0],[-3.681427,40.483189,0],[-3.681156,40.483265,0],[-3.680941,40.483325,0],[-3.680798,40.483364,0],[-3.680473,40.483453,0],[-3.680225,40.483511,0],[-3.680065,40.483549,0],[-3.679356,40.483707,0],[-3.678994,40.483772,0],[-3.678679,40.483819,0],[-3.678522,40.483841,0],[-3.678351,40.483861,0],[-3.678294,40.483868,0],[-3.678174,40.483879,0],[-3.678028,40.483893,0],[-3.678002,40.483894,0],[-3.677777,40.48391,0],[-3.677395,40.483931,0],[-3.677343,40.483933,0],[-3.677286,40.483936,0],[-3.676639,40.483964,0],[-3.676363,40.483974,0],[-3.675916,40.48399,0],[-3.674948,40.484011,0],[-3.674468,40.484024,0],[-3.673461,40.484056,0],[-3.673418,40.484551,0],[-3.673353,40.485251,0],[-3.673327,40.485606,0],[-3.67322,40.486738,0],[-3.673168,40.487203,0],[-3.673139,40.48742,0],[-3.673063,40.487941,0],[-3.672982,40.488374,0],[-3.672893,40.488765,0],[-3.672837,40.488998,0],[-3.672795,40.489137,0],[-3.672708,40.489419,0],[-3.672601,40.489731,0],[-3.672465,40.49007,0],[-3.672349,40.490319,0],[-3.67222,40.490577,0],[-3.672106,40.490786,0],[-3.67196,40.491024,0],[-3.671805,40.49125,0],[-3.671632,40.49148,0],[-3.67144,40.491716,0],[-3.671184,40.491996,0],[-3.670987,40.4922,0],[-3.670651,40.492508,0],[-3.670475,40.492658,0],[-3.670193,40.492894,0],[-3.67002,40.493028,0],[-3.669246,40.493647,0],[-3.668539,40.494201,0],[-3.667893,40.494707,0],[-3.66758,40.494954,0],[-3.667115,40.495322,0],[-3.666987,40.495424,0],[-3.6665,40.495812,0],[-3.666011,40.496205,0],[-3.664865,40.497132,0],[-3.664116,40.497751,0],[-3.663465,40.498289,0],[-3.662886,40.498787,0],[-3.662267,40.499372,0],[-3.661777,40.4999,0],[-3.661523,40.500184,0],[-3.661078,40.500697,0],[-3.660415,40.501474,0],[-3.66005,40.501912,0],[-3.659576,40.502488,0],[-3.659205,40.502966,0],[-3.659112,40.503093,0],[-3.658933,40.503349,0],[-3.658827,40.503514,0],[-3.658734,40.503673,0],[-3.65864,40.503849,0],[-3.658557,40.504015,0],[-3.658462,40.50422,0],[-3.658392,40.5044,0],[-3.658328,40.504605,0],[-3.658236,40.504957,0],[-3.658192,40.505217,0],[-3.658163,40.505493,0],[-3.658154,40.505825,0],[-3.65816,40.506186,0],[-3.658174,40.506584,0],[-3.6582,40.50699,0],[-3.658225,40.507398,0],[-3.658238,40.507572,0],[-3.65825,40.507764,0],[-3.658268,40.507998,0],[-3.658281,40.508187,0],[-3.658292,40.508385,0],[-3.6583,40.508581,0],[-3.658302,40.50876,0],[-3.658308,40.508983,0],[-3.658305,40.509126,0],[-3.6583,40.509317,0],[-3.658298,40.509377,0],[-3.658296,40.509455,0],[-3.658282,40.509596,0],[-3.658267,40.509757,0],[-3.658243,40.50992,0],[-3.658217,40.510096,0],[-3.658175,40.510303,0],[-3.65814,40.510446,0],[-3.658074,40.510678,0],[-3.658011,40.510868,0],[-3.657954,40.511018,0],[-3.657867,40.511229,0],[-3.657752,40.511467,0],[-3.657615,40.511718,0],[-3.657614,40.511719,0],[-3.657885,40.511461,0],[-3.658599,40.511669,0]]]},"properties":{"name":"VALVERDE","description":"","styleUrl":"#poly-757575-1200-76","fill-opacity":0.2980392156862745,"fill":"#757575","stroke-opacity":1,"stroke":"#757575","stroke-width":1.2,"OBJECTID":"258","CODDIS":"8","NOMDIS":"Fuencarral - El Pardo","COD_BAR":"086","NOMBRE":"Valverde","Shape_Leng":"12214.17614034","COD_DIS_TX":"08","BARRIO_MAY":"VALVERDE","COD_DISBAR":"86","NUM_BAR":"6","BARRIO_MT":"VALVERDE","COD_DISB":"8-6","Shape_STAr":"8981228.48477","Shape_STLe":"12214.1761403","id":"86","shape_name":"Valverde","s_var_popdensity":"-0.933759074737015","s_var_carsxperson":"-0.431949658215296","comp_score":"-5.95079673551299","comp_score_n":"-5.95079673551299"}},{"type":"Feature","geometry":{"type":"Polygon","coordinates":[[[-3.701589,40.578533,0],[-3.701594,40.578533,0],[-3.703665,40.578559,0],[-3.710251,40.578504,0],[-3.710479,40.578502,0],[-3.710491,40.578435,0],[-3.710537,40.578244,0],[-3.71057,40.578105,0],[-3.710592,40.578012,0],[-3.710631,40.577859,0],[-3.710701,40.577582,0],[-3.710745,40.577339,0],[-3.710866,40.57674,0],[-3.710923,40.576484,0],[-3.710953,40.576302,0],[-3.710989,40.576155,0],[-3.711075,40.575748,0],[-3.71113,40.575512,0],[-3.71125,40.57491,0],[-3.71131,40.574621,0],[-3.711442,40.574092,0],[-3.711589,40.573457,0],[-3.711729,40.572838,0],[-3.71206,40.572372,0],[-3.71217,40.572072,0],[-3.712216,40.571913,0],[-3.712304,40.571709,0],[-3.712516,40.571385,0],[-3.712549,40.571326,0],[-3.71272,40.571085,0],[-3.713121,40.570595,0],[-3.71328,40.570388,0],[-3.71369,40.56988,0],[-3.714035,40.569411,0],[-3.71448,40.568819,0],[-3.71487,40.568292,0],[-3.715115,40.567958,0],[-3.715922,40.566759,0],[-3.716023,40.566606,0],[-3.716057,40.56657,0],[-3.716037,40.566552,0],[-3.716099,40.566289,0],[-3.716213,40.565824,0],[-3.716296,40.565487,0],[-3.71637,40.565164,0],[-3.716371,40.565143,0],[-3.716362,40.565046,0],[-3.716355,40.564989,0],[-3.716322,40.564782,0],[-3.716307,40.564705,0],[-3.716293,40.564587,0],[-3.716272,40.564438,0],[-3.716258,40.564326,0],[-3.716179,40.563789,0],[-3.716075,40.563113,0],[-3.716067,40.563082,0],[-3.716009,40.562899,0],[-3.715974,40.562796,0],[-3.715938,40.562681,0],[-3.715912,40.56261,0],[-3.715834,40.562377,0],[-3.715807,40.56228,0],[-3.715741,40.562088,0],[-3.715727,40.562056,0],[-3.715652,40.561831,0],[-3.715532,40.561472,0],[-3.715455,40.561229,0],[-3.715437,40.561187,0],[-3.715415,40.561132,0],[-3.715349,40.560893,0],[-3.715291,40.560759,0],[-3.715239,40.560583,0],[-3.715153,40.560333,0],[-3.715096,40.560153,0],[-3.714986,40.559836,0],[-3.714654,40.558795,0],[-3.714843,40.558477,0],[-3.715031,40.558176,0],[-3.715184,40.557925,0],[-3.71522,40.557857,0],[-3.71499,40.557669,0],[-3.714601,40.557348,0],[-3.714097,40.55692,0],[-3.713918,40.556766,0],[-3.713623,40.555891,0],[-3.713604,40.555834,0],[-3.713537,40.555636,0],[-3.713316,40.554953,0],[-3.713105,40.554319,0],[-3.712911,40.553722,0],[-3.712575,40.552681,0],[-3.71198,40.550866,0],[-3.711648,40.549853,0],[-3.711362,40.548982,0],[-3.711267,40.5487,0],[-3.711196,40.548457,0],[-3.711064,40.548084,0],[-3.710804,40.547289,0],[-3.710763,40.547169,0],[-3.710704,40.547013,0],[-3.710669,40.546926,0],[-3.710583,40.546738,0],[-3.710453,40.546443,0],[-3.710282,40.546123,0],[-3.710254,40.546074,0],[-3.710145,40.545864,0],[-3.709984,40.545566,0],[-3.709868,40.545341,0],[-3.709799,40.54521,0],[-3.709663,40.544957,0],[-3.709539,40.544722,0],[-3.709497,40.54464,0],[-3.709382,40.544429,0],[-3.709319,40.544312,0],[-3.709306,40.544283,0],[-3.709187,40.544063,0],[-3.709113,40.543924,0],[-3.709067,40.543839,0],[-3.708939,40.543595,0],[-3.70861,40.542976,0],[-3.708555,40.542875,0],[-3.708525,40.542813,0],[-3.70846,40.542699,0],[-3.708354,40.542497,0],[-3.708308,40.542413,0],[-3.70824,40.54229,0],[-3.708134,40.542094,0],[-3.708029,40.541898,0],[-3.707978,40.541804,0],[-3.707935,40.54173,0],[-3.707908,40.54168,0],[-3.707897,40.541665,0],[-3.707809,40.541538,0],[-3.707679,40.541366,0],[-3.707343,40.540919,0],[-3.707306,40.540879,0],[-3.707192,40.540762,0],[-3.707146,40.540713,0],[-3.707087,40.540651,0],[-3.707047,40.540613,0],[-3.707002,40.540573,0],[-3.706884,40.540466,0],[-3.706845,40.540431,0],[-3.706785,40.540381,0],[-3.706675,40.540284,0],[-3.706532,40.540164,0],[-3.706422,40.540083,0],[-3.70628,40.539979,0],[-3.70609,40.539841,0],[-3.70567,40.539539,0],[-3.705468,40.539394,0],[-3.705581,40.539247,0],[-3.705749,40.539034,0],[-3.705869,40.538878,0],[-3.706026,40.538684,0],[-3.706275,40.538365,0],[-3.706491,40.538094,0],[-3.706884,40.537596,0],[-3.706991,40.53746,0],[-3.707086,40.537342,0],[-3.707158,40.537251,0],[-3.707378,40.536976,0],[-3.707511,40.536803,0],[-3.707612,40.53669,0],[-3.70779,40.536522,0],[-3.708746,40.535634,0],[-3.709133,40.535274,0],[-3.709435,40.534992,0],[-3.709759,40.534692,0],[-3.709968,40.534502,0],[-3.710131,40.534347,0],[-3.710349,40.534141,0],[-3.710849,40.533677,0],[-3.711269,40.533285,0],[-3.711363,40.533201,0],[-3.711542,40.533036,0],[-3.71162,40.532962,0],[-3.711719,40.532867,0],[-3.711741,40.53285,0],[-3.71176,40.53284,0],[-3.711872,40.532801,0],[-3.711965,40.53277,0],[-3.71204,40.532745,0],[-3.712069,40.532735,0],[-3.712126,40.532714,0],[-3.712245,40.532671,0],[-3.712414,40.532611,0],[-3.712582,40.532551,0],[-3.712741,40.532495,0],[-3.712899,40.532439,0],[-3.713073,40.532376,0],[-3.713204,40.532329,0],[-3.713299,40.532296,0],[-3.713524,40.532217,0],[-3.713711,40.532154,0],[-3.713889,40.532089,0],[-3.714058,40.532031,0],[-3.71423,40.53197,0],[-3.714387,40.531917,0],[-3.714453,40.531896,0],[-3.71465,40.531826,0],[-3.714815,40.53177,0],[-3.714997,40.531706,0],[-3.71516,40.531649,0],[-3.715309,40.531597,0],[-3.716159,40.53131,0],[-3.717386,40.530888,0],[-3.71872,40.530431,0],[-3.719514,40.530157,0],[-3.720564,40.529932,0],[-3.720988,40.529837,0],[-3.722169,40.529344,0],[-3.722598,40.529167,0],[-3.723312,40.528865,0],[-3.723918,40.528613,0],[-3.724564,40.528339,0],[-3.725034,40.528141,0],[-3.725562,40.527913,0],[-3.726409,40.527556,0],[-3.72714,40.527243,0],[-3.727734,40.52699,0],[-3.727831,40.526817,0],[-3.727888,40.526717,0],[-3.727971,40.526569,0],[-3.728075,40.526383,0],[-3.728099,40.526342,0],[-3.728287,40.526008,0],[-3.728433,40.52575,0],[-3.728534,40.525569,0],[-3.728634,40.52539,0],[-3.72873,40.525221,0],[-3.728928,40.524868,0],[-3.729023,40.524697,0],[-3.729444,40.523943,0],[-3.729643,40.523579,0],[-3.729672,40.523534,0],[-3.729967,40.523139,0],[-3.730036,40.523136,0],[-3.73011,40.523131,0],[-3.730381,40.523109,0],[-3.730651,40.523086,0],[-3.731223,40.523039,0],[-3.731402,40.523026,0],[-3.731575,40.52301,0],[-3.731788,40.522992,0],[-3.731898,40.522984,0],[-3.731946,40.522973,0],[-3.732094,40.52294,0],[-3.732234,40.522911,0],[-3.732388,40.522879,0],[-3.732441,40.522869,0],[-3.732565,40.522843,0],[-3.732664,40.522824,0],[-3.732685,40.522794,0],[-3.732692,40.522784,0],[-3.7327,40.522771,0],[-3.732718,40.522745,0],[-3.732747,40.522703,0],[-3.732764,40.522678,0],[-3.732781,40.522655,0],[-3.732794,40.522636,0],[-3.732853,40.522555,0],[-3.732921,40.522457,0],[-3.732956,40.522408,0],[-3.733041,40.522292,0],[-3.733229,40.522028,0],[-3.73335,40.521852,0],[-3.733384,40.521804,0],[-3.733437,40.521734,0],[-3.733521,40.521616,0],[-3.733575,40.52154,0],[-3.733625,40.521472,0],[-3.733674,40.521405,0],[-3.733898,40.521089,0],[-3.733949,40.52102,0],[-3.733964,40.521,0],[-3.733994,40.520959,0],[-3.734049,40.520883,0],[-3.734107,40.520805,0],[-3.734163,40.520729,0],[-3.734229,40.52064,0],[-3.734329,40.5205,0],[-3.734343,40.52048,0],[-3.734374,40.520436,0],[-3.734498,40.52026,0],[-3.734543,40.520197,0],[-3.73462,40.520085,0],[-3.734713,40.51995,0],[-3.734917,40.51966,0],[-3.734966,40.519591,0],[-3.735057,40.519466,0],[-3.735166,40.519314,0],[-3.73526,40.519185,0],[-3.735351,40.519059,0],[-3.735417,40.518967,0],[-3.735486,40.51887,0],[-3.73554,40.518794,0],[-3.73566,40.518625,0],[-3.735715,40.51855,0],[-3.735836,40.518389,0],[-3.735912,40.518286,0],[-3.736037,40.518111,0],[-3.73613,40.517984,0],[-3.736224,40.517855,0],[-3.73629,40.517764,0],[-3.736428,40.517578,0],[-3.736502,40.517477,0],[-3.736753,40.517129,0],[-3.73699,40.516807,0],[-3.737228,40.51648,0],[-3.7374,40.516245,0],[-3.737494,40.516114,0],[-3.737842,40.515635,0],[-3.738052,40.515351,0],[-3.738267,40.515056,0],[-3.738713,40.514445,0],[-3.738836,40.514272,0],[-3.738834,40.514271,0],[-3.738872,40.514215,0],[-3.738917,40.514146,0],[-3.738965,40.514066,0],[-3.73908,40.513875,0],[-3.739153,40.513755,0],[-3.739291,40.513526,0],[-3.739382,40.513371,0],[-3.739418,40.513308,0],[-3.739141,40.513226,0],[-3.737978,40.512817,0],[-3.736928,40.512441,0],[-3.736652,40.512316,0],[-3.736486,40.51222,0],[-3.732645,40.509631,0],[-3.732445,40.509514,0],[-3.732308,40.509452,0],[-3.7321,40.509379,0],[-3.731977,40.509344,0],[-3.731849,40.509315,0],[-3.731089,40.509163,0],[-3.730075,40.508961,0],[-3.728372,40.508627,0],[-3.727098,40.508377,0],[-3.726909,40.508323,0],[-3.726749,40.508258,0],[-3.726645,40.508201,0],[-3.726552,40.508137,0],[-3.726098,40.507734,0],[-3.725967,40.507629,0],[-3.725886,40.50758,0],[-3.72462,40.506844,0],[-3.724505,40.506789,0],[-3.724395,40.506746,0],[-3.72427,40.506717,0],[-3.72413,40.506703,0],[-3.72339,40.506643,0],[-3.723075,40.50661,0],[-3.722766,40.506557,0],[-3.72197,40.506394,0],[-3.721654,40.506325,0],[-3.72134,40.506257,0],[-3.721129,40.506193,0],[-3.720896,40.506102,0],[-3.720496,40.505909,0],[-3.71992,40.505598,0],[-3.719084,40.505183,0],[-3.718149,40.504791,0],[-3.717581,40.504566,0],[-3.717077,40.504383,0],[-3.715472,40.503882,0],[-3.71514,40.503769,0],[-3.714897,40.503677,0],[-3.714507,40.503534,0],[-3.714159,40.503398,0],[-3.713817,40.503307,0],[-3.713677,40.503277,0],[-3.713176,40.503228,0],[-3.712672,40.503303,0],[-3.712203,40.503549,0],[-3.711936,40.503649,0],[-3.711653,40.503719,0],[-3.7114,40.503753,0],[-3.711165,40.503774,0],[-3.710899,40.503768,0],[-3.709685,40.503702,0],[-3.706871,40.503548,0],[-3.70471,40.503439,0],[-3.702483,40.503311,0],[-3.701343,40.503257,0],[-3.700495,40.503259,0],[-3.699874,40.503292,0],[-3.699092,40.503427,0],[-3.698252,40.503683,0],[-3.697664,40.502661,0],[-3.697396,40.502366,0],[-3.697032,40.502088,0],[-3.696189,40.501515,0],[-3.693857,40.504282,0],[-3.69262,40.505768,0],[-3.692443,40.505981,0],[-3.692281,40.506175,0],[-3.691119,40.507563,0],[-3.690798,40.507937,0],[-3.69047,40.50831,0],[-3.689946,40.508906,0],[-3.689863,40.508982,0],[-3.689691,40.509139,0],[-3.689656,40.509172,0],[-3.689509,40.509307,0],[-3.688971,40.509677,0],[-3.688948,40.509691,0],[-3.688602,40.509904,0],[-3.688493,40.509971,0],[-3.688103,40.510159,0],[-3.687025,40.510683,0],[-3.686364,40.510523,0],[-3.686254,40.510503,0],[-3.686156,40.510492,0],[-3.686043,40.510492,0],[-3.685948,40.510498,0],[-3.685859,40.510513,0],[-3.685762,40.510538,0],[-3.685655,40.510584,0],[-3.685532,40.51065,0],[-3.684777,40.511278,0],[-3.684275,40.511688,0],[-3.684081,40.511833,0],[-3.683933,40.511938,0],[-3.68371,40.512062,0],[-3.68347,40.512174,0],[-3.683209,40.512267,0],[-3.682715,40.512411,0],[-3.682299,40.512509,0],[-3.67902,40.513279,0],[-3.677915,40.51359,0],[-3.677649,40.513657,0],[-3.675656,40.514128,0],[-3.675384,40.51421,0],[-3.67519,40.514278,0],[-3.674982,40.514358,0],[-3.674647,40.514508,0],[-3.673541,40.514996,0],[-3.671398,40.515952,0],[-3.67021,40.516422,0],[-3.669747,40.516595,0],[-3.669348,40.516762,0],[-3.668956,40.516962,0],[-3.668579,40.517181,0],[-3.668322,40.517345,0],[-3.667987,40.517577,0],[-3.6676,40.517861,0],[-3.667056,40.518251,0],[-3.666589,40.518552,0],[-3.666328,40.518703,0],[-3.666014,40.51886,0],[-3.665607,40.519027,0],[-3.664086,40.519573,0],[-3.663348,40.51984,0],[-3.66287,40.520033,0],[-3.666202,40.521113,0],[-3.666239,40.521125,0],[-3.66618,40.521225,0],[-3.666067,40.521403,0],[-3.665994,40.521561,0],[-3.665968,40.521641,0],[-3.665939,40.521797,0],[-3.665895,40.522014,0],[-3.665846,40.522165,0],[-3.665715,40.522551,0],[-3.665663,40.522748,0],[-3.665631,40.522903,0],[-3.665624,40.522933,0],[-3.66562,40.522958,0],[-3.665618,40.523,0],[-3.665623,40.523041,0],[-3.665629,40.523079,0],[-3.665636,40.523136,0],[-3.665655,40.523239,0],[-3.665681,40.523338,0],[-3.665709,40.523412,0],[-3.665776,40.523567,0],[-3.665844,40.523692,0],[-3.665933,40.523887,0],[-3.665945,40.523923,0],[-3.665955,40.523986,0],[-3.665959,40.524066,0],[-3.66596,40.524255,0],[-3.665944,40.524476,0],[-3.665978,40.524479,0],[-3.667651,40.525008,0],[-3.670048,40.524721,0],[-3.672029,40.524366,0],[-3.675067,40.525575,0],[-3.675582,40.526118,0],[-3.677207,40.526992,0],[-3.676528,40.527245,0],[-3.675724,40.528381,0],[-3.672337,40.530869,0],[-3.671015,40.532063,0],[-3.669349,40.534341,0],[-3.669324,40.53438,0],[-3.669519,40.534508,0],[-3.66979,40.53469,0],[-3.669918,40.534766,0],[-3.67005,40.534858,0],[-3.670133,40.53493,0],[-3.670223,40.535024,0],[-3.670338,40.535159,0],[-3.670475,40.535302,0],[-3.670646,40.535507,0],[-3.670711,40.535603,0],[-3.670759,40.535708,0],[-3.670798,40.535821,0],[-3.67084,40.535886,0],[-3.670937,40.536057,0],[-3.671011,40.536163,0],[-3.671107,40.536305,0],[-3.67126,40.536481,0],[-3.671406,40.536645,0],[-3.671538,40.536795,0],[-3.67165,40.536955,0],[-3.671734,40.537062,0],[-3.671844,40.53718,0],[-3.671965,40.537291,0],[-3.672057,40.537372,0],[-3.67218,40.537432,0],[-3.672258,40.537454,0],[-3.672405,40.537491,0],[-3.672635,40.537541,0],[-3.672943,40.537601,0],[-3.673095,40.537636,0],[-3.673185,40.537657,0],[-3.673294,40.537699,0],[-3.673436,40.537774,0],[-3.673672,40.537903,0],[-3.673792,40.537976,0],[-3.673916,40.538068,0],[-3.674084,40.538188,0],[-3.674121,40.538227,0],[-3.674214,40.538351,0],[-3.674265,40.538427,0],[-3.674335,40.538528,0],[-3.674347,40.538617,0],[-3.674384,40.538737,0],[-3.674443,40.538908,0],[-3.674474,40.538998,0],[-3.674528,40.539098,0],[-3.674598,40.539212,0],[-3.674703,40.539389,0],[-3.674743,40.539472,0],[-3.6748,40.539605,0],[-3.674868,40.53971,0],[-3.674989,40.539887,0],[-3.675067,40.539987,0],[-3.675178,40.54014,0],[-3.675297,40.540309,0],[-3.675551,40.54069,0],[-3.675624,40.540782,0],[-3.675718,40.540895,0],[-3.675786,40.540955,0],[-3.675888,40.54105,0],[-3.67595,40.541106,0],[-3.675977,40.541122,0],[-3.67611,40.541211,0],[-3.676298,40.54131,0],[-3.676488,40.541415,0],[-3.676608,40.541497,0],[-3.676706,40.541573,0],[-3.676943,40.541776,0],[-3.677013,40.541854,0],[-3.677259,40.542123,0],[-3.677449,40.542336,0],[-3.677624,40.5426,0],[-3.677695,40.542679,0],[-3.677817,40.542819,0],[-3.677945,40.542954,0],[-3.677977,40.542996,0],[-3.678023,40.543112,0],[-3.678153,40.543365,0],[-3.678169,40.543396,0],[-3.678182,40.543448,0],[-3.678163,40.543451,0],[-3.678742,40.545382,0],[-3.678623,40.546506,0],[-3.678605,40.546511,0],[-3.678618,40.546542,0],[-3.678725,40.546738,0],[-3.678767,40.546831,0],[-3.678796,40.546887,0],[-3.678937,40.547106,0],[-3.678986,40.547179,0],[-3.679031,40.547235,0],[-3.679066,40.547269,0],[-3.679166,40.547359,0],[-3.679302,40.547467,0],[-3.679386,40.547538,0],[-3.679434,40.547602,0],[-3.679562,40.547757,0],[-3.679632,40.547837,0],[-3.679691,40.547917,0],[-3.679833,40.548123,0],[-3.679962,40.548311,0],[-3.68007,40.548485,0],[-3.680132,40.548589,0],[-3.680183,40.548664,0],[-3.680238,40.548734,0],[-3.680307,40.548777,0],[-3.680382,40.548809,0],[-3.680612,40.548911,0],[-3.680812,40.548997,0],[-3.681139,40.549206,0],[-3.681314,40.549349,0],[-3.681438,40.54946,0],[-3.681481,40.549509,0],[-3.681607,40.549652,0],[-3.681733,40.549785,0],[-3.681855,40.549922,0],[-3.6819,40.54999,0],[-3.681943,40.550238,0],[-3.681975,40.550354,0],[-3.682017,40.550469,0],[-3.682107,40.550682,0],[-3.682236,40.55081,0],[-3.682354,40.551021,0],[-3.682432,40.551202,0],[-3.682477,40.551325,0],[-3.682495,40.551561,0],[-3.682337,40.551966,0],[-3.68229,40.552083,0],[-3.682278,40.552184,0],[-3.682201,40.552541,0],[-3.682174,40.552656,0],[-3.682137,40.552819,0],[-3.682121,40.552906,0],[-3.682151,40.552908,0],[-3.682408,40.553831,0],[-3.684931,40.558094,0],[-3.685751,40.559647,0],[-3.686658,40.562396,0],[-3.686969,40.563149,0],[-3.687922,40.564953,0],[-3.688905,40.567147,0],[-3.688955,40.567165,0],[-3.688943,40.567198,0],[-3.688938,40.567236,0],[-3.68894,40.567277,0],[-3.688948,40.567344,0],[-3.688962,40.567403,0],[-3.688985,40.567465,0],[-3.689045,40.567618,0],[-3.689139,40.567847,0],[-3.689219,40.568018,0],[-3.689312,40.56826,0],[-3.689376,40.568396,0],[-3.689422,40.568491,0],[-3.68948,40.568552,0],[-3.689532,40.568616,0],[-3.689561,40.568691,0],[-3.689562,40.568819,0],[-3.689558,40.568987,0],[-3.689557,40.569083,0],[-3.689579,40.569476,0],[-3.689589,40.569646,0],[-3.6896,40.56976,0],[-3.689591,40.569858,0],[-3.68957,40.56998,0],[-3.689531,40.570103,0],[-3.689491,40.570187,0],[-3.689397,40.570358,0],[-3.689445,40.570347,0],[-3.689549,40.570322,0],[-3.689743,40.570256,0],[-3.689877,40.570195,0],[-3.690017,40.570116,0],[-3.690234,40.569963,0],[-3.690317,40.569911,0],[-3.690407,40.569835,0],[-3.690484,40.569751,0],[-3.690564,40.569625,0],[-3.69061,40.569516,0],[-3.690637,40.569397,0],[-3.690662,40.569269,0],[-3.690665,40.56924,0],[-3.690666,40.569228,0],[-3.690672,40.569182,0],[-3.690708,40.569185,0],[-3.690725,40.569173,0],[-3.690726,40.569174,0],[-3.690833,40.569281,0],[-3.690969,40.569451,0],[-3.691053,40.569553,0],[-3.691116,40.569615,0],[-3.691171,40.569655,0],[-3.691232,40.569689,0],[-3.691295,40.56971,0],[-3.691349,40.569726,0],[-3.691496,40.569771,0],[-3.691574,40.569792,0],[-3.691635,40.569814,0],[-3.691674,40.569837,0],[-3.691718,40.56987,0],[-3.691761,40.569915,0],[-3.691872,40.570072,0],[-3.692066,40.570329,0],[-3.69218,40.570464,0],[-3.692332,40.570639,0],[-3.692392,40.570706,0],[-3.692425,40.570752,0],[-3.692461,40.570818,0],[-3.692488,40.570891,0],[-3.69251,40.570968,0],[-3.692542,40.571069,0],[-3.692557,40.571141,0],[-3.692565,40.57122,0],[-3.692589,40.57141,0],[-3.692627,40.571567,0],[-3.69263,40.571582,0],[-3.692661,40.571579,0],[-3.69272,40.571539,0],[-3.692771,40.571577,0],[-3.693005,40.571708,0],[-3.693026,40.571719,0],[-3.693036,40.571724,0],[-3.693052,40.571733,0],[-3.693054,40.571734,0],[-3.693058,40.571736,0],[-3.693083,40.57175,0],[-3.693112,40.571764,0],[-3.693157,40.57179,0],[-3.693234,40.571845,0],[-3.69332,40.571911,0],[-3.693433,40.571999,0],[-3.693515,40.572072,0],[-3.693685,40.572257,0],[-3.693927,40.572529,0],[-3.694042,40.572657,0],[-3.694187,40.572824,0],[-3.694539,40.573231,0],[-3.694711,40.573426,0],[-3.694897,40.573632,0],[-3.694937,40.573676,0],[-3.694952,40.57369,0],[-3.694979,40.573706,0],[-3.695034,40.57373,0],[-3.695491,40.573922,0],[-3.696124,40.5742,0],[-3.696263,40.574271,0],[-3.6963,40.5743,0],[-3.696384,40.574347,0],[-3.696485,40.574424,0],[-3.69685,40.57469,0],[-3.696924,40.574745,0],[-3.696979,40.574787,0],[-3.697012,40.574816,0],[-3.697051,40.574871,0],[-3.697084,40.574938,0],[-3.697138,40.575057,0],[-3.697191,40.575174,0],[-3.697219,40.575238,0],[-3.697244,40.575299,0],[-3.697249,40.575326,0],[-3.697255,40.575354,0],[-3.697257,40.575375,0],[-3.697277,40.575489,0],[-3.697299,40.575623,0],[-3.697303,40.575656,0],[-3.697303,40.57568,0],[-3.697302,40.57574,0],[-3.697302,40.57578,0],[-3.697301,40.575916,0],[-3.6973,40.57601,0],[-3.697334,40.576043,0],[-3.697432,40.576123,0],[-3.697498,40.576175,0],[-3.697606,40.576261,0],[-3.697725,40.576356,0],[-3.697781,40.5764,0],[-3.697851,40.576461,0],[-3.697926,40.576553,0],[-3.698066,40.576738,0],[-3.698131,40.576826,0],[-3.698195,40.576894,0],[-3.698255,40.576929,0],[-3.698303,40.576955,0],[-3.698423,40.577023,0],[-3.69851,40.577072,0],[-3.698654,40.577157,0],[-3.698733,40.577208,0],[-3.698804,40.577258,0],[-3.698848,40.577297,0],[-3.698987,40.577449,0],[-3.699063,40.57753,0],[-3.699116,40.577579,0],[-3.699226,40.577665,0],[-3.699254,40.577687,0],[-3.699267,40.577696,0],[-3.699351,40.577758,0],[-3.699471,40.577845,0],[-3.699733,40.578024,0],[-3.699865,40.578106,0],[-3.699934,40.578148,0],[-3.700027,40.578205,0],[-3.700112,40.578238,0],[-3.700156,40.578256,0],[-3.700261,40.578296,0],[-3.700284,40.578305,0],[-3.700366,40.578306,0],[-3.700605,40.578308,0],[-3.700879,40.578308,0],[-3.701052,40.578309,0],[-3.701427,40.578312,0],[-3.701534,40.578313,0],[-3.701591,40.578315,0],[-3.701589,40.578533,0]]]},"properties":{"name":"EL GOLOSO","description":"","styleUrl":"#poly-FFD600-1200-76","fill-opacity":0.2980392156862745,"fill":"#ffd600","stroke-opacity":1,"stroke":"#ffd600","stroke-width":1.2,"OBJECTID":"259","CODDIS":"8","NOMDIS":"Fuencarral - El Pardo","COD_BAR":"088","NOMBRE":"El Goloso","Shape_Leng":"26548.95608588","COD_DIS_TX":"08","BARRIO_MAY":"EL GOLOSO","COD_DISBAR":"88","NUM_BAR":"8","BARRIO_MT":"EL GOLOSO","COD_DISB":"8-8","Shape_STAr":"26493087.1432","Shape_STLe":"26548.9560859","id":"88","shape_name":"El Goloso","s_var_popdensity":"-1.46894654089889","s_var_carsxperson":"-1.8139792406112","comp_score":"-3.46241270979644","comp_score_n":"-3.46241270979644"}},{"type":"Feature","geometry":{"type":"Polygon","coordinates":[[[-3.655675,40.643276,0],[-3.655693,40.643278,0],[-3.655861,40.643247,0],[-3.655881,40.643244,0],[-3.655945,40.643229,0],[-3.656139,40.642935,0],[-3.656202,40.64291,0],[-3.656461,40.642814,0],[-3.656751,40.642701,0],[-3.657048,40.64259,0],[-3.657385,40.642462,0],[-3.657662,40.642355,0],[-3.658022,40.642225,0],[-3.65848,40.642054,0],[-3.659017,40.641626,0],[-3.659231,40.64145,0],[-3.659313,40.64138,0],[-3.659389,40.641324,0],[-3.659735,40.641054,0],[-3.660243,40.640642,0],[-3.660433,40.640488,0],[-3.660774,40.640216,0],[-3.661087,40.639964,0],[-3.661337,40.639764,0],[-3.661663,40.639499,0],[-3.661674,40.639492,0],[-3.661732,40.639412,0],[-3.661796,40.639328,0],[-3.661884,40.639216,0],[-3.661979,40.638919,0],[-3.661987,40.638899,0],[-3.662139,40.63843,0],[-3.662168,40.638344,0],[-3.662207,40.638219,0],[-3.662241,40.638136,0],[-3.662294,40.638035,0],[-3.662347,40.637953,0],[-3.662394,40.637875,0],[-3.662447,40.637814,0],[-3.66283,40.637382,0],[-3.66303,40.637156,0],[-3.663101,40.637074,0],[-3.663272,40.636882,0],[-3.664096,40.635952,0],[-3.664308,40.635708,0],[-3.66445,40.635522,0],[-3.665493,40.634178,0],[-3.665758,40.63377,0],[-3.667219,40.631308,0],[-3.667303,40.631166,0],[-3.667388,40.630982,0],[-3.667552,40.630627,0],[-3.667995,40.629666,0],[-3.668022,40.629607,0],[-3.668349,40.628892,0],[-3.668383,40.62864,0],[-3.668429,40.628314,0],[-3.668547,40.627449,0],[-3.668559,40.627363,0],[-3.668523,40.627021,0],[-3.668519,40.626143,0],[-3.668521,40.625917,0],[-3.668389,40.62564,0],[-3.668232,40.625304,0],[-3.6677,40.624169,0],[-3.667422,40.623578,0],[-3.667358,40.623444,0],[-3.66711,40.622914,0],[-3.667063,40.622813,0],[-3.667043,40.622753,0],[-3.666974,40.622535,0],[-3.666936,40.622328,0],[-3.666866,40.62192,0],[-3.666845,40.621813,0],[-3.666807,40.621567,0],[-3.666757,40.621268,0],[-3.666651,40.620664,0],[-3.666612,40.620431,0],[-3.666552,40.620064,0],[-3.666644,40.619833,0],[-3.666711,40.619746,0],[-3.666835,40.619581,0],[-3.66684,40.619578,0],[-3.668585,40.618736,0],[-3.670931,40.617609,0],[-3.671138,40.617507,0],[-3.671213,40.617472,0],[-3.671263,40.617457,0],[-3.671386,40.617423,0],[-3.671483,40.617397,0],[-3.671588,40.617369,0],[-3.671898,40.617285,0],[-3.672215,40.617199,0],[-3.673126,40.616952,0],[-3.673587,40.616826,0],[-3.6737,40.616781,0],[-3.67436,40.616542,0],[-3.674526,40.616474,0],[-3.674596,40.616442,0],[-3.674656,40.61641,0],[-3.674773,40.616318,0],[-3.674979,40.6161,0],[-3.67531,40.615738,0],[-3.675311,40.615735,0],[-3.675311,40.615728,0],[-3.675309,40.615721,0],[-3.6753,40.615688,0],[-3.675298,40.615681,0],[-3.675299,40.615676,0],[-3.675305,40.615666,0],[-3.675317,40.615655,0],[-3.675335,40.615634,0],[-3.675596,40.61535,0],[-3.675823,40.6151,0],[-3.675916,40.615076,0],[-3.676159,40.61481,0],[-3.676234,40.614711,0],[-3.676266,40.614666,0],[-3.676288,40.614598,0],[-3.676311,40.614565,0],[-3.676504,40.614357,0],[-3.676681,40.61415,0],[-3.67684,40.613965,0],[-3.677311,40.613412,0],[-3.677787,40.612858,0],[-3.67817,40.612409,0],[-3.678386,40.612156,0],[-3.678619,40.611883,0],[-3.678785,40.61169,0],[-3.678979,40.611465,0],[-3.679143,40.61127,0],[-3.679224,40.611175,0],[-3.679323,40.611108,0],[-3.679475,40.611004,0],[-3.679668,40.610867,0],[-3.6798,40.610815,0],[-3.680026,40.610724,0],[-3.680281,40.610621,0],[-3.680646,40.610472,0],[-3.681039,40.610312,0],[-3.681317,40.6102,0],[-3.681893,40.609966,0],[-3.682232,40.609827,0],[-3.682388,40.609765,0],[-3.682432,40.609748,0],[-3.682685,40.609644,0],[-3.68332,40.609392,0],[-3.683712,40.609239,0],[-3.684082,40.609095,0],[-3.684601,40.608892,0],[-3.684774,40.60882,0],[-3.685083,40.608661,0],[-3.685327,40.608462,0],[-3.685582,40.608256,0],[-3.686081,40.607861,0],[-3.686485,40.607549,0],[-3.687054,40.607098,0],[-3.687251,40.60694,0],[-3.687417,40.606809,0],[-3.68761,40.606575,0],[-3.687778,40.606263,0],[-3.687905,40.60602,0],[-3.688062,40.605732,0],[-3.6882,40.60547,0],[-3.688306,40.605289,0],[-3.688351,40.605213,0],[-3.688425,40.605088,0],[-3.688851,40.604365,0],[-3.68904,40.604044,0],[-3.689283,40.603631,0],[-3.689545,40.603186,0],[-3.690301,40.6019,0],[-3.69038,40.601764,0],[-3.690479,40.601594,0],[-3.690575,40.601431,0],[-3.690631,40.601312,0],[-3.690675,40.601215,0],[-3.690695,40.601158,0],[-3.690806,40.600831,0],[-3.691697,40.59821,0],[-3.691782,40.59796,0],[-3.691864,40.597719,0],[-3.691891,40.59765,0],[-3.691968,40.597484,0],[-3.69201,40.597393,0],[-3.692078,40.597274,0],[-3.692839,40.595943,0],[-3.692891,40.595852,0],[-3.694042,40.593842,0],[-3.69418,40.593601,0],[-3.694289,40.593408,0],[-3.694421,40.593174,0],[-3.694575,40.592907,0],[-3.694683,40.592715,0],[-3.694814,40.592485,0],[-3.694934,40.592277,0],[-3.695078,40.592017,0],[-3.695247,40.591722,0],[-3.695405,40.591442,0],[-3.69559,40.591118,0],[-3.695757,40.590822,0],[-3.695985,40.590424,0],[-3.696092,40.590237,0],[-3.696223,40.590029,0],[-3.696305,40.589919,0],[-3.696332,40.589879,0],[-3.696473,40.58979,0],[-3.696745,40.589635,0],[-3.696901,40.589555,0],[-3.697106,40.589449,0],[-3.697494,40.58925,0],[-3.697901,40.589041,0],[-3.698338,40.588817,0],[-3.698752,40.588603,0],[-3.69902,40.588468,0],[-3.699439,40.588249,0],[-3.699828,40.588048,0],[-3.700347,40.587782,0],[-3.70042,40.587734,0],[-3.70079,40.587551,0],[-3.70112,40.587382,0],[-3.701396,40.587241,0],[-3.701562,40.587156,0],[-3.701772,40.587048,0],[-3.701865,40.587,0],[-3.701959,40.586951,0],[-3.70204,40.5869,0],[-3.702227,40.586784,0],[-3.702492,40.586593,0],[-3.702949,40.586263,0],[-3.703302,40.586008,0],[-3.703711,40.585716,0],[-3.704167,40.585385,0],[-3.704395,40.58522,0],[-3.704698,40.585001,0],[-3.704783,40.584944,0],[-3.705017,40.584849,0],[-3.705196,40.584782,0],[-3.705386,40.584697,0],[-3.705395,40.583797,0],[-3.705396,40.583544,0],[-3.705398,40.58298,0],[-3.705865,40.583005,0],[-3.707632,40.583149,0],[-3.707886,40.583756,0],[-3.708589,40.583518,0],[-3.710842,40.583119,0],[-3.711026,40.5831,0],[-3.711205,40.583081,0],[-3.711359,40.583065,0],[-3.711494,40.58305,0],[-3.711652,40.583076,0],[-3.713001,40.583293,0],[-3.71371,40.583005,0],[-3.714538,40.582657,0],[-3.716041,40.582797,0],[-3.716486,40.582837,0],[-3.717252,40.582898,0],[-3.718289,40.582529,0],[-3.718658,40.582397,0],[-3.71942,40.582125,0],[-3.720662,40.582219,0],[-3.721431,40.5826,0],[-3.721992,40.582758,0],[-3.723438,40.583166,0],[-3.723583,40.583207,0],[-3.724698,40.583524,0],[-3.725048,40.58362,0],[-3.726004,40.583886,0],[-3.726458,40.584013,0],[-3.726671,40.584072,0],[-3.727291,40.584256,0],[-3.72776,40.584394,0],[-3.728194,40.584529,0],[-3.72915,40.584862,0],[-3.729809,40.58509,0],[-3.730021,40.585114,0],[-3.730224,40.585141,0],[-3.73046,40.585167,0],[-3.730637,40.585189,0],[-3.731032,40.585235,0],[-3.732295,40.585387,0],[-3.732778,40.585319,0],[-3.733157,40.585266,0],[-3.733556,40.585322,0],[-3.7337,40.585344,0],[-3.733982,40.585378,0],[-3.734247,40.58546,0],[-3.734337,40.58548,0],[-3.734457,40.585503,0],[-3.734561,40.585524,0],[-3.73498,40.585605,0],[-3.735161,40.585639,0],[-3.735325,40.585672,0],[-3.735524,40.585688,0],[-3.735838,40.585717,0],[-3.73656,40.585904,0],[-3.737269,40.58607,0],[-3.737739,40.586273,0],[-3.738174,40.586471,0],[-3.738565,40.586943,0],[-3.738983,40.587808,0],[-3.739169,40.588059,0],[-3.739686,40.589301,0],[-3.740817,40.590646,0],[-3.742262,40.591026,0],[-3.74373,40.591407,0],[-3.744373,40.591579,0],[-3.745395,40.591886,0],[-3.745804,40.5922,0],[-3.74581,40.592204,0],[-3.749258,40.592711,0],[-3.750148,40.592439,0],[-3.750524,40.592787,0],[-3.752196,40.594343,0],[-3.75222,40.594362,0],[-3.752295,40.594408,0],[-3.752962,40.594771,0],[-3.753642,40.594759,0],[-3.754322,40.594995,0],[-3.757097,40.595961,0],[-3.757372,40.596062,0],[-3.757674,40.59605,0],[-3.757844,40.596052,0],[-3.758453,40.596091,0],[-3.758462,40.596092,0],[-3.758468,40.596096,0],[-3.758829,40.596363,0],[-3.758993,40.596479,0],[-3.759047,40.596516,0],[-3.759243,40.59666,0],[-3.759457,40.596785,0],[-3.759852,40.597009,0],[-3.76023,40.5971,0],[-3.760672,40.597204,0],[-3.760886,40.597255,0],[-3.761556,40.597517,0],[-3.762162,40.597753,0],[-3.762216,40.597771,0],[-3.763117,40.59802,0],[-3.763575,40.598148,0],[-3.763934,40.598248,0],[-3.764208,40.598322,0],[-3.765241,40.598398,0],[-3.765336,40.598431,0],[-3.765979,40.598643,0],[-3.766285,40.598792,0],[-3.767308,40.5993,0],[-3.767625,40.599453,0],[-3.768169,40.599661,0],[-3.769054,40.599763,0],[-3.769462,40.599815,0],[-3.769957,40.599874,0],[-3.770322,40.599919,0],[-3.770602,40.599954,0],[-3.771002,40.600005,0],[-3.7714,40.600051,0],[-3.7719,40.600113,0],[-3.772472,40.600179,0],[-3.772786,40.600243,0],[-3.773251,40.600334,0],[-3.773803,40.600444,0],[-3.774319,40.600544,0],[-3.774714,40.600649,0],[-3.775024,40.600741,0],[-3.775392,40.600843,0],[-3.775436,40.600857,0],[-3.775775,40.600951,0],[-3.776532,40.601174,0],[-3.777172,40.601352,0],[-3.778263,40.601732,0],[-3.778935,40.601744,0],[-3.779787,40.601169,0],[-3.780483,40.601021,0],[-3.781011,40.600916,0],[-3.781634,40.60081,0],[-3.782263,40.60146,0],[-3.782803,40.601714,0],[-3.783484,40.601768,0],[-3.783992,40.601414,0],[-3.784463,40.601075,0],[-3.785024,40.600479,0],[-3.785655,40.600401,0],[-3.786322,40.600384,0],[-3.787243,40.599952,0],[-3.788086,40.599558,0],[-3.789056,40.5991,0],[-3.789912,40.59899,0],[-3.790316,40.599043,0],[-3.790856,40.599121,0],[-3.791165,40.599162,0],[-3.791995,40.599282,0],[-3.792284,40.599329,0],[-3.792927,40.599466,0],[-3.794135,40.599772,0],[-3.794556,40.59982,0],[-3.79532,40.599907,0],[-3.795736,40.599901,0],[-3.796038,40.599902,0],[-3.796744,40.599886,0],[-3.79724,40.599702,0],[-3.797659,40.599408,0],[-3.797872,40.599251,0],[-3.798505,40.598811,0],[-3.799119,40.59849,0],[-3.799772,40.59859,0],[-3.799912,40.598617,0],[-3.800534,40.598772,0],[-3.801112,40.598888,0],[-3.802595,40.598886,0],[-3.802999,40.598877,0],[-3.803356,40.598882,0],[-3.803528,40.598987,0],[-3.803499,40.599052,0],[-3.80332,40.599401,0],[-3.803188,40.599646,0],[-3.803108,40.599799,0],[-3.802982,40.600055,0],[-3.802937,40.600136,0],[-3.802918,40.600183,0],[-3.802613,40.600761,0],[-3.802533,40.600926,0],[-3.802414,40.601158,0],[-3.802249,40.601482,0],[-3.802079,40.601771,0],[-3.801804,40.602256,0],[-3.801551,40.602676,0],[-3.801425,40.602897,0],[-3.80112,40.603443,0],[-3.801012,40.603632,0],[-3.800626,40.6043,0],[-3.800317,40.604834,0],[-3.800312,40.604845,0],[-3.80053,40.605901,0],[-3.801705,40.606348,0],[-3.802187,40.606311,0],[-3.803047,40.606597,0],[-3.803341,40.606696,0],[-3.803983,40.60691,0],[-3.804855,40.607187,0],[-3.804896,40.607202,0],[-3.804974,40.607249,0],[-3.805582,40.607635,0],[-3.805743,40.607736,0],[-3.805871,40.607819,0],[-3.805931,40.607845,0],[-3.806125,40.607916,0],[-3.806256,40.608031,0],[-3.80627,40.608391,0],[-3.806451,40.608641,0],[-3.80642,40.608742,0],[-3.806194,40.609081,0],[-3.806164,40.609124,0],[-3.806079,40.609257,0],[-3.806077,40.609268,0],[-3.806079,40.609278,0],[-3.806084,40.60929,0],[-3.806201,40.609511,0],[-3.806508,40.609456,0],[-3.806704,40.609422,0],[-3.806943,40.609364,0],[-3.806959,40.609356,0],[-3.80726,40.609243,0],[-3.807379,40.609199,0],[-3.807771,40.60919,0],[-3.807977,40.609182,0],[-3.808101,40.609175,0],[-3.808225,40.609168,0],[-3.808415,40.609195,0],[-3.808651,40.609234,0],[-3.808746,40.609248,0],[-3.809016,40.609289,0],[-3.809103,40.609302,0],[-3.809176,40.609313,0],[-3.809266,40.609406,0],[-3.809348,40.609501,0],[-3.809389,40.609694,0],[-3.80942,40.609875,0],[-3.809608,40.609869,0],[-3.809684,40.609837,0],[-3.809735,40.609811,0],[-3.809799,40.609718,0],[-3.809846,40.609649,0],[-3.809934,40.609523,0],[-3.809939,40.609499,0],[-3.809948,40.609439,0],[-3.81008,40.609465,0],[-3.810143,40.609478,0],[-3.810177,40.609483,0],[-3.810244,40.609481,0],[-3.810283,40.609457,0],[-3.810287,40.609455,0],[-3.810369,40.609445,0],[-3.810501,40.60943,0],[-3.810721,40.609406,0],[-3.810801,40.609389,0],[-3.810817,40.609385,0],[-3.810948,40.609289,0],[-3.81106,40.609162,0],[-3.811192,40.609016,0],[-3.8113,40.608898,0],[-3.811368,40.608815,0],[-3.811449,40.608717,0],[-3.811547,40.608694,0],[-3.811628,40.608701,0],[-3.811784,40.608721,0],[-3.811897,40.608647,0],[-3.81194,40.608635,0],[-3.812003,40.608618,0],[-3.812094,40.608589,0],[-3.812283,40.608517,0],[-3.812347,40.608492,0],[-3.812402,40.608471,0],[-3.812466,40.608426,0],[-3.812612,40.60836,0],[-3.812762,40.608309,0],[-3.812826,40.608288,0],[-3.812795,40.608162,0],[-3.812517,40.607882,0],[-3.812308,40.607761,0],[-3.811771,40.607445,0],[-3.811469,40.607267,0],[-3.811373,40.607212,0],[-3.811308,40.607197,0],[-3.811155,40.607172,0],[-3.811068,40.607156,0],[-3.810968,40.607129,0],[-3.810909,40.60711,0],[-3.810855,40.607092,0],[-3.810795,40.607067,0],[-3.810733,40.60704,0],[-3.810676,40.607015,0],[-3.810585,40.606966,0],[-3.810549,40.606948,0],[-3.810494,40.606917,0],[-3.810385,40.606859,0],[-3.810346,40.606835,0],[-3.810322,40.60682,0],[-3.810296,40.606804,0],[-3.810264,40.606777,0],[-3.810242,40.606758,0],[-3.810219,40.606731,0],[-3.810165,40.606676,0],[-3.810142,40.60665,0],[-3.810118,40.606619,0],[-3.810096,40.60658,0],[-3.810054,40.606521,0],[-3.810036,40.606487,0],[-3.809815,40.606104,0],[-3.809767,40.606027,0],[-3.809852,40.605938,0],[-3.809792,40.605815,0],[-3.809746,40.605853,0],[-3.809698,40.605883,0],[-3.8097,40.605836,0],[-3.8097,40.605816,0],[-3.8097,40.605798,0],[-3.809699,40.605755,0],[-3.809682,40.605696,0],[-3.809678,40.605686,0],[-3.809528,40.605391,0],[-3.809406,40.605118,0],[-3.809377,40.605025,0],[-3.809234,40.604812,0],[-3.809124,40.604638,0],[-3.808868,40.604266,0],[-3.808741,40.604058,0],[-3.807716,40.602504,0],[-3.806931,40.601289,0],[-3.80631,40.600335,0],[-3.806008,40.599867,0],[-3.806149,40.599802,0],[-3.806305,40.599727,0],[-3.807129,40.599336,0],[-3.807942,40.598957,0],[-3.811346,40.597365,0],[-3.812527,40.596905,0],[-3.81263,40.59685,0],[-3.813926,40.596137,0],[-3.814437,40.595417,0],[-3.816135,40.59501,0],[-3.817386,40.595016,0],[-3.818887,40.595019,0],[-3.820287,40.595011,0],[-3.821095,40.594814,0],[-3.82168,40.594666,0],[-3.822166,40.594544,0],[-3.822748,40.594395,0],[-3.824,40.594514,0],[-3.824948,40.594603,0],[-3.826399,40.594741,0],[-3.82714,40.594712,0],[-3.827378,40.594699,0],[-3.82755,40.594694,0],[-3.828073,40.594601,0],[-3.828643,40.594448,0],[-3.828965,40.59436,0],[-3.829565,40.5942,0],[-3.830077,40.594067,0],[-3.830181,40.594036,0],[-3.830913,40.593962,0],[-3.831488,40.593902,0],[-3.831946,40.593851,0],[-3.832263,40.593775,0],[-3.83256,40.593704,0],[-3.832747,40.593658,0],[-3.833233,40.59354,0],[-3.833271,40.593528,0],[-3.833332,40.593505,0],[-3.833389,40.593477,0],[-3.833829,40.593172,0],[-3.83439,40.592796,0],[-3.834739,40.592565,0],[-3.835402,40.592115,0],[-3.835449,40.592099,0],[-3.835797,40.591945,0],[-3.836141,40.591801,0],[-3.836687,40.591571,0],[-3.836811,40.591545,0],[-3.837696,40.591357,0],[-3.838473,40.591645,0],[-3.839711,40.592103,0],[-3.840551,40.592412,0],[-3.841405,40.592615,0],[-3.841692,40.592671,0],[-3.842439,40.592542,0],[-3.842758,40.592489,0],[-3.843083,40.592433,0],[-3.843408,40.592376,0],[-3.843653,40.592288,0],[-3.844267,40.592067,0],[-3.844638,40.591935,0],[-3.845247,40.591592,0],[-3.845658,40.591361,0],[-3.846289,40.59126,0],[-3.846727,40.59119,0],[-3.847412,40.591082,0],[-3.847608,40.591049,0],[-3.848101,40.590976,0],[-3.848251,40.590955,0],[-3.848758,40.590959,0],[-3.84937,40.590754,0],[-3.850238,40.59044,0],[-3.850459,40.590329,0],[-3.850527,40.590292,0],[-3.850952,40.590085,0],[-3.851186,40.589961,0],[-3.851402,40.589861,0],[-3.851674,40.58972,0],[-3.85214,40.58948,0],[-3.852397,40.58935,0],[-3.852596,40.58925,0],[-3.852758,40.589173,0],[-3.852922,40.589089,0],[-3.852967,40.589074,0],[-3.853455,40.588917,0],[-3.853705,40.588837,0],[-3.854082,40.588541,0],[-3.854167,40.588467,0],[-3.854238,40.588426,0],[-3.854558,40.588198,0],[-3.854784,40.588048,0],[-3.854842,40.588021,0],[-3.854969,40.587999,0],[-3.85541,40.588215,0],[-3.855995,40.588138,0],[-3.856193,40.588118,0],[-3.857136,40.588019,0],[-3.857718,40.587957,0],[-3.858034,40.587924,0],[-3.85826,40.587913,0],[-3.8585,40.587905,0],[-3.858817,40.587968,0],[-3.859286,40.588058,0],[-3.859754,40.588152,0],[-3.859927,40.588185,0],[-3.860106,40.58828,0],[-3.860547,40.58851,0],[-3.860788,40.588632,0],[-3.861077,40.588781,0],[-3.861305,40.588898,0],[-3.861912,40.589064,0],[-3.862372,40.589191,0],[-3.862771,40.589298,0],[-3.863181,40.589409,0],[-3.863534,40.589502,0],[-3.863603,40.589548,0],[-3.863934,40.589767,0],[-3.864252,40.589979,0],[-3.864574,40.590192,0],[-3.864902,40.590412,0],[-3.865021,40.590596,0],[-3.865181,40.590845,0],[-3.865375,40.591147,0],[-3.865466,40.591285,0],[-3.865541,40.591362,0],[-3.86567,40.591491,0],[-3.865799,40.591619,0],[-3.865863,40.591682,0],[-3.865967,40.591788,0],[-3.866255,40.591844,0],[-3.866541,40.5919,0],[-3.866889,40.591964,0],[-3.867301,40.592136,0],[-3.867377,40.592163,0],[-3.867608,40.592145,0],[-3.867827,40.592122,0],[-3.868075,40.592098,0],[-3.868368,40.592071,0],[-3.868654,40.592046,0],[-3.868923,40.592001,0],[-3.869229,40.591945,0],[-3.869506,40.591886,0],[-3.869739,40.591833,0],[-3.870066,40.591758,0],[-3.870762,40.591604,0],[-3.870959,40.591562,0],[-3.871184,40.591508,0],[-3.871477,40.591445,0],[-3.871698,40.591395,0],[-3.871838,40.591367,0],[-3.872451,40.591285,0],[-3.872702,40.59125,0],[-3.872841,40.591233,0],[-3.872982,40.591215,0],[-3.873318,40.591194,0],[-3.873583,40.591177,0],[-3.8739,40.591152,0],[-3.874073,40.591057,0],[-3.874287,40.590938,0],[-3.874438,40.59085,0],[-3.874597,40.590754,0],[-3.874845,40.590615,0],[-3.875001,40.590549,0],[-3.875288,40.590435,0],[-3.875582,40.590314,0],[-3.875705,40.590262,0],[-3.875903,40.590176,0],[-3.876174,40.58998,0],[-3.876183,40.589827,0],[-3.876193,40.589654,0],[-3.876164,40.589522,0],[-3.87611,40.589269,0],[-3.876428,40.588994,0],[-3.876684,40.58877,0],[-3.876847,40.588625,0],[-3.877217,40.58849,0],[-3.877624,40.588329,0],[-3.877909,40.588214,0],[-3.878131,40.588125,0],[-3.878314,40.588052,0],[-3.87861,40.587877,0],[-3.878933,40.587688,0],[-3.879055,40.587616,0],[-3.879186,40.58754,0],[-3.879262,40.587496,0],[-3.879456,40.587381,0],[-3.879692,40.587242,0],[-3.879821,40.587167,0],[-3.880011,40.587054,0],[-3.88008,40.587013,0],[-3.880342,40.586859,0],[-3.880643,40.586707,0],[-3.880947,40.586556,0],[-3.881213,40.586421,0],[-3.881421,40.586315,0],[-3.8816,40.586224,0],[-3.881859,40.586094,0],[-3.882092,40.585978,0],[-3.882449,40.585798,0],[-3.882811,40.585615,0],[-3.883172,40.585432,0],[-3.883484,40.58527,0],[-3.883687,40.585278,0],[-3.883691,40.585188,0],[-3.883696,40.585104,0],[-3.883714,40.584815,0],[-3.883726,40.584623,0],[-3.88374,40.5844,0],[-3.883752,40.584199,0],[-3.883769,40.583919,0],[-3.88379,40.583648,0],[-3.883805,40.583464,0],[-3.883811,40.583381,0],[-3.883732,40.583207,0],[-3.883612,40.582932,0],[-3.883541,40.582781,0],[-3.883487,40.582658,0],[-3.883433,40.582531,0],[-3.883471,40.582467,0],[-3.883582,40.582284,0],[-3.883696,40.582096,0],[-3.88382,40.58189,0],[-3.883913,40.581727,0],[-3.883988,40.581598,0],[-3.884079,40.581443,0],[-3.884097,40.581415,0],[-3.884179,40.581281,0],[-3.884177,40.581266,0],[-3.884163,40.581186,0],[-3.88415,40.5811,0],[-3.884135,40.581008,0],[-3.88397,40.580589,0],[-3.883776,40.580319,0],[-3.883774,40.580246,0],[-3.883768,40.580106,0],[-3.883762,40.579945,0],[-3.883754,40.57972,0],[-3.883746,40.579521,0],[-3.883742,40.579392,0],[-3.883732,40.579096,0],[-3.88384,40.578825,0],[-3.883933,40.578579,0],[-3.884119,40.578093,0],[-3.88426,40.57772,0],[-3.884326,40.577546,0],[-3.884356,40.577468,0],[-3.884433,40.577265,0],[-3.884543,40.576964,0],[-3.884621,40.576771,0],[-3.884744,40.576444,0],[-3.884878,40.576096,0],[-3.885045,40.575657,0],[-3.885191,40.57527,0],[-3.88527,40.575064,0],[-3.885324,40.574955,0],[-3.885493,40.574619,0],[-3.885575,40.574456,0],[-3.885657,40.574307,0],[-3.885689,40.574249,0],[-3.885751,40.574128,0],[-3.885858,40.57405,0],[-3.88604,40.573918,0],[-3.88618,40.573814,0],[-3.886438,40.573627,0],[-3.886647,40.573475,0],[-3.886844,40.573334,0],[-3.88708,40.573168,0],[-3.887227,40.573064,0],[-3.887495,40.572875,0],[-3.8877,40.572731,0],[-3.887871,40.572609,0],[-3.888059,40.572474,0],[-3.888222,40.572358,0],[-3.888409,40.572224,0],[-3.888448,40.572143,0],[-3.888546,40.571941,0],[-3.888652,40.571733,0],[-3.888883,40.571087,0],[-3.888963,40.570859,0],[-3.888852,40.570611,0],[-3.888757,40.570403,0],[-3.888658,40.570185,0],[-3.888475,40.569815,0],[-3.888334,40.569529,0],[-3.888238,40.569334,0],[-3.888106,40.569134,0],[-3.888025,40.569011,0],[-3.887936,40.568651,0],[-3.887915,40.568497,0],[-3.887894,40.568287,0],[-3.887791,40.568075,0],[-3.88769,40.567853,0],[-3.887576,40.567602,0],[-3.887547,40.567537,0],[-3.88737,40.567144,0],[-3.887294,40.566962,0],[-3.887201,40.566753,0],[-3.887083,40.566456,0],[-3.886916,40.566247,0],[-3.886801,40.566117,0],[-3.886738,40.566077,0],[-3.886559,40.565966,0],[-3.886439,40.565893,0],[-3.88615,40.565708,0],[-3.886099,40.565678,0],[-3.886073,40.565662,0],[-3.885998,40.565612,0],[-3.885934,40.565569,0],[-3.885872,40.56552,0],[-3.885734,40.565423,0],[-3.88541,40.565174,0],[-3.885245,40.565043,0],[-3.88506,40.564899,0],[-3.884874,40.564752,0],[-3.884669,40.56459,0],[-3.884448,40.564407,0],[-3.88432,40.564303,0],[-3.884229,40.564224,0],[-3.884189,40.564189,0],[-3.884072,40.56408,0],[-3.883914,40.563924,0],[-3.88382,40.563837,0],[-3.883836,40.563685,0],[-3.883849,40.563575,0],[-3.883859,40.563476,0],[-3.883883,40.563276,0],[-3.883902,40.563147,0],[-3.884011,40.562998,0],[-3.884108,40.562867,0],[-3.884137,40.562827,0],[-3.884174,40.562776,0],[-3.884278,40.562635,0],[-3.884334,40.562559,0],[-3.88445,40.562405,0],[-3.884579,40.562227,0],[-3.884683,40.562089,0],[-3.884877,40.561821,0],[-3.884932,40.561745,0],[-3.884965,40.561329,0],[-3.884988,40.561029,0],[-3.884816,40.560843,0],[-3.884639,40.560734,0],[-3.88454,40.560674,0],[-3.884402,40.560588,0],[-3.884314,40.560534,0],[-3.884211,40.560468,0],[-3.884051,40.560405,0],[-3.883798,40.560306,0],[-3.883576,40.560219,0],[-3.88323,40.560085,0],[-3.882947,40.559976,0],[-3.882692,40.559874,0],[-3.882539,40.559815,0],[-3.882377,40.559752,0],[-3.88225,40.559702,0],[-3.882094,40.559637,0],[-3.881329,40.559622,0],[-3.8806,40.559601,0],[-3.880186,40.559592,0],[-3.879725,40.559583,0],[-3.879373,40.559577,0],[-3.878939,40.559574,0],[-3.878567,40.559506,0],[-3.877788,40.559367,0],[-3.877556,40.55929,0],[-3.877288,40.5592,0],[-3.877138,40.559154,0],[-3.876665,40.559049,0],[-3.876459,40.559009,0],[-3.876167,40.558952,0],[-3.875538,40.558818,0],[-3.875425,40.558798,0],[-3.875302,40.558511,0],[-3.875205,40.558305,0],[-3.87512,40.558119,0],[-3.874434,40.557885,0],[-3.874286,40.557832,0],[-3.874034,40.557749,0],[-3.874,40.557731,0],[-3.873969,40.557684,0],[-3.873833,40.557569,0],[-3.873814,40.557511,0],[-3.873743,40.557303,0],[-3.873707,40.557189,0],[-3.873662,40.557043,0],[-3.873616,40.5569,0],[-3.873558,40.556738,0],[-3.873471,40.556552,0],[-3.873424,40.55645,0],[-3.873341,40.556274,0],[-3.873288,40.556163,0],[-3.873213,40.555995,0],[-3.873208,40.555962,0],[-3.873191,40.555861,0],[-3.873186,40.555829,0],[-3.873178,40.555781,0],[-3.873177,40.555766,0],[-3.873173,40.555747,0],[-3.873119,40.555625,0],[-3.873081,40.555532,0],[-3.873061,40.55548,0],[-3.872999,40.55532,0],[-3.872963,40.555239,0],[-3.87296,40.555229,0],[-3.872962,40.555219,0],[-3.872966,40.555193,0],[-3.873026,40.554903,0],[-3.873077,40.554692,0],[-3.873017,40.554383,0],[-3.872945,40.554065,0],[-3.872853,40.553652,0],[-3.872801,40.553409,0],[-3.872628,40.553104,0],[-3.872416,40.552727,0],[-3.872232,40.55241,0],[-3.872161,40.552271,0],[-3.871866,40.552022,0],[-3.871605,40.551803,0],[-3.871342,40.551595,0],[-3.87117,40.55146,0],[-3.871158,40.55145,0],[-3.871001,40.551322,0],[-3.870842,40.551192,0],[-3.870764,40.551125,0],[-3.870662,40.550949,0],[-3.870605,40.550852,0],[-3.870527,40.550719,0],[-3.870456,40.550604,0],[-3.870397,40.550508,0],[-3.870272,40.55031,0],[-3.870153,40.550124,0],[-3.870034,40.549909,0],[-3.869916,40.549694,0],[-3.869737,40.549386,0],[-3.86952,40.54898,0],[-3.869281,40.548575,0],[-3.86915,40.548345,0],[-3.869073,40.548207,0],[-3.869204,40.547946,0],[-3.869345,40.547626,0],[-3.869445,40.547415,0],[-3.869289,40.547255,0],[-3.869151,40.547114,0],[-3.868953,40.546912,0],[-3.868716,40.546706,0],[-3.868561,40.546578,0],[-3.868356,40.546401,0],[-3.868112,40.546196,0],[-3.867933,40.546048,0],[-3.867817,40.545948,0],[-3.867668,40.545814,0],[-3.867502,40.545671,0],[-3.867359,40.545544,0],[-3.867323,40.545502,0],[-3.867225,40.545385,0],[-3.867069,40.545188,0],[-3.86706,40.545177,0],[-3.867017,40.545123,0],[-3.866981,40.545079,0],[-3.866896,40.544973,0],[-3.86688,40.544952,0],[-3.866803,40.544853,0],[-3.866679,40.544692,0],[-3.86644,40.544389,0],[-3.866377,40.544309,0],[-3.866233,40.544127,0],[-3.866118,40.543983,0],[-3.865906,40.543705,0],[-3.865798,40.543566,0],[-3.865729,40.543477,0],[-3.86567,40.543403,0],[-3.865645,40.543286,0],[-3.865622,40.543152,0],[-3.865588,40.542964,0],[-3.865561,40.542813,0],[-3.865557,40.542775,0],[-3.865544,40.542663,0],[-3.865504,40.542387,0],[-3.865143,40.542001,0],[-3.865015,40.541835,0],[-3.864953,40.541652,0],[-3.864871,40.541423,0],[-3.864836,40.541328,0],[-3.864767,40.541122,0],[-3.864708,40.540948,0],[-3.864646,40.540764,0],[-3.86461,40.540659,0],[-3.864557,40.540501,0],[-3.86451,40.540361,0],[-3.864462,40.540225,0],[-3.864418,40.540084,0],[-3.864383,40.539978,0],[-3.864353,40.53988,0],[-3.864324,40.539791,0],[-3.864305,40.539736,0],[-3.864268,40.539627,0],[-3.864214,40.539573,0],[-3.864163,40.539521,0],[-3.864098,40.539456,0],[-3.864056,40.539416,0],[-3.863984,40.539344,0],[-3.863876,40.539239,0],[-3.863866,40.539129,0],[-3.863851,40.53872,0],[-3.863867,40.538119,0],[-3.863877,40.537749,0],[-3.863876,40.537633,0],[-3.863867,40.537547,0],[-3.863847,40.537477,0],[-3.863659,40.536842,0],[-3.863535,40.536435,0],[-3.863466,40.536192,0],[-3.863327,40.535706,0],[-3.863137,40.535085,0],[-3.863083,40.534908,0],[-3.863024,40.534716,0],[-3.863009,40.534665,0],[-3.862738,40.534484,0],[-3.862472,40.53431,0],[-3.862328,40.53422,0],[-3.862155,40.534103,0],[-3.861956,40.533911,0],[-3.861775,40.533733,0],[-3.861702,40.533668,0],[-3.861619,40.533588,0],[-3.861423,40.533401,0],[-3.861359,40.53333,0],[-3.861094,40.533154,0],[-3.860921,40.533065,0],[-3.860611,40.532909,0],[-3.860415,40.532629,0],[-3.859964,40.531965,0],[-3.859765,40.531645,0],[-3.859611,40.531402,0],[-3.859536,40.531281,0],[-3.859452,40.531201,0],[-3.859217,40.530978,0],[-3.859148,40.530913,0],[-3.859049,40.530821,0],[-3.858874,40.530658,0],[-3.858692,40.530493,0],[-3.858588,40.530393,0],[-3.858467,40.530322,0],[-3.858246,40.530191,0],[-3.858122,40.530123,0],[-3.858182,40.530023,0],[-3.858348,40.52978,0],[-3.858323,40.529637,0],[-3.858302,40.52951,0],[-3.858276,40.529343,0],[-3.85825,40.529215,0],[-3.85824,40.529163,0],[-3.858147,40.528978,0],[-3.858081,40.528854,0],[-3.857987,40.528686,0],[-3.857912,40.52854,0],[-3.857843,40.528397,0],[-3.857811,40.528323,0],[-3.857776,40.528163,0],[-3.857751,40.528011,0],[-3.857729,40.52788,0],[-3.857459,40.527721,0],[-3.857245,40.527598,0],[-3.856965,40.527429,0],[-3.856713,40.527279,0],[-3.856132,40.52693,0],[-3.855052,40.525631,0],[-3.854768,40.525519,0],[-3.854654,40.525399,0],[-3.854461,40.525206,0],[-3.853696,40.524418,0],[-3.853752,40.524273,0],[-3.853779,40.52415,0],[-3.853823,40.52409,0],[-3.854095,40.523351,0],[-3.854208,40.523025,0],[-3.854305,40.522741,0],[-3.85437,40.522572,0],[-3.854368,40.521572,0],[-3.854381,40.52138,0],[-3.85438,40.521366,0],[-3.854376,40.521354,0],[-3.85437,40.521342,0],[-3.85426,40.521145,0],[-3.854214,40.521062,0],[-3.853917,40.520559,0],[-3.853671,40.520139,0],[-3.853331,40.519513,0],[-3.85174,40.518277,0],[-3.851288,40.517647,0],[-3.851537,40.517167,0],[-3.851549,40.517134,0],[-3.851739,40.516909,0],[-3.851879,40.516732,0],[-3.852224,40.515471,0],[-3.853351,40.514535,0],[-3.854013,40.511997,0],[-3.853892,40.511801,0],[-3.853685,40.511448,0],[-3.85351,40.51119,0],[-3.85326,40.510884,0],[-3.852934,40.510484,0],[-3.852581,40.509936,0],[-3.852543,40.509787,0],[-3.852234,40.509591,0],[-3.849734,40.508831,0],[-3.849713,40.508825,0],[-3.849166,40.509031,0],[-3.845101,40.507973,0],[-3.842219,40.507229,0],[-3.840224,40.50671,0],[-3.839186,40.506438,0],[-3.839069,40.506407,0],[-3.838596,40.506283,0],[-3.837108,40.505892,0],[-3.83737,40.505184,0],[-3.83755,40.504674,0],[-3.837643,40.504437,0],[-3.837734,40.504244,0],[-3.837869,40.50397,0],[-3.837981,40.503801,0],[-3.838261,40.503386,0],[-3.838477,40.503058,0],[-3.838641,40.502819,0],[-3.839142,40.500569,0],[-3.839233,40.500154,0],[-3.839402,40.499385,0],[-3.839256,40.499238,0],[-3.838621,40.498586,0],[-3.837705,40.497648,0],[-3.837496,40.497402,0],[-3.837201,40.497045,0],[-3.836864,40.496646,0],[-3.836406,40.496114,0],[-3.835945,40.495587,0],[-3.835695,40.49529,0],[-3.835229,40.494882,0],[-3.834964,40.494649,0],[-3.834714,40.494427,0],[-3.834533,40.494211,0],[-3.834428,40.494066,0],[-3.834381,40.493635,0],[-3.834268,40.492651,0],[-3.834198,40.491994,0],[-3.834191,40.491939,0],[-3.834025,40.491501,0],[-3.833905,40.491193,0],[-3.833838,40.491016,0],[-3.833786,40.49088,0],[-3.833731,40.490718,0],[-3.833639,40.490451,0],[-3.83358,40.490272,0],[-3.833513,40.490083,0],[-3.833434,40.48984,0],[-3.833412,40.489669,0],[-3.833174,40.487839,0],[-3.833173,40.487779,0],[-3.833197,40.487555,0],[-3.833238,40.487128,0],[-3.833282,40.486729,0],[-3.833337,40.486165,0],[-3.833312,40.485976,0],[-3.833427,40.485784,0],[-3.83361,40.485486,0],[-3.83377,40.485217,0],[-3.833795,40.485159,0],[-3.833831,40.485064,0],[-3.83388,40.48494,0],[-3.83394,40.484783,0],[-3.834003,40.484619,0],[-3.834206,40.484113,0],[-3.834234,40.484041,0],[-3.834405,40.48375,0],[-3.834422,40.483724,0],[-3.834575,40.483465,0],[-3.834766,40.483127,0],[-3.83501,40.4827,0],[-3.835083,40.482559,0],[-3.835092,40.482551,0],[-3.835294,40.482441,0],[-3.835486,40.482337,0],[-3.83565,40.482251,0],[-3.835872,40.482134,0],[-3.836013,40.482059,0],[-3.83619,40.481791,0],[-3.83625,40.481713,0],[-3.836312,40.481366,0],[-3.836326,40.481321,0],[-3.836338,40.481285,0],[-3.836341,40.48121,0],[-3.836347,40.481196,0],[-3.836465,40.481074,0],[-3.836542,40.480992,0],[-3.836668,40.480864,0],[-3.836667,40.480856,0],[-3.83652,40.480675,0],[-3.836482,40.48063,0],[-3.836466,40.48059,0],[-3.836483,40.48055,0],[-3.836556,40.480087,0],[-3.83665,40.479584,0],[-3.83665,40.479581,0],[-3.835741,40.479324,0],[-3.835192,40.479168,0],[-3.83489,40.479083,0],[-3.834668,40.47902,0],[-3.834213,40.478889,0],[-3.834123,40.478864,0],[-3.8336,40.478712,0],[-3.833369,40.478645,0],[-3.833081,40.478562,0],[-3.83276,40.478478,0],[-3.832728,40.478469,0],[-3.832718,40.478466,0],[-3.83267,40.478452,0],[-3.832234,40.478334,0],[-3.831839,40.478218,0],[-3.831729,40.478186,0],[-3.831255,40.478052,0],[-3.83088,40.477945,0],[-3.830689,40.477891,0],[-3.830575,40.477858,0],[-3.830251,40.477763,0],[-3.829965,40.477684,0],[-3.829785,40.477631,0],[-3.829575,40.477571,0],[-3.829272,40.477486,0],[-3.829246,40.477478,0],[-3.828863,40.477371,0],[-3.828731,40.477334,0],[-3.828705,40.477327,0],[-3.828526,40.477274,0],[-3.828482,40.477261,0],[-3.828472,40.477258,0],[-3.828201,40.47718,0],[-3.827823,40.477076,0],[-3.827744,40.477054,0],[-3.827516,40.47699,0],[-3.827112,40.476875,0],[-3.826701,40.476758,0],[-3.826593,40.476727,0],[-3.826504,40.476702,0],[-3.826126,40.476595,0],[-3.825678,40.476467,0],[-3.825186,40.476328,0],[-3.82469,40.476186,0],[-3.824568,40.476151,0],[-3.823827,40.47594,0],[-3.823507,40.47585,0],[-3.823383,40.475815,0],[-3.823324,40.475798,0],[-3.822957,40.475692,0],[-3.822696,40.475618,0],[-3.822502,40.475563,0],[-3.821932,40.475399,0],[-3.821738,40.475343,0],[-3.821248,40.475204,0],[-3.820868,40.475094,0],[-3.820567,40.475008,0],[-3.820217,40.474909,0],[-3.820215,40.474909,0],[-3.8201,40.474876,0],[-3.819709,40.474767,0],[-3.819328,40.474659,0],[-3.819247,40.474636,0],[-3.819166,40.474612,0],[-3.81888,40.474531,0],[-3.818712,40.474483,0],[-3.818302,40.474366,0],[-3.817841,40.474233,0],[-3.817655,40.474179,0],[-3.817604,40.474164,0],[-3.817491,40.474134,0],[-3.817316,40.474087,0],[-3.816812,40.473943,0],[-3.816458,40.473841,0],[-3.816148,40.47375,0],[-3.815979,40.473703,0],[-3.815875,40.473674,0],[-3.815635,40.473606,0],[-3.814733,40.473348,0],[-3.814564,40.4733,0],[-3.81445,40.473267,0],[-3.814141,40.473179,0],[-3.81374,40.473064,0],[-3.81364,40.473035,0],[-3.813523,40.473001,0],[-3.81325,40.472923,0],[-3.813088,40.472878,0],[-3.812917,40.472829,0],[-3.812758,40.472785,0],[-3.812652,40.472756,0],[-3.812582,40.472736,0],[-3.812546,40.472725,0],[-3.812488,40.472708,0],[-3.812388,40.47268,0],[-3.812334,40.472665,0],[-3.811942,40.472557,0],[-3.810727,40.472212,0],[-3.810254,40.472077,0],[-3.806057,40.470881,0],[-3.805545,40.470735,0],[-3.805056,40.470595,0],[-3.803801,40.470235,0],[-3.80307,40.470026,0],[-3.802867,40.469968,0],[-3.802628,40.469899,0],[-3.802359,40.469823,0],[-3.802093,40.469748,0],[-3.801822,40.469672,0],[-3.80104,40.469448,0],[-3.800179,40.469202,0],[-3.800137,40.469215,0],[-3.800004,40.469259,0],[-3.799407,40.469372,0],[-3.799386,40.469375,0],[-3.799364,40.469377,0],[-3.799234,40.469384,0],[-3.79916,40.469389,0],[-3.798888,40.469405,0],[-3.798338,40.469437,0],[-3.797645,40.469476,0],[-3.796814,40.469629,0],[-3.796261,40.469731,0],[-3.7961,40.469765,0],[-3.795635,40.469852,0],[-3.795626,40.469854,0],[-3.795524,40.469873,0],[-3.795507,40.469878,0],[-3.795429,40.469898,0],[-3.795273,40.469935,0],[-3.795147,40.469964,0],[-3.795001,40.469998,0],[-3.794592,40.470096,0],[-3.794457,40.470135,0],[-3.794359,40.470164,0],[-3.793394,40.470479,0],[-3.793379,40.470484,0],[-3.793323,40.470504,0],[-3.7925,40.47077,0],[-3.792443,40.470787,0],[-3.792401,40.4708,0],[-3.792343,40.470818,0],[-3.792301,40.470835,0],[-3.792265,40.470849,0],[-3.792188,40.470887,0],[-3.792173,40.470895,0],[-3.792128,40.470915,0],[-3.791899,40.471019,0],[-3.791716,40.471122,0],[-3.7915,40.471245,0],[-3.79108,40.471491,0],[-3.791006,40.471534,0],[-3.790997,40.471539,0],[-3.790942,40.471565,0],[-3.789906,40.471961,0],[-3.789299,40.472158,0],[-3.788819,40.472314,0],[-3.788499,40.472414,0],[-3.788249,40.472489,0],[-3.788113,40.472529,0],[-3.787663,40.472659,0],[-3.787546,40.472691,0],[-3.78747,40.472712,0],[-3.787457,40.472716,0],[-3.787246,40.472778,0],[-3.786753,40.472912,0],[-3.786042,40.47311,0],[-3.785481,40.473246,0],[-3.784009,40.473613,0],[-3.783228,40.473808,0],[-3.782865,40.47395,0],[-3.782677,40.474023,0],[-3.781944,40.474312,0],[-3.780967,40.474634,0],[-3.780263,40.474621,0],[-3.779904,40.474614,0],[-3.779118,40.474603,0],[-3.778955,40.474602,0],[-3.778842,40.474601,0],[-3.778737,40.4746,0],[-3.7784,40.474597,0],[-3.778217,40.474596,0],[-3.778129,40.474595,0],[-3.777882,40.474593,0],[-3.777747,40.474591,0],[-3.777339,40.474586,0],[-3.776997,40.474585,0],[-3.776869,40.474585,0],[-3.77679,40.474584,0],[-3.776735,40.474584,0],[-3.775685,40.474568,0],[-3.772746,40.474523,0],[-3.772472,40.474518,0],[-3.772351,40.474519,0],[-3.772248,40.474519,0],[-3.772026,40.474516,0],[-3.771712,40.474513,0],[-3.771551,40.47451,0],[-3.771468,40.474508,0],[-3.771062,40.474497,0],[-3.770855,40.474478,0],[-3.770329,40.474428,0],[-3.769583,40.474365,0],[-3.769447,40.474346,0],[-3.769345,40.474333,0],[-3.769051,40.474319,0],[-3.768918,40.474306,0],[-3.768738,40.474288,0],[-3.768555,40.474278,0],[-3.768328,40.474255,0],[-3.768109,40.474233,0],[-3.768094,40.474231,0],[-3.76762,40.474187,0],[-3.766864,40.474117,0],[-3.766473,40.474083,0],[-3.76646,40.474078,0],[-3.766451,40.474075,0],[-3.766431,40.47406,0],[-3.765916,40.473939,0],[-3.765868,40.473928,0],[-3.763633,40.473402,0],[-3.76355,40.473391,0],[-3.763595,40.472517,0],[-3.763476,40.472438,0],[-3.763414,40.472423,0],[-3.763363,40.472424,0],[-3.763211,40.472427,0],[-3.763135,40.472422,0],[-3.763031,40.472416,0],[-3.762773,40.472359,0],[-3.76259,40.472318,0],[-3.762513,40.472305,0],[-3.762411,40.472289,0],[-3.762269,40.472288,0],[-3.761972,40.472294,0],[-3.761561,40.472301,0],[-3.761065,40.472309,0],[-3.760808,40.472313,0],[-3.760481,40.472329,0],[-3.76039,40.472328,0],[-3.760251,40.472307,0],[-3.760241,40.472305,0],[-3.760211,40.472304,0],[-3.760096,40.472298,0],[-3.759962,40.472276,0],[-3.759903,40.47228,0],[-3.759871,40.472281,0],[-3.759838,40.472287,0],[-3.759728,40.472307,0],[-3.759663,40.472337,0],[-3.759601,40.472365,0],[-3.759505,40.472442,0],[-3.759499,40.472447,0],[-3.759474,40.472457,0],[-3.759434,40.472473,0],[-3.759332,40.472483,0],[-3.75923,40.472531,0],[-3.759175,40.472553,0],[-3.759099,40.472583,0],[-3.759046,40.472598,0],[-3.75901,40.472609,0],[-3.758895,40.472634,0],[-3.75886,40.472634,0],[-3.7588,40.472635,0],[-3.758773,40.472627,0],[-3.758714,40.47261,0],[-3.758613,40.472566,0],[-3.758425,40.472556,0],[-3.758391,40.47256,0],[-3.758288,40.472569,0],[-3.758262,40.473353,0],[-3.758291,40.473534,0],[-3.758372,40.47367,0],[-3.758452,40.47375,0],[-3.758595,40.473834,0],[-3.759104,40.474066,0],[-3.759189,40.474105,0],[-3.759174,40.474103,0],[-3.758986,40.474082,0],[-3.758851,40.474084,0],[-3.758692,40.474103,0],[-3.758572,40.474144,0],[-3.758562,40.474149,0],[-3.758456,40.474202,0],[-3.758399,40.474244,0],[-3.758367,40.474268,0],[-3.758304,40.474341,0],[-3.758275,40.474376,0],[-3.758258,40.474406,0],[-3.758204,40.474503,0],[-3.758185,40.474558,0],[-3.758155,40.474651,0],[-3.757802,40.478368,0],[-3.757766,40.478536,0],[-3.757763,40.478552,0],[-3.757734,40.478618,0],[-3.757697,40.478701,0],[-3.757597,40.478861,0],[-3.757511,40.478999,0],[-3.7575,40.479036,0],[-3.757473,40.479131,0],[-3.757453,40.479306,0],[-3.757575,40.479712,0],[-3.757421,40.479748,0],[-3.757349,40.479765,0],[-3.757344,40.479765,0],[-3.757185,40.479781,0],[-3.757138,40.479774,0],[-3.75712,40.479771,0],[-3.757083,40.479761,0],[-3.757059,40.479754,0],[-3.757055,40.479751,0],[-3.757034,40.479734,0],[-3.756943,40.479718,0],[-3.756871,40.479717,0],[-3.756839,40.479715,0],[-3.756769,40.479712,0],[-3.75675,40.479715,0],[-3.756659,40.479727,0],[-3.756564,40.479727,0],[-3.756512,40.479715,0],[-3.756374,40.479597,0],[-3.756241,40.479485,0],[-3.756228,40.47948,0],[-3.756196,40.479467,0],[-3.756134,40.479449,0],[-3.756104,40.479448,0],[-3.756055,40.479446,0],[-3.756043,40.479449,0],[-3.755966,40.47947,0],[-3.75591,40.47951,0],[-3.755911,40.479524,0],[-3.755912,40.479601,0],[-3.755908,40.47963,0],[-3.755878,40.479662,0],[-3.755854,40.479674,0],[-3.755833,40.479684,0],[-3.755777,40.479695,0],[-3.755764,40.479697,0],[-3.755668,40.479711,0],[-3.755614,40.479717,0],[-3.7556,40.479719,0],[-3.75559,40.479719,0],[-3.755549,40.479718,0],[-3.755529,40.479718,0],[-3.755519,40.479718,0],[-3.75549,40.479714,0],[-3.755471,40.479711,0],[-3.755411,40.479692,0],[-3.755354,40.479675,0],[-3.755314,40.479675,0],[-3.755169,40.479687,0],[-3.755117,40.479681,0],[-3.755081,40.479671,0],[-3.755048,40.479662,0],[-3.754948,40.479619,0],[-3.75489,40.479594,0],[-3.754801,40.47955,0],[-3.754633,40.479506,0],[-3.754591,40.479493,0],[-3.754531,40.479474,0],[-3.754507,40.479464,0],[-3.754486,40.479455,0],[-3.754471,40.47944,0],[-3.754466,40.479435,0],[-3.754447,40.479429,0],[-3.754417,40.479419,0],[-3.754391,40.479415,0],[-3.754365,40.479411,0],[-3.754348,40.479408,0],[-3.754312,40.479403,0],[-3.754259,40.479382,0],[-3.754245,40.479377,0],[-3.754249,40.479258,0],[-3.754286,40.479092,0],[-3.754328,40.478908,0],[-3.75434,40.478857,0],[-3.754414,40.478657,0],[-3.754485,40.47852,0],[-3.754487,40.478323,0],[-3.754488,40.47831,0],[-3.754499,40.478188,0],[-3.754449,40.478061,0],[-3.754369,40.478069,0],[-3.754085,40.478099,0],[-3.753541,40.478146,0],[-3.753554,40.47821,0],[-3.753559,40.47824,0],[-3.75151,40.478459,0],[-3.751512,40.478419,0],[-3.749785,40.47843,0],[-3.749092,40.478428,0],[-3.74857,40.478411,0],[-3.748246,40.478385,0],[-3.748097,40.478368,0],[-3.747966,40.47834,0],[-3.747786,40.478297,0],[-3.747733,40.47828,0],[-3.747651,40.478254,0],[-3.747387,40.478152,0],[-3.747312,40.478116,0],[-3.747277,40.478099,0],[-3.747234,40.478074,0],[-3.747125,40.478011,0],[-3.747023,40.477947,0],[-3.746927,40.47788,0],[-3.746918,40.477869,0],[-3.746772,40.47775,0],[-3.746682,40.477809,0],[-3.746607,40.477859,0],[-3.746527,40.477909,0],[-3.746477,40.477939,0],[-3.74645,40.477955,0],[-3.7464,40.477986,0],[-3.74635,40.478017,0],[-3.74632,40.478036,0],[-3.746171,40.478128,0],[-3.746045,40.478206,0],[-3.745911,40.478287,0],[-3.745849,40.478327,0],[-3.745746,40.478393,0],[-3.7456,40.478486,0],[-3.745489,40.478557,0],[-3.745285,40.478682,0],[-3.74515,40.478767,0],[-3.745109,40.478789,0],[-3.744768,40.479008,0],[-3.744739,40.479027,0],[-3.744699,40.479053,0],[-3.744676,40.479067,0],[-3.744666,40.479073,0],[-3.744662,40.479076,0],[-3.744644,40.479087,0],[-3.744506,40.47917,0],[-3.744473,40.479191,0],[-3.744361,40.479262,0],[-3.744237,40.479341,0],[-3.744141,40.479402,0],[-3.743888,40.479563,0],[-3.743783,40.479634,0],[-3.743581,40.479769,0],[-3.743505,40.479819,0],[-3.743372,40.4799,0],[-3.742924,40.480169,0],[-3.742835,40.480225,0],[-3.742742,40.480284,0],[-3.742614,40.480365,0],[-3.742505,40.480434,0],[-3.742203,40.480624,0],[-3.742006,40.480748,0],[-3.741895,40.480817,0],[-3.741783,40.480888,0],[-3.74173,40.48092,0],[-3.741585,40.481009,0],[-3.74191,40.481162,0],[-3.742804,40.481574,0],[-3.743672,40.482022,0],[-3.744304,40.48236,0],[-3.744459,40.482443,0],[-3.744917,40.482687,0],[-3.745019,40.482817,0],[-3.745048,40.482863,0],[-3.745491,40.483589,0],[-3.744395,40.485486,0],[-3.744186,40.485682,0],[-3.743708,40.486144,0],[-3.742556,40.487879,0],[-3.742407,40.488511,0],[-3.741924,40.488743,0],[-3.741645,40.489004,0],[-3.741475,40.489166,0],[-3.741297,40.489337,0],[-3.741181,40.489449,0],[-3.741154,40.489475,0],[-3.741146,40.489472,0],[-3.741086,40.489529,0],[-3.741082,40.489528,0],[-3.740388,40.490173,0],[-3.739981,40.490553,0],[-3.739385,40.491105,0],[-3.739046,40.491783,0],[-3.738742,40.492393,0],[-3.738595,40.492691,0],[-3.738417,40.493051,0],[-3.738357,40.493168,0],[-3.738219,40.493455,0],[-3.738206,40.49348,0],[-3.738061,40.49377,0],[-3.738045,40.493801,0],[-3.738038,40.493815,0],[-3.738031,40.493829,0],[-3.738024,40.493842,0],[-3.738001,40.493889,0],[-3.737927,40.494039,0],[-3.737927,40.49404,0],[-3.73788,40.494135,0],[-3.737828,40.494241,0],[-3.737777,40.494345,0],[-3.737725,40.494449,0],[-3.737659,40.494583,0],[-3.737586,40.49473,0],[-3.73752,40.494864,0],[-3.737467,40.494972,0],[-3.737413,40.495082,0],[-3.737358,40.495193,0],[-3.737233,40.495441,0],[-3.737172,40.495567,0],[-3.737126,40.495662,0],[-3.736941,40.496026,0],[-3.736863,40.496179,0],[-3.736767,40.496372,0],[-3.736664,40.496582,0],[-3.736576,40.496758,0],[-3.736527,40.496856,0],[-3.736463,40.496983,0],[-3.736441,40.497026,0],[-3.736328,40.497271,0],[-3.736222,40.497559,0],[-3.736183,40.497662,0],[-3.736169,40.497698,0],[-3.73588,40.498467,0],[-3.735409,40.499733,0],[-3.734859,40.501206,0],[-3.734516,40.50212,0],[-3.733974,40.502515,0],[-3.733651,40.502749,0],[-3.73306,40.503176,0],[-3.732698,40.503435,0],[-3.73231,40.503866,0],[-3.732358,40.504226,0],[-3.732364,40.504276,0],[-3.73237,40.504322,0],[-3.732376,40.504364,0],[-3.732381,40.5044,0],[-3.732384,40.504428,0],[-3.732389,40.504458,0],[-3.732393,40.504484,0],[-3.732398,40.504521,0],[-3.732402,40.504548,0],[-3.732407,40.504576,0],[-3.732411,40.504605,0],[-3.732416,40.504642,0],[-3.732421,40.504671,0],[-3.732431,40.504723,0],[-3.732442,40.504778,0],[-3.732452,40.504825,0],[-3.732454,40.504834,0],[-3.732463,40.504882,0],[-3.732471,40.504923,0],[-3.732478,40.504956,0],[-3.732485,40.50499,0],[-3.732491,40.505023,0],[-3.732499,40.505061,0],[-3.732507,40.505101,0],[-3.732516,40.505145,0],[-3.732518,40.505157,0],[-3.732525,40.505191,0],[-3.732535,40.50524,0],[-3.732543,40.505282,0],[-3.732546,40.505295,0],[-3.732715,40.505742,0],[-3.732717,40.505752,0],[-3.732724,40.505802,0],[-3.73273,40.505848,0],[-3.732733,40.505869,0],[-3.732799,40.506293,0],[-3.733092,40.506363,0],[-3.73299,40.506971,0],[-3.732889,40.507097,0],[-3.732921,40.507144,0],[-3.732993,40.507268,0],[-3.733274,40.50738,0],[-3.733428,40.507396,0],[-3.733469,40.50741,0],[-3.733595,40.507453,0],[-3.733698,40.507488,0],[-3.733874,40.507547,0],[-3.733914,40.507561,0],[-3.734021,40.507597,0],[-3.734094,40.507621,0],[-3.734407,40.507724,0],[-3.734448,40.507661,0],[-3.734488,40.507599,0],[-3.734521,40.507547,0],[-3.734557,40.50749,0],[-3.734581,40.507454,0],[-3.734622,40.507389,0],[-3.734654,40.50734,0],[-3.734696,40.507274,0],[-3.734719,40.507239,0],[-3.734745,40.507198,0],[-3.734772,40.507156,0],[-3.734798,40.507115,0],[-3.734828,40.50707,0],[-3.734966,40.506852,0],[-3.735101,40.50689,0],[-3.73524,40.506929,0],[-3.735334,40.506956,0],[-3.735504,40.507002,0],[-3.7357,40.507056,0],[-3.73588,40.507108,0],[-3.736123,40.507179,0],[-3.736372,40.507252,0],[-3.736485,40.507286,0],[-3.736621,40.507325,0],[-3.736773,40.507369,0],[-3.736847,40.50739,0],[-3.736989,40.507433,0],[-3.73709,40.50746,0],[-3.737143,40.507475,0],[-3.737296,40.507521,0],[-3.73743,40.507561,0],[-3.737608,40.507613,0],[-3.737781,40.507664,0],[-3.73784,40.507682,0],[-3.737972,40.507724,0],[-3.738101,40.507762,0],[-3.738219,40.507796,0],[-3.738301,40.50782,0],[-3.738406,40.507854,0],[-3.738562,40.507902,0],[-3.738679,40.507939,0],[-3.738807,40.507981,0],[-3.738966,40.508023,0],[-3.739075,40.508058,0],[-3.739214,40.508101,0],[-3.739503,40.508189,0],[-3.739728,40.508258,0],[-3.739936,40.508321,0],[-3.740932,40.508625,0],[-3.741135,40.508687,0],[-3.741281,40.508732,0],[-3.741372,40.50876,0],[-3.742027,40.508959,0],[-3.741982,40.50903,0],[-3.74196,40.509067,0],[-3.741941,40.509099,0],[-3.741923,40.509129,0],[-3.741901,40.509166,0],[-3.741874,40.509209,0],[-3.741854,40.509242,0],[-3.741834,40.509277,0],[-3.741814,40.509308,0],[-3.741797,40.509336,0],[-3.74177,40.509382,0],[-3.741757,40.509404,0],[-3.741746,40.509423,0],[-3.741727,40.509455,0],[-3.7417,40.509499,0],[-3.741678,40.509535,0],[-3.741652,40.509577,0],[-3.741628,40.509618,0],[-3.741552,40.509746,0],[-3.741531,40.509782,0],[-3.741508,40.509821,0],[-3.741486,40.509857,0],[-3.741415,40.509977,0],[-3.741398,40.510005,0],[-3.741377,40.510041,0],[-3.741359,40.510072,0],[-3.741346,40.510093,0],[-3.741338,40.510107,0],[-3.741294,40.51018,0],[-3.741273,40.510216,0],[-3.741256,40.510245,0],[-3.741199,40.510341,0],[-3.741173,40.510385,0],[-3.741149,40.510425,0],[-3.74112,40.510473,0],[-3.741091,40.51052,0],[-3.741073,40.510549,0],[-3.741063,40.510566,0],[-3.741035,40.510613,0],[-3.741011,40.510653,0],[-3.740988,40.51069,0],[-3.740966,40.510728,0],[-3.740958,40.510739,0],[-3.740949,40.510754,0],[-3.740923,40.510797,0],[-3.740879,40.510871,0],[-3.740861,40.510901,0],[-3.740838,40.51094,0],[-3.7408,40.511002,0],[-3.740766,40.511059,0],[-3.740739,40.511103,0],[-3.740648,40.511256,0],[-3.739683,40.512871,0],[-3.739418,40.513308,0],[-3.739382,40.513371,0],[-3.739291,40.513526,0],[-3.739153,40.513755,0],[-3.73908,40.513875,0],[-3.738965,40.514066,0],[-3.738917,40.514146,0],[-3.738872,40.514215,0],[-3.738834,40.514271,0],[-3.738836,40.514272,0],[-3.738713,40.514445,0],[-3.738267,40.515056,0],[-3.738052,40.515351,0],[-3.737842,40.515635,0],[-3.737494,40.516114,0],[-3.7374,40.516245,0],[-3.737228,40.51648,0],[-3.73699,40.516807,0],[-3.736753,40.517129,0],[-3.736502,40.517477,0],[-3.736428,40.517578,0],[-3.73629,40.517764,0],[-3.736224,40.517855,0],[-3.73613,40.517984,0],[-3.736037,40.518111,0],[-3.735912,40.518286,0],[-3.735836,40.518389,0],[-3.735715,40.51855,0],[-3.73566,40.518625,0],[-3.73554,40.518794,0],[-3.735486,40.51887,0],[-3.735417,40.518967,0],[-3.735351,40.519059,0],[-3.73526,40.519185,0],[-3.735166,40.519314,0],[-3.735057,40.519466,0],[-3.734966,40.519591,0],[-3.734917,40.51966,0],[-3.734713,40.51995,0],[-3.73462,40.520085,0],[-3.734543,40.520197,0],[-3.734498,40.52026,0],[-3.734374,40.520436,0],[-3.734343,40.52048,0],[-3.734329,40.5205,0],[-3.734229,40.52064,0],[-3.734163,40.520729,0],[-3.734107,40.520805,0],[-3.734049,40.520883,0],[-3.733994,40.520959,0],[-3.733964,40.521,0],[-3.733949,40.52102,0],[-3.733898,40.521089,0],[-3.733674,40.521405,0],[-3.733625,40.521472,0],[-3.733575,40.52154,0],[-3.733521,40.521616,0],[-3.733437,40.521734,0],[-3.733384,40.521804,0],[-3.73335,40.521852,0],[-3.733229,40.522028,0],[-3.733041,40.522292,0],[-3.732956,40.522408,0],[-3.732921,40.522457,0],[-3.732853,40.522555,0],[-3.732794,40.522636,0],[-3.732781,40.522655,0],[-3.732764,40.522678,0],[-3.732747,40.522703,0],[-3.732718,40.522745,0],[-3.7327,40.522771,0],[-3.732692,40.522784,0],[-3.732685,40.522794,0],[-3.732664,40.522824,0],[-3.732565,40.522843,0],[-3.732441,40.522869,0],[-3.732388,40.522879,0],[-3.732234,40.522911,0],[-3.732094,40.52294,0],[-3.731946,40.522973,0],[-3.731898,40.522984,0],[-3.731788,40.522992,0],[-3.731575,40.52301,0],[-3.731402,40.523026,0],[-3.731223,40.523039,0],[-3.730651,40.523086,0],[-3.730381,40.523109,0],[-3.73011,40.523131,0],[-3.730036,40.523136,0],[-3.729967,40.523139,0],[-3.729672,40.523534,0],[-3.729643,40.523579,0],[-3.729444,40.523943,0],[-3.729023,40.524697,0],[-3.728928,40.524868,0],[-3.72873,40.525221,0],[-3.728634,40.52539,0],[-3.728534,40.525569,0],[-3.728433,40.52575,0],[-3.728287,40.526008,0],[-3.728099,40.526342,0],[-3.728075,40.526383,0],[-3.727971,40.526569,0],[-3.727888,40.526717,0],[-3.727831,40.526817,0],[-3.727734,40.52699,0],[-3.72714,40.527243,0],[-3.726409,40.527556,0],[-3.725562,40.527913,0],[-3.725034,40.528141,0],[-3.724564,40.528339,0],[-3.723918,40.528613,0],[-3.723312,40.528865,0],[-3.722598,40.529167,0],[-3.722169,40.529344,0],[-3.720988,40.529837,0],[-3.720564,40.529932,0],[-3.719514,40.530157,0],[-3.71872,40.530431,0],[-3.717386,40.530888,0],[-3.716159,40.53131,0],[-3.715309,40.531597,0],[-3.71516,40.531649,0],[-3.714997,40.531706,0],[-3.714815,40.53177,0],[-3.71465,40.531826,0],[-3.714453,40.531896,0],[-3.714387,40.531917,0],[-3.71423,40.53197,0],[-3.714058,40.532031,0],[-3.713889,40.532089,0],[-3.713711,40.532154,0],[-3.713524,40.532217,0],[-3.713299,40.532296,0],[-3.713204,40.532329,0],[-3.713073,40.532376,0],[-3.712899,40.532439,0],[-3.712741,40.532495,0],[-3.712582,40.532551,0],[-3.712414,40.532611,0],[-3.712245,40.532671,0],[-3.712126,40.532714,0],[-3.712069,40.532735,0],[-3.71204,40.532745,0],[-3.711965,40.53277,0],[-3.711872,40.532801,0],[-3.71176,40.53284,0],[-3.711741,40.53285,0],[-3.711719,40.532867,0],[-3.71162,40.532962,0],[-3.711542,40.533036,0],[-3.711363,40.533201,0],[-3.711269,40.533285,0],[-3.710849,40.533677,0],[-3.710349,40.534141,0],[-3.710131,40.534347,0],[-3.709968,40.534502,0],[-3.709759,40.534692,0],[-3.709435,40.534992,0],[-3.709133,40.535274,0],[-3.708746,40.535634,0],[-3.70779,40.536522,0],[-3.707612,40.53669,0],[-3.707511,40.536803,0],[-3.707378,40.536976,0],[-3.707158,40.537251,0],[-3.707086,40.537342,0],[-3.706991,40.53746,0],[-3.706884,40.537596,0],[-3.706491,40.538094,0],[-3.706275,40.538365,0],[-3.706026,40.538684,0],[-3.705869,40.538878,0],[-3.705749,40.539034,0],[-3.705581,40.539247,0],[-3.705468,40.539394,0],[-3.70567,40.539539,0],[-3.70609,40.539841,0],[-3.70628,40.539979,0],[-3.706422,40.540083,0],[-3.706532,40.540164,0],[-3.706675,40.540284,0],[-3.706785,40.540381,0],[-3.706845,40.540431,0],[-3.706884,40.540466,0],[-3.707002,40.540573,0],[-3.707047,40.540613,0],[-3.707087,40.540651,0],[-3.707146,40.540713,0],[-3.707192,40.540762,0],[-3.707306,40.540879,0],[-3.707343,40.540919,0],[-3.707679,40.541366,0],[-3.707809,40.541538,0],[-3.707897,40.541665,0],[-3.707908,40.54168,0],[-3.707935,40.54173,0],[-3.707978,40.541804,0],[-3.708029,40.541898,0],[-3.708134,40.542094,0],[-3.70824,40.54229,0],[-3.708308,40.542413,0],[-3.708354,40.542497,0],[-3.70846,40.542699,0],[-3.708525,40.542813,0],[-3.708555,40.542875,0],[-3.70861,40.542976,0],[-3.708939,40.543595,0],[-3.709067,40.543839,0],[-3.709113,40.543924,0],[-3.709187,40.544063,0],[-3.709306,40.544283,0],[-3.709319,40.544312,0],[-3.709382,40.544429,0],[-3.709497,40.54464,0],[-3.709539,40.544722,0],[-3.709663,40.544957,0],[-3.709799,40.54521,0],[-3.709868,40.545341,0],[-3.709984,40.545566,0],[-3.710145,40.545864,0],[-3.710254,40.546074,0],[-3.710282,40.546123,0],[-3.710453,40.546443,0],[-3.710583,40.546738,0],[-3.710669,40.546926,0],[-3.710704,40.547013,0],[-3.710763,40.547169,0],[-3.710804,40.547289,0],[-3.711064,40.548084,0],[-3.711196,40.548457,0],[-3.711267,40.5487,0],[-3.711362,40.548982,0],[-3.711648,40.549853,0],[-3.71198,40.550866,0],[-3.712575,40.552681,0],[-3.712911,40.553722,0],[-3.713105,40.554319,0],[-3.713316,40.554953,0],[-3.713537,40.555636,0],[-3.713604,40.555834,0],[-3.713623,40.555891,0],[-3.713918,40.556766,0],[-3.714097,40.55692,0],[-3.714601,40.557348,0],[-3.71499,40.557669,0],[-3.71522,40.557857,0],[-3.715184,40.557925,0],[-3.715031,40.558176,0],[-3.714843,40.558477,0],[-3.714654,40.558795,0],[-3.714986,40.559836,0],[-3.715096,40.560153,0],[-3.715153,40.560333,0],[-3.715239,40.560583,0],[-3.715291,40.560759,0],[-3.715349,40.560893,0],[-3.715415,40.561132,0],[-3.715437,40.561187,0],[-3.715455,40.561229,0],[-3.715532,40.561472,0],[-3.715652,40.561831,0],[-3.715727,40.562056,0],[-3.715741,40.562088,0],[-3.715807,40.56228,0],[-3.715834,40.562377,0],[-3.715912,40.56261,0],[-3.715938,40.562681,0],[-3.715974,40.562796,0],[-3.716009,40.562899,0],[-3.716067,40.563082,0],[-3.716075,40.563113,0],[-3.716179,40.563789,0],[-3.716258,40.564326,0],[-3.716272,40.564438,0],[-3.716293,40.564587,0],[-3.716307,40.564705,0],[-3.716322,40.564782,0],[-3.716355,40.564989,0],[-3.716362,40.565046,0],[-3.716371,40.565143,0],[-3.71637,40.565164,0],[-3.716296,40.565487,0],[-3.716213,40.565824,0],[-3.716099,40.566289,0],[-3.716037,40.566552,0],[-3.716057,40.56657,0],[-3.716023,40.566606,0],[-3.715922,40.566759,0],[-3.715115,40.567958,0],[-3.71487,40.568292,0],[-3.71448,40.568819,0],[-3.714035,40.569411,0],[-3.71369,40.56988,0],[-3.71328,40.570388,0],[-3.713121,40.570595,0],[-3.71272,40.571085,0],[-3.712549,40.571326,0],[-3.712516,40.571385,0],[-3.712304,40.571709,0],[-3.712216,40.571913,0],[-3.71217,40.572072,0],[-3.71206,40.572372,0],[-3.711729,40.572838,0],[-3.711589,40.573457,0],[-3.711442,40.574092,0],[-3.71131,40.574621,0],[-3.71125,40.57491,0],[-3.71113,40.575512,0],[-3.711075,40.575748,0],[-3.710989,40.576155,0],[-3.710953,40.576302,0],[-3.710923,40.576484,0],[-3.710866,40.57674,0],[-3.710745,40.577339,0],[-3.710701,40.577582,0],[-3.710631,40.577859,0],[-3.710592,40.578012,0],[-3.71057,40.578105,0],[-3.710537,40.578244,0],[-3.710491,40.578435,0],[-3.710479,40.578502,0],[-3.710251,40.578504,0],[-3.703665,40.578559,0],[-3.701594,40.578533,0],[-3.701589,40.578533,0],[-3.701589,40.578631,0],[-3.701589,40.578639,0],[-3.701573,40.578639,0],[-3.701031,40.578638,0],[-3.700401,40.578634,0],[-3.699428,40.578637,0],[-3.698781,40.578821,0],[-3.698062,40.579025,0],[-3.697436,40.579203,0],[-3.696929,40.579347,0],[-3.696388,40.579502,0],[-3.695848,40.579657,0],[-3.695725,40.579676,0],[-3.69493,40.579785,0],[-3.694416,40.579858,0],[-3.693784,40.579968,0],[-3.693501,40.580016,0],[-3.693395,40.580034,0],[-3.692413,40.58031,0],[-3.691843,40.580469,0],[-3.691726,40.580518,0],[-3.691168,40.580763,0],[-3.690694,40.580976,0],[-3.690587,40.58106,0],[-3.689744,40.581779,0],[-3.689303,40.582147,0],[-3.688797,40.582482,0],[-3.688605,40.582611,0],[-3.688603,40.582613,0],[-3.688598,40.582613,0],[-3.688463,40.582608,0],[-3.688288,40.582601,0],[-3.687834,40.582592,0],[-3.687616,40.58259,0],[-3.687453,40.582588,0],[-3.687249,40.582581,0],[-3.685858,40.582916,0],[-3.684902,40.583362,0],[-3.684281,40.583656,0],[-3.684166,40.583727,0],[-3.683923,40.583878,0],[-3.68362,40.584067,0],[-3.683409,40.584199,0],[-3.68319,40.584336,0],[-3.682967,40.584472,0],[-3.682671,40.584651,0],[-3.682336,40.584857,0],[-3.682216,40.58493,0],[-3.682191,40.584945,0],[-3.681355,40.585346,0],[-3.680892,40.585567,0],[-3.680246,40.585869,0],[-3.679809,40.586076,0],[-3.679295,40.586316,0],[-3.678825,40.58654,0],[-3.678581,40.586654,0],[-3.678335,40.586772,0],[-3.678121,40.58688,0],[-3.67763,40.587126,0],[-3.677255,40.587307,0],[-3.676861,40.587505,0],[-3.676333,40.587778,0],[-3.675998,40.587951,0],[-3.675274,40.588306,0],[-3.67453,40.588671,0],[-3.674174,40.588844,0],[-3.674139,40.588861,0],[-3.67413,40.588866,0],[-3.66906,40.591253,0],[-3.668886,40.591334,0],[-3.667899,40.591793,0],[-3.66741,40.592015,0],[-3.66719,40.592119,0],[-3.666995,40.592136,0],[-3.666903,40.592151,0],[-3.666812,40.592161,0],[-3.66661,40.592181,0],[-3.666088,40.592235,0],[-3.665842,40.592258,0],[-3.665606,40.592282,0],[-3.665451,40.592297,0],[-3.66535,40.592308,0],[-3.665264,40.592314,0],[-3.665129,40.592324,0],[-3.665029,40.592324,0],[-3.664788,40.592329,0],[-3.664476,40.592337,0],[-3.664148,40.592331,0],[-3.663886,40.59233,0],[-3.663735,40.592328,0],[-3.662345,40.592185,0],[-3.662129,40.592136,0],[-3.661772,40.592054,0],[-3.661377,40.591949,0],[-3.661046,40.591863,0],[-3.660851,40.591813,0],[-3.660319,40.591671,0],[-3.660093,40.591458,0],[-3.659675,40.591067,0],[-3.659366,40.590819,0],[-3.658969,40.590508,0],[-3.658798,40.590404,0],[-3.65855,40.590251,0],[-3.658282,40.590089,0],[-3.657944,40.589886,0],[-3.657734,40.589758,0],[-3.657623,40.589692,0],[-3.657495,40.589622,0],[-3.657143,40.58944,0],[-3.656304,40.588997,0],[-3.656214,40.588878,0],[-3.656105,40.588736,0],[-3.655985,40.588576,0],[-3.655801,40.588328,0],[-3.655606,40.588088,0],[-3.655463,40.587911,0],[-3.655285,40.587688,0],[-3.655198,40.587493,0],[-3.655105,40.587289,0],[-3.65504,40.58715,0],[-3.654992,40.587043,0],[-3.654928,40.586906,0],[-3.654819,40.586683,0],[-3.654714,40.586469,0],[-3.654661,40.586373,0],[-3.654571,40.586207,0],[-3.654509,40.586094,0],[-3.654461,40.585947,0],[-3.654438,40.585866,0],[-3.654414,40.585789,0],[-3.654385,40.585696,0],[-3.65433,40.585531,0],[-3.654297,40.585435,0],[-3.654264,40.585332,0],[-3.654216,40.585168,0],[-3.654158,40.584964,0],[-3.654117,40.584854,0],[-3.654029,40.584627,0],[-3.65396,40.584448,0],[-3.653889,40.584256,0],[-3.653714,40.583789,0],[-3.653664,40.583647,0],[-3.653622,40.583533,0],[-3.653427,40.582997,0],[-3.653377,40.582859,0],[-3.653294,40.582632,0],[-3.653267,40.582561,0],[-3.65321,40.582406,0],[-3.653175,40.582311,0],[-3.653056,40.581993,0],[-3.652938,40.581671,0],[-3.652879,40.581505,0],[-3.652789,40.58126,0],[-3.652727,40.581086,0],[-3.652606,40.580886,0],[-3.652533,40.580765,0],[-3.65246,40.580649,0],[-3.652345,40.580457,0],[-3.652227,40.580267,0],[-3.652141,40.580116,0],[-3.652021,40.579908,0],[-3.651929,40.579727,0],[-3.651849,40.579598,0],[-3.651784,40.579479,0],[-3.651628,40.57921,0],[-3.651467,40.578929,0],[-3.651363,40.578747,0],[-3.651224,40.578502,0],[-3.651127,40.578331,0],[-3.650989,40.578084,0],[-3.650946,40.578012,0],[-3.650919,40.577968,0],[-3.650791,40.577858,0],[-3.650526,40.577621,0],[-3.650317,40.577424,0],[-3.650291,40.577414,0],[-3.649864,40.577274,0],[-3.649595,40.577185,0],[-3.649473,40.577173,0],[-3.648673,40.577086,0],[-3.648182,40.577032,0],[-3.647863,40.576997,0],[-3.647552,40.576964,0],[-3.647029,40.576947,0],[-3.646491,40.576927,0],[-3.645985,40.57691,0],[-3.645495,40.576891,0],[-3.644911,40.576872,0],[-3.644788,40.576867,0],[-3.64471,40.576851,0],[-3.643779,40.576656,0],[-3.642647,40.576421,0],[-3.642284,40.576219,0],[-3.642154,40.576143,0],[-3.641559,40.575812,0],[-3.641093,40.575631,0],[-3.640631,40.575451,0],[-3.639727,40.575107,0],[-3.638459,40.574926,0],[-3.637195,40.574759,0],[-3.636817,40.57471,0],[-3.636366,40.574636,0],[-3.635369,40.574544,0],[-3.635131,40.574515,0],[-3.634658,40.574466,0],[-3.634174,40.574462,0],[-3.634009,40.574457,0],[-3.633744,40.574456,0],[-3.633546,40.574459,0],[-3.633354,40.574466,0],[-3.632907,40.57449,0],[-3.632649,40.574497,0],[-3.632453,40.574501,0],[-3.631833,40.574673,0],[-3.631446,40.574771,0],[-3.631124,40.574863,0],[-3.630572,40.574584,0],[-3.630212,40.574451,0],[-3.629776,40.574296,0],[-3.629074,40.573936,0],[-3.628727,40.573754,0],[-3.627983,40.573597,0],[-3.626287,40.573521,0],[-3.625051,40.573612,0],[-3.62501,40.573615,0],[-3.62499,40.573631,0],[-3.62424,40.574225,0],[-3.623941,40.574448,0],[-3.623818,40.574537,0],[-3.623617,40.574686,0],[-3.623483,40.574781,0],[-3.623001,40.57513,0],[-3.622659,40.575372,0],[-3.622232,40.575678,0],[-3.621703,40.57618,0],[-3.621507,40.57637,0],[-3.621396,40.576482,0],[-3.620521,40.577175,0],[-3.619684,40.577834,0],[-3.619188,40.578231,0],[-3.618675,40.578631,0],[-3.618211,40.579012,0],[-3.616368,40.580492,0],[-3.614944,40.580978,0],[-3.614347,40.581163,0],[-3.613353,40.581467,0],[-3.613071,40.581554,0],[-3.611909,40.581901,0],[-3.610822,40.58252,0],[-3.609847,40.583124,0],[-3.609765,40.583163,0],[-3.609706,40.583195,0],[-3.60967,40.583266,0],[-3.6096,40.583268,0],[-3.609369,40.583418,0],[-3.609053,40.583566,0],[-3.608925,40.583742,0],[-3.60879,40.583934,0],[-3.608532,40.583904,0],[-3.608493,40.5839,0],[-3.608453,40.583904,0],[-3.608419,40.583917,0],[-3.606453,40.585098,0],[-3.606424,40.585117,0],[-3.606405,40.585141,0],[-3.606374,40.585181,0],[-3.606234,40.585357,0],[-3.606204,40.585402,0],[-3.606191,40.585428,0],[-3.606155,40.585503,0],[-3.60607,40.585671,0],[-3.606006,40.585798,0],[-3.605889,40.586029,0],[-3.605697,40.586402,0],[-3.605423,40.586951,0],[-3.605375,40.587042,0],[-3.605229,40.587328,0],[-3.605125,40.587536,0],[-3.60508,40.587625,0],[-3.605018,40.587755,0],[-3.605007,40.587768,0],[-3.604924,40.587833,0],[-3.60489,40.587859,0],[-3.60481,40.587924,0],[-3.60475,40.587972,0],[-3.604666,40.588041,0],[-3.604439,40.588223,0],[-3.604398,40.588257,0],[-3.60435,40.588293,0],[-3.604244,40.58838,0],[-3.604225,40.588393,0],[-3.604073,40.588453,0],[-3.603863,40.588539,0],[-3.603806,40.588559,0],[-3.603405,40.588723,0],[-3.603381,40.588741,0],[-3.60336,40.588755,0],[-3.602985,40.589014,0],[-3.602743,40.589372,0],[-3.60254,40.589664,0],[-3.602224,40.590141,0],[-3.602148,40.59035,0],[-3.602107,40.59046,0],[-3.602067,40.590576,0],[-3.601967,40.590854,0],[-3.601916,40.591001,0],[-3.601888,40.591257,0],[-3.601877,40.591339,0],[-3.601859,40.591475,0],[-3.601836,40.591656,0],[-3.601818,40.591798,0],[-3.601807,40.591882,0],[-3.601781,40.592099,0],[-3.601806,40.592204,0],[-3.60185,40.592391,0],[-3.601909,40.592418,0],[-3.601984,40.592449,0],[-3.602777,40.592784,0],[-3.603092,40.592914,0],[-3.603297,40.592994,0],[-3.60337,40.59303,0],[-3.603405,40.593053,0],[-3.603525,40.593167,0],[-3.603611,40.593232,0],[-3.603736,40.593329,0],[-3.603795,40.593377,0],[-3.603844,40.593413,0],[-3.603928,40.593487,0],[-3.603986,40.593531,0],[-3.604051,40.593581,0],[-3.604069,40.593596,0],[-3.604097,40.593622,0],[-3.604149,40.593668,0],[-3.604188,40.593703,0],[-3.604258,40.593779,0],[-3.604303,40.593825,0],[-3.60443,40.593953,0],[-3.604574,40.594096,0],[-3.604596,40.594118,0],[-3.60474,40.594263,0],[-3.60477,40.594296,0],[-3.604772,40.594302,0],[-3.604773,40.594348,0],[-3.604785,40.594451,0],[-3.604789,40.594515,0],[-3.604793,40.59456,0],[-3.604819,40.594867,0],[-3.604821,40.594924,0],[-3.604823,40.594964,0],[-3.604828,40.595012,0],[-3.60483,40.595045,0],[-3.604834,40.595124,0],[-3.60483,40.595175,0],[-3.60473,40.595791,0],[-3.604986,40.596149,0],[-3.605018,40.596192,0],[-3.605069,40.59626,0],[-3.60512,40.59633,0],[-3.60517,40.596402,0],[-3.605197,40.596441,0],[-3.605212,40.59646,0],[-3.605341,40.596488,0],[-3.605378,40.596496,0],[-3.606339,40.596709,0],[-3.606843,40.59682,0],[-3.606931,40.596837,0],[-3.606978,40.596878,0],[-3.607084,40.596957,0],[-3.60715,40.597009,0],[-3.607566,40.597332,0],[-3.607674,40.597414,0],[-3.607706,40.597439,0],[-3.607905,40.597594,0],[-3.607996,40.597682,0],[-3.608059,40.59775,0],[-3.608141,40.597836,0],[-3.608208,40.597905,0],[-3.608743,40.598454,0],[-3.610578,40.598765,0],[-3.611632,40.599469,0],[-3.612957,40.599909,0],[-3.614276,40.600586,0],[-3.615307,40.600715,0],[-3.616365,40.601523,0],[-3.616486,40.602072,0],[-3.616097,40.603048,0],[-3.616398,40.603763,0],[-3.61645,40.603866,0],[-3.616874,40.604628,0],[-3.617111,40.605161,0],[-3.61716,40.606037,0],[-3.6168,40.606971,0],[-3.617306,40.607607,0],[-3.618391,40.608959,0],[-3.618152,40.609448,0],[-3.617965,40.609869,0],[-3.617839,40.610138,0],[-3.61782,40.610173,0],[-3.61795,40.610767,0],[-3.617988,40.61102,0],[-3.618011,40.611265,0],[-3.61828,40.611354,0],[-3.618623,40.611475,0],[-3.619248,40.61169,0],[-3.619711,40.611851,0],[-3.619873,40.611904,0],[-3.620022,40.612063,0],[-3.620137,40.612187,0],[-3.620212,40.612272,0],[-3.620314,40.612377,0],[-3.620484,40.612563,0],[-3.620552,40.612667,0],[-3.620616,40.612779,0],[-3.621268,40.613964,0],[-3.621364,40.614154,0],[-3.621398,40.614222,0],[-3.621477,40.614358,0],[-3.621739,40.614867,0],[-3.621775,40.614923,0],[-3.622007,40.615197,0],[-3.622601,40.615909,0],[-3.623183,40.61617,0],[-3.623532,40.61633,0],[-3.623591,40.616357,0],[-3.623679,40.616397,0],[-3.6239,40.616495,0],[-3.623916,40.616501,0],[-3.624013,40.616516,0],[-3.624151,40.616534,0],[-3.624796,40.616621,0],[-3.625151,40.616668,0],[-3.625366,40.616696,0],[-3.62569,40.616739,0],[-3.625804,40.616756,0],[-3.625923,40.616771,0],[-3.626126,40.616798,0],[-3.626806,40.616889,0],[-3.626939,40.616906,0],[-3.627408,40.617165,0],[-3.627826,40.617396,0],[-3.628237,40.617621,0],[-3.628282,40.617645,0],[-3.628363,40.617768,0],[-3.628537,40.618032,0],[-3.628598,40.618125,0],[-3.6286,40.618142,0],[-3.628602,40.618155,0],[-3.628602,40.618365,0],[-3.628635,40.618906,0],[-3.628657,40.619414,0],[-3.628772,40.619572,0],[-3.629057,40.619967,0],[-3.629388,40.620428,0],[-3.629493,40.620576,0],[-3.629162,40.621474,0],[-3.628966,40.622023,0],[-3.628845,40.622358,0],[-3.6294,40.623786,0],[-3.62961,40.624326,0],[-3.630053,40.625429,0],[-3.630212,40.625812,0],[-3.630054,40.626091,0],[-3.629864,40.626433,0],[-3.629654,40.62681,0],[-3.629674,40.627026,0],[-3.629703,40.627352,0],[-3.629892,40.627742,0],[-3.630146,40.628285,0],[-3.630703,40.628714,0],[-3.631102,40.629032,0],[-3.63164,40.629521,0],[-3.631907,40.629764,0],[-3.631996,40.629849,0],[-3.632376,40.630191,0],[-3.632777,40.630556,0],[-3.632929,40.630693,0],[-3.633079,40.630944,0],[-3.633275,40.631275,0],[-3.633885,40.632301,0],[-3.63445,40.633242,0],[-3.634555,40.633418,0],[-3.634574,40.633449,0],[-3.634582,40.633465,0],[-3.634608,40.633494,0],[-3.634686,40.633571,0],[-3.634887,40.633771,0],[-3.635022,40.633901,0],[-3.635117,40.633989,0],[-3.635277,40.634136,0],[-3.635532,40.634374,0],[-3.635767,40.634598,0],[-3.635898,40.634735,0],[-3.635971,40.634821,0],[-3.636184,40.63507,0],[-3.636221,40.635127,0],[-3.636321,40.635451,0],[-3.636372,40.635614,0],[-3.636467,40.635929,0],[-3.636553,40.636223,0],[-3.636606,40.636435,0],[-3.636691,40.636776,0],[-3.636692,40.63678,0],[-3.636701,40.636781,0],[-3.636726,40.636784,0],[-3.63683,40.636795,0],[-3.63689,40.636861,0],[-3.637025,40.637013,0],[-3.637265,40.637286,0],[-3.637556,40.637624,0],[-3.637579,40.63765,0],[-3.637615,40.637691,0],[-3.637634,40.637702,0],[-3.63769,40.637736,0],[-3.637804,40.637802,0],[-3.638388,40.638146,0],[-3.638549,40.638243,0],[-3.638824,40.638403,0],[-3.639948,40.638438,0],[-3.640008,40.63844,0],[-3.64011,40.638444,0],[-3.640174,40.638431,0],[-3.640434,40.638388,0],[-3.640884,40.638307,0],[-3.641368,40.638227,0],[-3.642025,40.638114,0],[-3.642451,40.638045,0],[-3.644474,40.638095,0],[-3.644865,40.638342,0],[-3.645022,40.638448,0],[-3.645225,40.638593,0],[-3.645928,40.639115,0],[-3.646861,40.639804,0],[-3.646929,40.639859,0],[-3.646985,40.639903,0],[-3.647022,40.639935,0],[-3.647088,40.639994,0],[-3.64722,40.640111,0],[-3.647614,40.640467,0],[-3.647884,40.640701,0],[-3.648223,40.64101,0],[-3.648345,40.641107,0],[-3.648363,40.64112,0],[-3.648479,40.641201,0],[-3.648528,40.641235,0],[-3.64864,40.641317,0],[-3.648725,40.641378,0],[-3.648756,40.641401,0],[-3.648864,40.641443,0],[-3.649126,40.641549,0],[-3.649617,40.641747,0],[-3.650282,40.641986,0],[-3.650933,40.642226,0],[-3.65132,40.642366,0],[-3.651528,40.642441,0],[-3.65193,40.642576,0],[-3.652214,40.642658,0],[-3.652614,40.642718,0],[-3.6528,40.642744,0],[-3.653636,40.642897,0],[-3.654934,40.643137,0],[-3.655414,40.643226,0],[-3.655675,40.643276,0]]]},"properties":{"name":"EL PARDO","description":"","styleUrl":"#poly-BDBDBD-1200-76","fill-opacity":0.2980392156862745,"fill":"#bdbdbd","stroke-opacity":1,"stroke":"#bdbdbd","stroke-width":1.2,"OBJECTID":"260","CODDIS":"8","NOMDIS":"Fuencarral - El Pardo","COD_BAR":"081","NOMBRE":"El Pardo","Shape_Leng":"87226.06860511","COD_DIS_TX":"08","BARRIO_MAY":"EL PARDO","COD_DISBAR":"81","NUM_BAR":"1","BARRIO_MT":"EL PARDO","COD_DISB":"8-1","Shape_STAr":"187583377.386","Shape_STLe":"87226.0686051","id":"81","shape_name":"El Pardo","s_var_popdensity":"-1.52667939867174","s_var_carsxperson":"-0.130321622817064","comp_score":"-34.7396922320216","comp_score_n":"-34.7396922320216"}},{"type":"Feature","geometry":{"type":"Polygon","coordinates":[[[-3.555618,40.363762,0],[-3.555624,40.363801,0],[-3.555453,40.363908,0],[-3.555521,40.364009,0],[-3.555603,40.36413,0],[-3.555534,40.364157,0],[-3.555509,40.364163,0],[-3.555442,40.364179,0],[-3.55528,40.364323,0],[-3.555152,40.364436,0],[-3.555063,40.364502,0],[-3.554982,40.364562,0],[-3.554855,40.364655,0],[-3.554728,40.364748,0],[-3.554585,40.364856,0],[-3.554382,40.365009,0],[-3.55432,40.36506,0],[-3.554225,40.365109,0],[-3.553901,40.365285,0],[-3.553676,40.365407,0],[-3.553534,40.365551,0],[-3.553395,40.365691,0],[-3.553225,40.365793,0],[-3.55307,40.365886,0],[-3.552989,40.365944,0],[-3.552899,40.36601,0],[-3.55284,40.366101,0],[-3.55257,40.366432,0],[-3.552473,40.366551,0],[-3.552425,40.36661,0],[-3.552382,40.366711,0],[-3.55235,40.366788,0],[-3.552321,40.366868,0],[-3.552287,40.366963,0],[-3.552265,40.36709,0],[-3.552246,40.367202,0],[-3.552233,40.367316,0],[-3.55222,40.367431,0],[-3.552209,40.367493,0],[-3.552193,40.367589,0],[-3.552042,40.367811,0],[-3.551911,40.368003,0],[-3.551797,40.368154,0],[-3.55177,40.368314,0],[-3.551459,40.370169,0],[-3.551259,40.370164,0],[-3.551244,40.370361,0],[-3.551219,40.370419,0],[-3.55119,40.370484,0],[-3.551159,40.370697,0],[-3.55113,40.370898,0],[-3.551138,40.371023,0],[-3.551146,40.371142,0],[-3.551157,40.371222,0],[-3.551169,40.371305,0],[-3.551162,40.371397,0],[-3.551156,40.371479,0],[-3.551139,40.371554,0],[-3.551123,40.371629,0],[-3.551119,40.371669,0],[-3.551116,40.371704,0],[-3.551115,40.371733,0],[-3.551114,40.371776,0],[-3.551123,40.371796,0],[-3.551127,40.371804,0],[-3.551134,40.371818,0],[-3.551144,40.371839,0],[-3.551151,40.371885,0],[-3.551158,40.371923,0],[-3.55117,40.372058,0],[-3.551181,40.37219,0],[-3.551189,40.372316,0],[-3.551197,40.372444,0],[-3.551199,40.372629,0],[-3.551202,40.372815,0],[-3.551214,40.372953,0],[-3.551226,40.373092,0],[-3.551224,40.373314,0],[-3.551222,40.373543,0],[-3.551166,40.373779,0],[-3.551112,40.374005,0],[-3.55101,40.374263,0],[-3.55091,40.374518,0],[-3.550785,40.374849,0],[-3.550659,40.375182,0],[-3.55057,40.375361,0],[-3.550477,40.375547,0],[-3.550362,40.375689,0],[-3.550251,40.375826,0],[-3.550177,40.375913,0],[-3.550095,40.37601,0],[-3.549954,40.376096,0],[-3.549826,40.376174,0],[-3.549667,40.376255,0],[-3.549514,40.376333,0],[-3.549374,40.376393,0],[-3.54923,40.376454,0],[-3.549093,40.376546,0],[-3.548968,40.37663,0],[-3.548898,40.376698,0],[-3.548834,40.376761,0],[-3.548802,40.376795,0],[-3.548764,40.376837,0],[-3.548732,40.3769,0],[-3.548693,40.376979,0],[-3.548682,40.377111,0],[-3.548671,40.377228,0],[-3.548685,40.377325,0],[-3.548697,40.37741,0],[-3.548739,40.377524,0],[-3.548778,40.37763,0],[-3.548845,40.377765,0],[-3.548914,40.377902,0],[-3.548929,40.377956,0],[-3.548943,40.378005,0],[-3.548976,40.378134,0],[-3.549009,40.378266,0],[-3.54906,40.378399,0],[-3.549111,40.378532,0],[-3.549141,40.378663,0],[-3.54917,40.378787,0],[-3.549209,40.379213,0],[-3.549248,40.379637,0],[-3.549273,40.379818,0],[-3.549298,40.38,0],[-3.549308,40.380137,0],[-3.549318,40.380281,0],[-3.549296,40.380411,0],[-3.549277,40.380531,0],[-3.549223,40.38067,0],[-3.549172,40.380804,0],[-3.549124,40.380916,0],[-3.549075,40.381032,0],[-3.549027,40.381119,0],[-3.548976,40.381212,0],[-3.548907,40.381297,0],[-3.548842,40.381376,0],[-3.548763,40.381464,0],[-3.54868,40.381556,0],[-3.548575,40.381646,0],[-3.548475,40.381731,0],[-3.548335,40.381834,0],[-3.548192,40.381939,0],[-3.548111,40.382022,0],[-3.548037,40.382098,0],[-3.547883,40.382299,0],[-3.547733,40.382495,0],[-3.547536,40.382784,0],[-3.547339,40.383073,0],[-3.54712,40.383338,0],[-3.546902,40.383603,0],[-3.546772,40.383796,0],[-3.546641,40.38399,0],[-3.546476,40.384164,0],[-3.546312,40.384337,0],[-3.546224,40.384453,0],[-3.546132,40.384575,0],[-3.54604,40.384748,0],[-3.545949,40.384919,0],[-3.545883,40.385022,0],[-3.545817,40.385125,0],[-3.54578,40.385195,0],[-3.54574,40.385273,0],[-3.545714,40.385366,0],[-3.54569,40.385452,0],[-3.545662,40.385566,0],[-3.545634,40.385683,0],[-3.545577,40.385819,0],[-3.545523,40.38595,0],[-3.545339,40.386331,0],[-3.545151,40.386719,0],[-3.545105,40.386776,0],[-3.545046,40.38685,0],[-3.544924,40.386914,0],[-3.544798,40.386981,0],[-3.544691,40.387162,0],[-3.544594,40.387325,0],[-3.544446,40.387601,0],[-3.544299,40.387876,0],[-3.5442,40.388069,0],[-3.544102,40.388262,0],[-3.544008,40.388452,0],[-3.543912,40.388644,0],[-3.543807,40.388917,0],[-3.543703,40.389189,0],[-3.543609,40.389436,0],[-3.543515,40.389684,0],[-3.543397,40.389967,0],[-3.543278,40.390251,0],[-3.543225,40.390423,0],[-3.543173,40.390592,0],[-3.543121,40.39078,0],[-3.543069,40.390968,0],[-3.543027,40.391091,0],[-3.542985,40.391213,0],[-3.542944,40.391324,0],[-3.542902,40.391436,0],[-3.542853,40.39162,0],[-3.542805,40.391801,0],[-3.542753,40.39203,0],[-3.542701,40.392261,0],[-3.542685,40.392366,0],[-3.542667,40.392474,0],[-3.542661,40.392574,0],[-3.542655,40.39268,0],[-3.542682,40.392947,0],[-3.542698,40.393105,0],[-3.542615,40.393541,0],[-3.54265,40.393858,0],[-3.542679,40.394037,0],[-3.5438,40.393761,0],[-3.545558,40.393394,0],[-3.546616,40.393175,0],[-3.547755,40.393001,0],[-3.548544,40.392913,0],[-3.549543,40.392847,0],[-3.550133,40.392837,0],[-3.550994,40.392848,0],[-3.551904,40.392905,0],[-3.552685,40.392993,0],[-3.554047,40.393193,0],[-3.554938,40.393387,0],[-3.556061,40.393711,0],[-3.556633,40.393907,0],[-3.557395,40.394194,0],[-3.558208,40.394541,0],[-3.559423,40.395101,0],[-3.560447,40.395594,0],[-3.562696,40.396645,0],[-3.566582,40.398492,0],[-3.567958,40.399128,0],[-3.571693,40.400883,0],[-3.574183,40.402041,0],[-3.576704,40.403229,0],[-3.578974,40.404296,0],[-3.581143,40.405302,0],[-3.58269,40.406028,0],[-3.584443,40.406812,0],[-3.585609,40.407293,0],[-3.576286,40.413121,0],[-3.57764,40.413663,0],[-3.578187,40.414841,0],[-3.578056,40.41499,0],[-3.579532,40.417338,0],[-3.579143,40.417861,0],[-3.578792,40.418308,0],[-3.57831,40.419251,0],[-3.577649,40.420247,0],[-3.577311,40.420986,0],[-3.577171,40.42121,0],[-3.57697,40.421621,0],[-3.576841,40.421982,0],[-3.576716,40.422603,0],[-3.57661,40.422992,0],[-3.576447,40.4235,0],[-3.576364,40.423688,0],[-3.576278,40.423893,0],[-3.576147,40.424147,0],[-3.575798,40.42471,0],[-3.575254,40.425574,0],[-3.577483,40.426013,0],[-3.577653,40.426042,0],[-3.577719,40.425887,0],[-3.577819,40.42569,0],[-3.577953,40.425468,0],[-3.578112,40.425254,0],[-3.578341,40.424987,0],[-3.578682,40.424606,0],[-3.579414,40.423767,0],[-3.579748,40.423312,0],[-3.580296,40.422529,0],[-3.580732,40.421901,0],[-3.581162,40.421276,0],[-3.581599,40.420639,0],[-3.581706,40.420463,0],[-3.581919,40.420097,0],[-3.582181,40.419632,0],[-3.582553,40.418955,0],[-3.582649,40.418775,0],[-3.582729,40.418593,0],[-3.58279,40.418426,0],[-3.58284,40.41827,0],[-3.582877,40.418123,0],[-3.582901,40.418008,0],[-3.582922,40.41785,0],[-3.582938,40.417712,0],[-3.582947,40.417565,0],[-3.582966,40.417069,0],[-3.582983,40.416573,0],[-3.582992,40.416431,0],[-3.583007,40.416275,0],[-3.583028,40.416136,0],[-3.583051,40.416027,0],[-3.583089,40.415906,0],[-3.58313,40.415787,0],[-3.583196,40.415627,0],[-3.583327,40.415378,0],[-3.583462,40.415137,0],[-3.583614,40.41488,0],[-3.583781,40.414604,0],[-3.584003,40.414259,0],[-3.584185,40.414014,0],[-3.584449,40.413691,0],[-3.585029,40.413037,0],[-3.586226,40.41167,0],[-3.587085,40.410693,0],[-3.588,40.409637,0],[-3.58818,40.409387,0],[-3.588306,40.409178,0],[-3.58842,40.408919,0],[-3.588619,40.408432,0],[-3.589506,40.408742,0],[-3.591301,40.409322,0],[-3.592331,40.409626,0],[-3.593485,40.409955,0],[-3.594885,40.410322,0],[-3.595858,40.410559,0],[-3.598182,40.411063,0],[-3.599609,40.411331,0],[-3.601931,40.411727,0],[-3.603422,40.411937,0],[-3.605845,40.412262,0],[-3.606688,40.412383,0],[-3.607311,40.412484,0],[-3.607938,40.412604,0],[-3.608493,40.412723,0],[-3.61029,40.413161,0],[-3.610801,40.417945,0],[-3.613911,40.416934,0],[-3.617448,40.415539,0],[-3.61773,40.415429,0],[-3.617954,40.415344,0],[-3.618037,40.415304,0],[-3.618158,40.415242,0],[-3.618227,40.415198,0],[-3.618399,40.415102,0],[-3.618579,40.415,0],[-3.618751,40.414876,0],[-3.619004,40.414677,0],[-3.619493,40.414246,0],[-3.619685,40.414037,0],[-3.619754,40.413954,0],[-3.619812,40.413884,0],[-3.619894,40.413777,0],[-3.619976,40.413669,0],[-3.620049,40.413561,0],[-3.620091,40.413502,0],[-3.620125,40.413454,0],[-3.620198,40.41334,0],[-3.620362,40.413083,0],[-3.623933,40.406212,0],[-3.623951,40.406178,0],[-3.623938,40.406177,0],[-3.620573,40.405876,0],[-3.619573,40.405781,0],[-3.618663,40.405681,0],[-3.617915,40.405648,0],[-3.617041,40.405612,0],[-3.617146,40.405286,0],[-3.617179,40.404975,0],[-3.617151,40.404546,0],[-3.617076,40.404194,0],[-3.616996,40.403952,0],[-3.616825,40.403536,0],[-3.616539,40.402985,0],[-3.615874,40.402961,0],[-3.615359,40.402922,0],[-3.614922,40.402829,0],[-3.614484,40.40268,0],[-3.613656,40.402415,0],[-3.6123,40.402033,0],[-3.611838,40.401866,0],[-3.608866,40.400638,0],[-3.607875,40.400222,0],[-3.607197,40.399956,0],[-3.606672,40.399781,0],[-3.606649,40.399817,0],[-3.60651,40.400198,0],[-3.606318,40.400659,0],[-3.605919,40.400549,0],[-3.605072,40.400352,0],[-3.604997,40.400344,0],[-3.604643,40.400337,0],[-3.604388,40.400333,0],[-3.604179,40.400326,0],[-3.603875,40.400333,0],[-3.603664,40.400334,0],[-3.603409,40.400338,0],[-3.603199,40.400339,0],[-3.603002,40.400331,0],[-3.602752,40.400287,0],[-3.602116,40.400207,0],[-3.601846,40.400154,0],[-3.601728,40.400226,0],[-3.600803,40.401537,0],[-3.600703,40.401664,0],[-3.601171,40.401908,0],[-3.601514,40.402084,0],[-3.601827,40.40224,0],[-3.602287,40.402476,0],[-3.602457,40.402573,0],[-3.602536,40.402679,0],[-3.602526,40.402722,0],[-3.602489,40.402779,0],[-3.60244,40.402806,0],[-3.602376,40.402829,0],[-3.602091,40.402799,0],[-3.601718,40.402729,0],[-3.601365,40.402708,0],[-3.600712,40.402765,0],[-3.600315,40.402768,0],[-3.59979,40.402426,0],[-3.599391,40.402727,0],[-3.598951,40.403065,0],[-3.598612,40.403379,0],[-3.598364,40.403643,0],[-3.597639,40.404633,0],[-3.596181,40.404055,0],[-3.59539,40.403723,0],[-3.59493,40.403499,0],[-3.594612,40.403254,0],[-3.594226,40.402888,0],[-3.593609,40.402315,0],[-3.59386,40.402166,0],[-3.59408,40.402012,0],[-3.594568,40.401712,0],[-3.594861,40.401532,0],[-3.595096,40.401388,0],[-3.595962,40.400858,0],[-3.596469,40.400539,0],[-3.597033,40.400184,0],[-3.59761,40.399873,0],[-3.598087,40.399594,0],[-3.5985,40.399335,0],[-3.598922,40.399076,0],[-3.599414,40.39876,0],[-3.599916,40.398474,0],[-3.600461,40.39815,0],[-3.601351,40.397593,0],[-3.601931,40.397197,0],[-3.602319,40.396897,0],[-3.602741,40.396554,0],[-3.603084,40.39622,0],[-3.603304,40.395996,0],[-3.603603,40.395654,0],[-3.603959,40.395188,0],[-3.604159,40.394888,0],[-3.604335,40.394622,0],[-3.604561,40.394278,0],[-3.605107,40.393296,0],[-3.605413,40.392699,0],[-3.605529,40.392552,0],[-3.605558,40.392514,0],[-3.605561,40.392507,0],[-3.605736,40.392079,0],[-3.606466,40.390658,0],[-3.606939,40.389754,0],[-3.607335,40.38913,0],[-3.607767,40.388526,0],[-3.608398,40.387781,0],[-3.608586,40.387546,0],[-3.608109,40.387305,0],[-3.607613,40.387021,0],[-3.607054,40.386662,0],[-3.606481,40.386251,0],[-3.606356,40.38634,0],[-3.606159,40.386435,0],[-3.605986,40.386494,0],[-3.605869,40.386513,0],[-3.605761,40.386497,0],[-3.605652,40.386433,0],[-3.605557,40.386249,0],[-3.60526,40.385974,0],[-3.604137,40.386628,0],[-3.603911,40.386664,0],[-3.603741,40.386665,0],[-3.603482,40.386657,0],[-3.603029,40.38653,0],[-3.60287,40.386453,0],[-3.602336,40.386197,0],[-3.60171,40.385578,0],[-3.601367,40.385122,0],[-3.601058,40.384649,0],[-3.600861,40.384157,0],[-3.600825,40.383924,0],[-3.601128,40.383404,0],[-3.601155,40.383128,0],[-3.601042,40.382878,0],[-3.600834,40.382667,0],[-3.600552,40.382525,0],[-3.600138,40.382398,0],[-3.599575,40.382358,0],[-3.5995,40.382329,0],[-3.597809,40.379658,0],[-3.598595,40.379168,0],[-3.598758,40.379061,0],[-3.598917,40.378941,0],[-3.599011,40.378852,0],[-3.599093,40.378759,0],[-3.599176,40.378644,0],[-3.599256,40.378506,0],[-3.599326,40.378363,0],[-3.599415,40.378173,0],[-3.599518,40.377921,0],[-3.599677,40.377614,0],[-3.599976,40.377233,0],[-3.600159,40.377057,0],[-3.600319,40.376938,0],[-3.600512,40.376813,0],[-3.600701,40.376712,0],[-3.600215,40.375821,0],[-3.600012,40.375525,0],[-3.599778,40.375231,0],[-3.599517,40.374956,0],[-3.599241,40.374719,0],[-3.599023,40.374556,0],[-3.598831,40.374428,0],[-3.598667,40.374323,0],[-3.598403,40.374168,0],[-3.597419,40.373676,0],[-3.595657,40.37283,0],[-3.592251,40.37119,0],[-3.590753,40.370472,0],[-3.589391,40.369842,0],[-3.587723,40.369006,0],[-3.58594,40.368069,0],[-3.585593,40.367896,0],[-3.585251,40.367755,0],[-3.584893,40.367612,0],[-3.584322,40.367458,0],[-3.583802,40.367362,0],[-3.583321,40.367311,0],[-3.582514,40.367268,0],[-3.581595,40.36724,0],[-3.58011,40.367176,0],[-3.579652,40.367143,0],[-3.579295,40.367094,0],[-3.578926,40.367028,0],[-3.578554,40.366938,0],[-3.57827,40.366848,0],[-3.577952,40.366724,0],[-3.577679,40.36661,0],[-3.577412,40.36648,0],[-3.577017,40.366255,0],[-3.576752,40.36609,0],[-3.576228,40.365739,0],[-3.57414,40.364336,0],[-3.570421,40.361831,0],[-3.570171,40.361678,0],[-3.569806,40.361496,0],[-3.569347,40.361297,0],[-3.568826,40.361104,0],[-3.568091,40.360832,0],[-3.56741,40.360601,0],[-3.566696,40.360397,0],[-3.566125,40.360266,0],[-3.564948,40.360014,0],[-3.563108,40.359622,0],[-3.56143,40.359221,0],[-3.559931,40.358828,0],[-3.557262,40.358062,0],[-3.556403,40.357799,0],[-3.555863,40.357603,0],[-3.555587,40.357488,0],[-3.555272,40.357345,0],[-3.554902,40.357124,0],[-3.554598,40.356921,0],[-3.554266,40.356659,0],[-3.554001,40.35642,0],[-3.553707,40.356095,0],[-3.553482,40.355789,0],[-3.553293,40.356014,0],[-3.552907,40.357681,0],[-3.552855,40.360032,0],[-3.552801,40.36128,0],[-3.552914,40.36149,0],[-3.553121,40.361327,0],[-3.553336,40.361158,0],[-3.553879,40.360719,0],[-3.554329,40.360363,0],[-3.555256,40.359645,0],[-3.555332,40.359579,0],[-3.555419,40.35951,0],[-3.555502,40.359432,0],[-3.555578,40.359535,0],[-3.555632,40.359645,0],[-3.555686,40.359746,0],[-3.555718,40.359839,0],[-3.555728,40.359913,0],[-3.555753,40.360014,0],[-3.555758,40.36009,0],[-3.555768,40.360173,0],[-3.555765,40.36023,0],[-3.555782,40.36032,0],[-3.555778,40.360438,0],[-3.555786,40.360532,0],[-3.555771,40.36063,0],[-3.555808,40.360775,0],[-3.555847,40.360968,0],[-3.555864,40.361032,0],[-3.555866,40.361063,0],[-3.555914,40.361181,0],[-3.555915,40.361207,0],[-3.555917,40.361234,0],[-3.555925,40.361283,0],[-3.555938,40.361339,0],[-3.556005,40.361421,0],[-3.556058,40.361552,0],[-3.556068,40.361638,0],[-3.55608,40.361858,0],[-3.556083,40.36197,0],[-3.556074,40.36209,0],[-3.556048,40.362195,0],[-3.556047,40.362246,0],[-3.55604,40.362303,0],[-3.555969,40.362428,0],[-3.555854,40.362717,0],[-3.555763,40.362868,0],[-3.55569,40.362971,0],[-3.555644,40.363118,0],[-3.555604,40.363355,0],[-3.555596,40.363453,0],[-3.555599,40.363552,0],[-3.555612,40.363687,0],[-3.555616,40.36374,0],[-3.555618,40.363762,0]]]},"properties":{"name":"CASCO HISTÓRICO DE VICÁLVARO","description":"","styleUrl":"#poly-FFD600-1200-76","fill-opacity":0.2980392156862745,"fill":"#ffd600","stroke-opacity":1,"stroke":"#ffd600","stroke-width":1.2,"OBJECTID":"261","CODDIS":"19","NOMDIS":"Vicálvaro","COD_BAR":"191","NOMBRE":"Casco histórico de Vicálvaro","Shape_Leng":"31101.74739896","COD_DIS_TX":"19","BARRIO_MAY":"CASCO HISTORICO DE VICALVARO","COD_DISBAR":"191","NUM_BAR":"1","BARRIO_MT":"CASCO HISTÓRICO DE VICÁLVARO","COD_DISB":"19-1","Shape_STAr":"21494220.3233","Shape_STLe":"31101.747399","id":"191","shape_name":"Casco histórico de Vicálvaro","s_var_popdensity":"-1.39194928997421","s_var_carsxperson":"-0.584653955250359","comp_score":"-0.0822071657883409","comp_score_n":"-0.0822071657883409"}},{"type":"Feature","geometry":{"type":"Polygon","coordinates":[[[-3.542698,40.393105,0],[-3.542462,40.393121,0],[-3.539889,40.392253,0],[-3.537341,40.391314,0],[-3.532861,40.39169,0],[-3.532085,40.391424,0],[-3.529151,40.389385,0],[-3.526891,40.389795,0],[-3.524342,40.390842,0],[-3.522589,40.391865,0],[-3.520407,40.392102,0],[-3.520317,40.393777,0],[-3.519618,40.397736,0],[-3.519598,40.397853,0],[-3.519497,40.397843,0],[-3.519495,40.397867,0],[-3.519493,40.3979,0],[-3.519486,40.397941,0],[-3.519475,40.397983,0],[-3.51946,40.398038,0],[-3.519444,40.398088,0],[-3.519424,40.398148,0],[-3.519399,40.398206,0],[-3.519376,40.398264,0],[-3.519334,40.398355,0],[-3.519304,40.398431,0],[-3.519263,40.398521,0],[-3.519224,40.398604,0],[-3.519185,40.398687,0],[-3.519125,40.398822,0],[-3.519055,40.398972,0],[-3.51902,40.399049,0],[-3.518923,40.399263,0],[-3.518822,40.399478,0],[-3.518765,40.399593,0],[-3.518712,40.399711,0],[-3.51867,40.399823,0],[-3.518649,40.399878,0],[-3.518613,40.399971,0],[-3.51856,40.400111,0],[-3.518507,40.400293,0],[-3.51847,40.400434,0],[-3.518425,40.400594,0],[-3.518382,40.400752,0],[-3.51834,40.400926,0],[-3.518283,40.401131,0],[-3.518233,40.401329,0],[-3.518204,40.401478,0],[-3.51818,40.401619,0],[-3.518158,40.401749,0],[-3.51815,40.401844,0],[-3.518131,40.401959,0],[-3.518126,40.402048,0],[-3.518126,40.40214,0],[-3.518129,40.40225,0],[-3.518137,40.402396,0],[-3.51814,40.402502,0],[-3.518143,40.402599,0],[-3.518152,40.402717,0],[-3.518157,40.402826,0],[-3.518173,40.402932,0],[-3.518183,40.403032,0],[-3.518203,40.403128,0],[-3.518253,40.403282,0],[-3.518301,40.403409,0],[-3.51836,40.403525,0],[-3.518428,40.403655,0],[-3.5185,40.403757,0],[-3.518606,40.403935,0],[-3.518702,40.404071,0],[-3.51878,40.404204,0],[-3.518845,40.404338,0],[-3.518902,40.404457,0],[-3.518942,40.404549,0],[-3.518988,40.404677,0],[-3.519029,40.404811,0],[-3.519063,40.404948,0],[-3.519125,40.405212,0],[-3.519154,40.405377,0],[-3.519172,40.40554,0],[-3.519211,40.405771,0],[-3.519234,40.405973,0],[-3.519261,40.406156,0],[-3.51928,40.406371,0],[-3.519285,40.406519,0],[-3.519288,40.406636,0],[-3.5193,40.406754,0],[-3.519301,40.406879,0],[-3.519302,40.406995,0],[-3.519296,40.407123,0],[-3.519293,40.407245,0],[-3.519288,40.407475,0],[-3.519258,40.407782,0],[-3.519236,40.407997,0],[-3.519208,40.408187,0],[-3.51919,40.408334,0],[-3.519171,40.408476,0],[-3.519153,40.408601,0],[-3.519147,40.408715,0],[-3.519157,40.408775,0],[-3.519168,40.408834,0],[-3.519181,40.408885,0],[-3.519203,40.408939,0],[-3.519225,40.408982,0],[-3.519271,40.409073,0],[-3.51932,40.409139,0],[-3.51939,40.409229,0],[-3.51944,40.409296,0],[-3.519518,40.409401,0],[-3.519707,40.409653,0],[-3.51983,40.409824,0],[-3.519909,40.409926,0],[-3.519913,40.40993,0],[-3.519779,40.409983,0],[-3.520212,40.410542,0],[-3.520304,40.410693,0],[-3.520375,40.410835,0],[-3.520585,40.411418,0],[-3.520642,40.411557,0],[-3.520702,40.411682,0],[-3.520757,40.411781,0],[-3.520787,40.411832,0],[-3.520827,40.411892,0],[-3.520898,40.411988,0],[-3.521107,40.412285,0],[-3.521493,40.412818,0],[-3.521693,40.413107,0],[-3.52186,40.413327,0],[-3.521965,40.41346,0],[-3.52211,40.413648,0],[-3.522245,40.413819,0],[-3.522383,40.413935,0],[-3.522439,40.413993,0],[-3.52249,40.414038,0],[-3.522564,40.414091,0],[-3.522638,40.414139,0],[-3.522836,40.414265,0],[-3.523181,40.414483,0],[-3.523608,40.414755,0],[-3.523864,40.414907,0],[-3.524019,40.415006,0],[-3.524214,40.415128,0],[-3.524375,40.41524,0],[-3.524443,40.415287,0],[-3.524496,40.415336,0],[-3.524542,40.415385,0],[-3.524577,40.415424,0],[-3.524625,40.415487,0],[-3.524688,40.415578,0],[-3.524827,40.415831,0],[-3.5249,40.41597,0],[-3.524938,40.416042,0],[-3.524981,40.416118,0],[-3.525023,40.416177,0],[-3.525061,40.416228,0],[-3.525138,40.416303,0],[-3.525184,40.416342,0],[-3.525255,40.416382,0],[-3.525299,40.416406,0],[-3.525354,40.416435,0],[-3.525394,40.416454,0],[-3.525447,40.416483,0],[-3.525518,40.416517,0],[-3.525644,40.416578,0],[-3.525831,40.41669,0],[-3.526053,40.416796,0],[-3.526354,40.416943,0],[-3.526554,40.417061,0],[-3.52702,40.417307,0],[-3.527613,40.417647,0],[-3.52804,40.417924,0],[-3.528708,40.418372,0],[-3.529291,40.418777,0],[-3.529896,40.419191,0],[-3.530416,40.419553,0],[-3.53119,40.420084,0],[-3.530226,40.414715,0],[-3.530408,40.414707,0],[-3.530508,40.414692,0],[-3.530732,40.41464,0],[-3.53092,40.414578,0],[-3.531133,40.414488,0],[-3.531339,40.414404,0],[-3.531497,40.414348,0],[-3.531576,40.414324,0],[-3.531655,40.414299,0],[-3.531864,40.414245,0],[-3.532038,40.414208,0],[-3.532348,40.414157,0],[-3.532551,40.414133,0],[-3.532803,40.414114,0],[-3.532998,40.414106,0],[-3.533278,40.414107,0],[-3.533409,40.414117,0],[-3.533708,40.414145,0],[-3.533991,40.41418,0],[-3.534293,40.414227,0],[-3.534584,40.41428,0],[-3.534842,40.414335,0],[-3.535167,40.414415,0],[-3.535629,40.413151,0],[-3.53563,40.413151,0],[-3.535782,40.413121,0],[-3.535932,40.413067,0],[-3.536016,40.41301,0],[-3.536124,40.412909,0],[-3.536159,40.412858,0],[-3.53621,40.412741,0],[-3.536225,40.412653,0],[-3.536213,40.412518,0],[-3.536319,40.412542,0],[-3.536471,40.412569,0],[-3.536652,40.412586,0],[-3.536804,40.412598,0],[-3.536881,40.412596,0],[-3.537194,40.412579,0],[-3.537281,40.412568,0],[-3.537421,40.412531,0],[-3.537573,40.412474,0],[-3.537778,40.41236,0],[-3.53785,40.412279,0],[-3.537876,40.41224,0],[-3.537896,40.41217,0],[-3.537867,40.411876,0],[-3.537874,40.411823,0],[-3.537904,40.411742,0],[-3.537982,40.411644,0],[-3.53829,40.411427,0],[-3.538505,40.411423,0],[-3.538701,40.411445,0],[-3.539013,40.41153,0],[-3.539086,40.411541,0],[-3.539357,40.411607,0],[-3.539514,40.41163,0],[-3.539625,40.411614,0],[-3.539666,40.411592,0],[-3.539682,40.411557,0],[-3.539712,40.411516,0],[-3.539735,40.411467,0],[-3.539761,40.41142,0],[-3.539769,40.411387,0],[-3.539737,40.411165,0],[-3.539732,40.411101,0],[-3.539728,40.410892,0],[-3.53973,40.410668,0],[-3.539768,40.410492,0],[-3.539922,40.410547,0],[-3.540003,40.410576,0],[-3.540014,40.410579,0],[-3.540152,40.410611,0],[-3.540194,40.410621,0],[-3.540261,40.41063,0],[-3.540266,40.410631,0],[-3.540276,40.410632,0],[-3.54043,40.410652,0],[-3.540482,40.410654,0],[-3.540555,40.410655,0],[-3.54061,40.410657,0],[-3.540789,40.410666,0],[-3.540933,40.410675,0],[-3.54096,40.410679,0],[-3.540998,40.410685,0],[-3.541094,40.410699,0],[-3.541274,40.410718,0],[-3.541319,40.410731,0],[-3.541382,40.41075,0],[-3.541428,40.410763,0],[-3.541486,40.410786,0],[-3.541543,40.410809,0],[-3.541657,40.410854,0],[-3.541959,40.41094,0],[-3.542068,40.410969,0],[-3.542207,40.411004,0],[-3.542285,40.411025,0],[-3.54247,40.41105,0],[-3.542695,40.411113,0],[-3.543179,40.411248,0],[-3.543282,40.411259,0],[-3.543297,40.411261,0],[-3.543331,40.411264,0],[-3.543451,40.411301,0],[-3.543483,40.411311,0],[-3.543657,40.411332,0],[-3.543688,40.411333,0],[-3.543767,40.411336,0],[-3.543837,40.411339,0],[-3.544,40.411347,0],[-3.544017,40.411348,0],[-3.544142,40.411352,0],[-3.544219,40.411355,0],[-3.544364,40.411357,0],[-3.544393,40.411358,0],[-3.544409,40.411358,0],[-3.54448,40.411374,0],[-3.544493,40.411376,0],[-3.544544,40.411387,0],[-3.544563,40.411392,0],[-3.544587,40.411398,0],[-3.544828,40.411461,0],[-3.544852,40.411462,0],[-3.544856,40.411463,0],[-3.544859,40.411463,0],[-3.54495,40.411439,0],[-3.545112,40.411473,0],[-3.549284,40.412324,0],[-3.549459,40.412248,0],[-3.549657,40.412164,0],[-3.549792,40.41211,0],[-3.549963,40.412051,0],[-3.550098,40.412012,0],[-3.550218,40.411983,0],[-3.550403,40.411951,0],[-3.550591,40.411925,0],[-3.550792,40.411902,0],[-3.551095,40.411882,0],[-3.551417,40.411874,0],[-3.551695,40.411867,0],[-3.55187,40.411859,0],[-3.552041,40.411842,0],[-3.552299,40.411811,0],[-3.552365,40.411804,0],[-3.552775,40.411789,0],[-3.552955,40.411779,0],[-3.553058,40.411766,0],[-3.553403,40.411688,0],[-3.553537,40.411743,0],[-3.553704,40.411798,0],[-3.55386,40.41184,0],[-3.554202,40.411904,0],[-3.554425,40.411939,0],[-3.554932,40.411999,0],[-3.555268,40.412048,0],[-3.555695,40.412131,0],[-3.556297,40.412283,0],[-3.556602,40.412372,0],[-3.556937,40.412496,0],[-3.557197,40.41261,0],[-3.557801,40.412868,0],[-3.558274,40.413026,0],[-3.558868,40.413157,0],[-3.559455,40.413221,0],[-3.560175,40.413275,0],[-3.560825,40.413326,0],[-3.56119,40.413357,0],[-3.561512,40.413378,0],[-3.561802,40.413381,0],[-3.56215,40.413371,0],[-3.562439,40.413365,0],[-3.562607,40.413369,0],[-3.562815,40.413385,0],[-3.563416,40.413447,0],[-3.563938,40.413507,0],[-3.564085,40.413518,0],[-3.564309,40.413527,0],[-3.564584,40.41353,0],[-3.564788,40.413525,0],[-3.565036,40.413487,0],[-3.565379,40.413442,0],[-3.565691,40.413405,0],[-3.566177,40.413344,0],[-3.566595,40.41328,0],[-3.567125,40.413193,0],[-3.567566,40.41311,0],[-3.567961,40.413029,0],[-3.568477,40.412924,0],[-3.56854,40.41291,0],[-3.568627,40.412886,0],[-3.568715,40.412853,0],[-3.56876,40.412833,0],[-3.568808,40.41281,0],[-3.568861,40.412783,0],[-3.568989,40.412712,0],[-3.569042,40.412684,0],[-3.569085,40.412662,0],[-3.569281,40.412574,0],[-3.569522,40.412462,0],[-3.569639,40.412415,0],[-3.570397,40.412135,0],[-3.570684,40.412041,0],[-3.570778,40.412018,0],[-3.570892,40.412,0],[-3.571004,40.411989,0],[-3.571253,40.411976,0],[-3.571932,40.411945,0],[-3.572242,40.411926,0],[-3.57231,40.411919,0],[-3.572618,40.411877,0],[-3.5729,40.411768,0],[-3.576286,40.413121,0],[-3.585609,40.407293,0],[-3.584443,40.406812,0],[-3.58269,40.406028,0],[-3.581143,40.405302,0],[-3.578974,40.404296,0],[-3.576704,40.403229,0],[-3.574183,40.402041,0],[-3.571693,40.400883,0],[-3.567958,40.399128,0],[-3.566582,40.398492,0],[-3.562696,40.396645,0],[-3.560447,40.395594,0],[-3.559423,40.395101,0],[-3.558208,40.394541,0],[-3.557395,40.394194,0],[-3.556633,40.393907,0],[-3.556061,40.393711,0],[-3.554938,40.393387,0],[-3.554047,40.393193,0],[-3.552685,40.392993,0],[-3.551904,40.392905,0],[-3.550994,40.392848,0],[-3.550133,40.392837,0],[-3.549543,40.392847,0],[-3.548544,40.392913,0],[-3.547755,40.393001,0],[-3.546616,40.393175,0],[-3.545558,40.393394,0],[-3.5438,40.393761,0],[-3.542679,40.394037,0],[-3.54265,40.393858,0],[-3.542615,40.393541,0],[-3.542698,40.393105,0]]]},"properties":{"name":"EL CAÑAVERAL","description":"","styleUrl":"#poly-A52714-1200-76","fill-opacity":0.2980392156862745,"fill":"#a52714","stroke-opacity":1,"stroke":"#a52714","stroke-width":1.2,"OBJECTID":"262","CODDIS":"19","NOMDIS":"Vicálvaro","COD_BAR":"194","NOMBRE":"El Cañaveral","Shape_Leng":"15928.20255864","COD_DIS_TX":"19","BARRIO_MAY":"EL CAÑAVERAL","COD_DISBAR":"194","NUM_BAR":"4","BARRIO_MT":"EL CAÑAVERAL","COD_DISB":"19-4","Shape_STAr":"10574251.7914","Shape_STLe":"15928.2025586","id":"194","shape_name":"El Cañaveral","s_var_popdensity":"-1.4264083498501","s_var_carsxperson":"-2.17855123597201","comp_score":"31.8547465775064","comp_score_n":"31.8547465775064"}},{"type":"Feature","geometry":{"type":"Polygon","coordinates":[[[-3.60466,40.453374,0],[-3.603542,40.454451,0],[-3.600815,40.456868,0],[-3.599808,40.457622,0],[-3.597476,40.458688,0],[-3.594275,40.460105,0],[-3.593257,40.460466,0],[-3.592582,40.460772,0],[-3.59021,40.461824,0],[-3.589654,40.462068,0],[-3.588413,40.462686,0],[-3.584548,40.465334,0],[-3.583552,40.465991,0],[-3.583154,40.466273,0],[-3.582871,40.46656,0],[-3.582502,40.467059,0],[-3.582252,40.467687,0],[-3.582251,40.46769,0],[-3.583325,40.468128,0],[-3.58389,40.468333,0],[-3.584163,40.468429,0],[-3.584399,40.468482,0],[-3.584742,40.46852,0],[-3.585195,40.46854,0],[-3.585306,40.468545,0],[-3.588757,40.46866,0],[-3.590007,40.468712,0],[-3.59137,40.46876,0],[-3.592338,40.468775,0],[-3.593333,40.468797,0],[-3.594463,40.468833,0],[-3.59657,40.468986,0],[-3.598087,40.469184,0],[-3.599057,40.469344,0],[-3.599639,40.469456,0],[-3.600322,40.46961,0],[-3.601436,40.469864,0],[-3.602637,40.470227,0],[-3.606011,40.471346,0],[-3.606819,40.471568,0],[-3.607358,40.471695,0],[-3.607924,40.471768,0],[-3.608516,40.471833,0],[-3.609161,40.471871,0],[-3.615392,40.472055,0],[-3.616108,40.472079,0],[-3.617459,40.472123,0],[-3.619735,40.472198,0],[-3.620366,40.472229,0],[-3.620713,40.472245,0],[-3.620935,40.472256,0],[-3.621798,40.472298,0],[-3.62292,40.472347,0],[-3.623051,40.472366,0],[-3.623569,40.472442,0],[-3.623645,40.472453,0],[-3.623699,40.472462,0],[-3.624123,40.47253,0],[-3.623989,40.4722,0],[-3.62385,40.471817,0],[-3.624068,40.471553,0],[-3.624133,40.471475,0],[-3.624212,40.471379,0],[-3.624281,40.471274,0],[-3.624367,40.47113,0],[-3.624431,40.471,0],[-3.624497,40.470851,0],[-3.624548,40.470721,0],[-3.624587,40.470599,0],[-3.624624,40.470479,0],[-3.624649,40.470341,0],[-3.624668,40.470232,0],[-3.624675,40.470154,0],[-3.624681,40.470042,0],[-3.624685,40.469918,0],[-3.624682,40.469811,0],[-3.624676,40.469695,0],[-3.624652,40.469546,0],[-3.624628,40.469426,0],[-3.624592,40.469279,0],[-3.62455,40.469156,0],[-3.624502,40.469026,0],[-3.62442,40.468705,0],[-3.627971,40.468482,0],[-3.627686,40.468131,0],[-3.623424,40.462669,0],[-3.622751,40.461846,0],[-3.622174,40.461215,0],[-3.621514,40.460584,0],[-3.620927,40.460142,0],[-3.620251,40.45974,0],[-3.617391,40.458149,0],[-3.613897,40.456154,0],[-3.612337,40.455287,0],[-3.608976,40.45422,0],[-3.607715,40.453884,0],[-3.606628,40.453499,0],[-3.606184,40.453275,0],[-3.605708,40.452977,0],[-3.605435,40.452759,0],[-3.60466,40.453374,0]]]},"properties":{"name":"CORRALEJOS","description":"","styleUrl":"#poly-BDBDBD-1200-76","fill-opacity":0.2980392156862745,"fill":"#bdbdbd","stroke-opacity":1,"stroke":"#bdbdbd","stroke-width":1.2,"OBJECTID":"238","CODDIS":"21","NOMDIS":"Barajas","COD_BAR":"215","NOMBRE":"Corralejos","Shape_Leng":"9654.79943122","COD_DIS_TX":"21","BARRIO_MAY":"CORRALEJOS","COD_DISBAR":"215","NUM_BAR":"5","BARRIO_MT":"CORRALEJOS","COD_DISB":"21-5","Shape_STAr":"4672511.63393","Shape_STLe":"9654.79943122","id":"215","shape_name":"Corralejos","s_var_popdensity":"-1.39363044035397","s_var_carsxperson":"2.70501327557792","comp_score":"-56.0487369431254","comp_score_n":"-56.0487369431254"}},{"type":"Feature","geometry":{"type":"Polygon","coordinates":[[[-3.683246,40.4274649,0],[-3.685306,40.4209963,0],[-3.6820015,40.4197221,0],[-3.6781391,40.4191013,0],[-3.6716589,40.4204736,0],[-3.6706289,40.42361,0],[-3.6712298,40.4271056,0],[-3.683246,40.4274649,0]]]},"properties":{"name":"Polygon 133","description":"","styleUrl":"#poly-BDBDBD-1200-76","fill-opacity":0.2980392156862745,"fill":"#bdbdbd","stroke-opacity":1,"stroke":"#bdbdbd","stroke-width":1.2,"OBJECTID":"","CODDIS":"","NOMDIS":"","COD_BAR":"","NOMBRE":"","Shape_Leng":"","COD_DIS_TX":"","BARRIO_MAY":"","COD_DISBAR":"","NUM_BAR":"","BARRIO_MT":"","COD_DISB":"","Shape_STAr":"","Shape_STLe":"","id":"","shape_name":"","s_var_popdensity":"","s_var_carsxperson":"","comp_score":"","comp_score_n":""}}]}